Workbook

Sheet ORÇAMENTO_EXECUTIVO
A1: ETAPA | B1: VALOR ORÇADO | C1: % | D1: VALOR / m²
A2: GERENCIAMENTO TÉCNICO E ADMINISTRATIVO | B2: =[1]ORÇAMENTO_EXECUTIVO!$F$13 -> #ERROR! | C2: =B2/B$18 -> #ERROR! | D2: =B2/'ORÇAMENTO_EXECUTIVO'!G$2 -> #ERROR! | E2: OK | F2: ÁREA CONSTRUÍDA | G2: 12518.96 | H2: m²
A3: INFRAESTRUTURA | B3: =[1]ORÇAMENTO_EXECUTIVO!$F$110 -> #ERROR! | C3: =B3/B$18 -> #ERROR! | D3: =B3/'ORÇAMENTO_EXECUTIVO'!G$2 -> #ERROR! | E3: OK
A4: SUPRAESTRUTURA | B4: =[1]ORÇAMENTO_EXECUTIVO!$F$154 -> #ERROR! | C4: =B4/B$18 -> #ERROR! | D4: =B4/'ORÇAMENTO_EXECUTIVO'!G$2 -> #ERROR! | E4: OK
A5: ALVENARIA | B5: =[1]ORÇAMENTO_EXECUTIVO!$F$347 -> #ERROR! | C5: =B5/B$18 -> #ERROR! | D5: =B5/'ORÇAMENTO_EXECUTIVO'!G$2 -> #ERROR! | E5: OK | H5: LIBERATO | J5: GRAN TORINO | L5: THOZEN | N5: SAN MARINO | P5: RAVELLO
A6: INSTALAÇÕES ELÉTRICAS, HIDRÁULICAS, GLP E PREVENTIVAS | B6: =[1]ORÇAMENTO_EXECUTIVO!$F$495+[1]ORÇAMENTO_EXECUTIVO!$F$606+[1]ORÇAMENTO_EXECUTIVO!$F$704 -> #ERROR! | C6: =B6/B$18 -> #ERROR! | D6: =B6/'ORÇAMENTO_EXECUTIVO'!G$2 -> #ERROR! | E6: VALIDAÇÃO | G6: AREA FACH | H6: 8692.89 | J6: 7919.86 | L6: 7078.1 | N6: 5064.42
A7: EQUIPAMENTOS E SISTEMAS ESPECIAIS | B7: =[1]ORÇAMENTO_EXECUTIVO!$F$762+[1]ORÇAMENTO_EXECUTIVO!$F$1671 -> #ERROR! | C7: =B7/B$18 -> #ERROR! | D7: =B7/'ORÇAMENTO_EXECUTIVO'!G$2 -> #ERROR! | E7: OK | G7: ARGAMASSADO | H7: 193128.65 | I7: =H7/$H$6 -> 22.216852 | J7: 179830.77 | K7: =J7/$J$6 -> 22.706307 | L7: 184222.97 | M7: =L7/$L$6 -> 26.027178 | N7: 93668 | O7: =N7/$N$6 -> 18.495306
A8: IMPERMEABILIZAÇÃO | B8: =[1]ORÇAMENTO_EXECUTIVO!$F$779 -> #ERROR! | C8: =B8/B$18 -> #ERROR! | D8: =B8/'ORÇAMENTO_EXECUTIVO'!G$2 -> #ERROR! | E8: OK | G8: ACABAMENTOS | H8: 90826.803 | I8: =H8/$H$6 -> 10.448401 | J8: 260753.97 | K8: =J8/$J$6 -> 32.924063 | L8: 432041.61 | M8: =L8/$L$6 -> 61.039207 | N8: 100631.15 | O8: =N8/$N$6 -> 19.870222
A9: REVESTIMENTOS INTERNOS EM PISO E PAREDE | B9: =[1]ORÇAMENTO_EXECUTIVO!$F$903 -> #ERROR! | C9: =B9/B$18 -> #ERROR! | D9: =B9/'ORÇAMENTO_EXECUTIVO'!G$2 -> #ERROR! | E9: OK | G9: MO | H9: 813763.73 | I9: =H9/$H$6 -> 93.612565 | J9: 961385.87 | K9: =J9/$J$6 -> 121.38925 | L9: 970056.14 | M9: =L9/$L$6 -> 137.05036 | N9: 425523.35 | O9: =N9/$N$6 -> 84.022129
A10: REVESTIMENTOS E ACABAMENTOS INTERNOS EM TETO | B10: =[1]ORÇAMENTO_EXECUTIVO!$F$1025 -> #ERROR! | C10: =B10/B$18 -> #ERROR! | D10: =B10/'ORÇAMENTO_EXECUTIVO'!G$2 -> #ERROR! | E10: OK | L10: TEXTURA
A11: ACABAMENTOS EM PISO E PAREDE | B11: =[1]ORÇAMENTO_EXECUTIVO!$F$1098 -> #ERROR! | C11: =B11/B$18 -> #ERROR! | D11: =B11/'ORÇAMENTO_EXECUTIVO'!G$2 -> #ERROR! | E11: OK | G11: AREA | I11: 10520.39 | M11: 10661.12 | O11: 5233.02 | Q11: 13434.29
A12: PINTURA INTERNA | B12: =[1]ORÇAMENTO_EXECUTIVO!$F$1272 -> #ERROR! | C12: =B12/B$18 -> #ERROR! | D12: =B12/'ORÇAMENTO_EXECUTIVO'!G$2 -> #ERROR! | E12: OK | G12: CONCRETO | H12: 2161.52 | I12: =H12/I11 -> 0.20546006 | J12: 2511.5 | K12: =J12/G2 -> 0.20061571 | L12: 3222.12 | M12: =L12/M11 -> 0.30223091 | N12: 1260.01 | O12: =N12/O11 -> 0.24078066 | P12: 3305.65 | Q12: =P12/Q11 -> 0.24606064
A13: ESQUADRIAS, VIDROS E FERRAGENS | B13: =[1]ORÇAMENTO_EXECUTIVO!$F$1463 -> #ERROR! | C13: =B13/B$18 -> #ERROR! | D13: =B13/'ORÇAMENTO_EXECUTIVO'!G$2 -> #ERROR! | E13: OK | G13: AÇO | H13: 171316.9 | I13: =H13/H12 -> 79.257606 | J13: 215788 | K13: =J13/J12 -> 85.919968 | L13: 350367 | M13: =L13/L12 -> 108.73804 | N13: 87519 | O13: =N13/N12 -> 69.458973 | P13: 327766.4 | Q13: =P13/P12 -> 99.153389
A14: COBERTURA | B14: =[1]ORÇAMENTO_EXECUTIVO!$F$1575 -> #ERROR! | C14: =B14/B$18 -> #ERROR! | D14: =B14/'ORÇAMENTO_EXECUTIVO'!G$2 -> #ERROR! | E14: OK | G14: FORMA | H14: 25304.58 | I14: =H14/H12 -> 11.706845 | J14: 26310.1 | K14: =J14/J12 -> 10.475851 | P14: 33585.725 | Q14: =P14/P12 -> 10.160097
A15: REVESTIMENTOS E ACABAMENTOS DE FACHADA | B15: =[1]ORÇAMENTO_EXECUTIVO!$F$1580 -> #ERROR! | C15: =B15/B$18 -> #ERROR! | D15: =B15/'ORÇAMENTO_EXECUTIVO'!G$2 -> #ERROR! | E15: OK
A16: SERVIÇOS COMPLEMENTARES | B16: =[1]ORÇAMENTO_EXECUTIVO!$F$1685-[1]ORÇAMENTO_EXECUTIVO!$F$1696 -> #ERROR! | C16: =B16/B$18 -> #ERROR! | D16: =B16/'ORÇAMENTO_EXECUTIVO'!G$2 -> #ERROR! | E16: OK | G16: ELETRICA | H16: =[2]ORÇAMENTO_EXECUTIVO!$G$418 -> #ERROR! | I16: =H16/$I$11 -> #ERROR! | J16: =[1]ORÇAMENTO_EXECUTIVO!$F$495 -> #ERROR! | K16: =J16/$G$2 -> #ERROR! | L16: =[3]ORÇAMENTO_EXECUTIVO_COMENTADO!$F$303 -> #ERROR! | M16: =L16/$M$11 -> #ERROR! | P16: =[4]ORÇAMENTO_EXECUTIVO_COMENTADO!$F$254 -> #ERROR! | Q16: =P16/$Q$11 -> #ERROR!
A17: IMPREVISTOS E CONTINGENCIAS | B17: =SUM(B2:B16)*0.025 -> #ERROR! | C17: =B17/B$18 -> #ERROR! | D17: =B17/'ORÇAMENTO_EXECUTIVO'!G$2 -> #ERROR! | G17: HIDRAULICA | H17: =[2]ORÇAMENTO_EXECUTIVO!$G$512 -> #ERROR! | I17: =H17/$I$11 -> #ERROR! | J17: =[1]ORÇAMENTO_EXECUTIVO!$F$606 -> #ERROR! | K17: =J17/$G$2 -> #ERROR! | L17: =[3]ORÇAMENTO_EXECUTIVO_COMENTADO!$F$289 -> #ERROR! | M17: =L17/$M$11 -> #ERROR! | P17: =[4]ORÇAMENTO_EXECUTIVO_COMENTADO!$F$238 -> #ERROR! | Q17: =P17/$Q$11 -> #ERROR!
A18: TOTAL | B18: =SUM(B2:B17) -> #ERROR! | C18: =SUM(C2:C17) -> #ERROR! | D18: =SUM(D2:D17) -> #ERROR! | G18: PREVENTIVA | H18: =[2]ORÇAMENTO_EXECUTIVO!$G$602 -> #ERROR! | I18: =H18/$I$11 -> #ERROR! | J18: =[1]ORÇAMENTO_EXECUTIVO!$F$704 -> #ERROR! | K18: =J18/$G$2 -> #ERROR! | L18: =[3]ORÇAMENTO_EXECUTIVO_COMENTADO!$F$330 -> #ERROR! | M18: =L18/$M$11 -> #ERROR! | P18: =[4]ORÇAMENTO_EXECUTIVO_COMENTADO!$F$274+[4]ORÇAMENTO_EXECUTIVO_COMENTADO!$F$286 -> #ERROR! | Q18: =P18/$Q$11 -> #ERROR!
A19: CUB/SC | B19: 2757.56 | C19: 45383 | D19: =+D18/B19 -> #ERROR!
G20: FORMA | H20: =[2]ORÇAMENTO_EXECUTIVO!$G$145+[2]ORÇAMENTO_EXECUTIVO!$G$169+[2]ORÇAMENTO_EXECUTIVO!$G$191+[2]ORÇAMENTO_EXECUTIVO!$G$212+[2]ORÇAMENTO_EXECUTIVO!$G$233+[2]ORÇAMENTO_EXECUTIVO!$G$254+[2]ORÇAMENTO_EXECUTIVO!$G$273+[2]ORÇAMENTO_EXECUTIVO!$G$289 -> #ERROR! | I20: =H20/$I$11 -> #ERROR! | J20: =[1]ORÇAMENTO_EXECUTIVO!$F$165+[1]ORÇAMENTO_EXECUTIVO!$F$187+[1]ORÇAMENTO_EXECUTIVO!$F$211+[1]ORÇAMENTO_EXECUTIVO!$F$233+[1]ORÇAMENTO_EXECUTIVO!$F$255+[1]ORÇAMENTO_EXECUTIVO!$F$276+[1]ORÇAMENTO_EXECUTIVO!$F$297+[1]ORÇAMENTO_EXECUTIVO!$F$318+[1]ORÇAMENTO_EXECUTIVO!$F$338 -> #ERROR! | K20: =J20/$G$2 -> #ERROR! | L20: =[3]ORÇAMENTO_EXECUTIVO_COMENTADO!$F$188+[3]ORÇAMENTO_EXECUTIVO_COMENTADO!$F$217 -> #ERROR! | M20: =L20/$M$11 -> #ERROR! | P20: 689058.07 | Q20: =P20/$Q$11 -> 51.290992
G21: ARMAÇÃO | H21: =[2]ORÇAMENTO_EXECUTIVO!$G$283+[2]ORÇAMENTO_EXECUTIVO!$G$266+[2]ORÇAMENTO_EXECUTIVO!$G$245+[2]ORÇAMENTO_EXECUTIVO!$G$224+[2]ORÇAMENTO_EXECUTIVO!$G$203+[2]ORÇAMENTO_EXECUTIVO!$G$182+[2]ORÇAMENTO_EXECUTIVO!$G$160+[2]ORÇAMENTO_EXECUTIVO!$G$137 -> #ERROR! | I21: =H21/$I$11 -> #ERROR! | J21: =[1]ORÇAMENTO_EXECUTIVO!$F$329+[1]ORÇAMENTO_EXECUTIVO!$F$309+[1]ORÇAMENTO_EXECUTIVO!$F$288+[1]ORÇAMENTO_EXECUTIVO!$F$267+[1]ORÇAMENTO_EXECUTIVO!$F$246+[1]ORÇAMENTO_EXECUTIVO!$F$224+[1]ORÇAMENTO_EXECUTIVO!$F$202+[1]ORÇAMENTO_EXECUTIVO!$F$178+[1]ORÇAMENTO_EXECUTIVO!$F$156 -> #ERROR! | K21: =J21/$G$2 -> #ERROR! | L21: =[3]ORÇAMENTO_EXECUTIVO_COMENTADO!$F$226+[3]ORÇAMENTO_EXECUTIVO_COMENTADO!$F$197 -> #ERROR! | M21: =L21/$M$11 -> #ERROR! | P21: 2489883.9 | Q21: =P21/$Q$11 -> 185.33796
G22: COCNRETO | H22: =[2]ORÇAMENTO_EXECUTIVO!$G$152+[2]ORÇAMENTO_EXECUTIVO!$G$154+[2]ORÇAMENTO_EXECUTIVO!$G$177+[2]ORÇAMENTO_EXECUTIVO!$G$197+[2]ORÇAMENTO_EXECUTIVO!$G$218+[2]ORÇAMENTO_EXECUTIVO!$G$239+[2]ORÇAMENTO_EXECUTIVO!$G$260+[2]ORÇAMENTO_EXECUTIVO!$G$278+[2]ORÇAMENTO_EXECUTIVO!$G$293 -> #ERROR! | I22: =H22/$I$11 -> #ERROR! | J22: =[1]ORÇAMENTO_EXECUTIVO!$F$170+[1]ORÇAMENTO_EXECUTIVO!$F$172+[1]ORÇAMENTO_EXECUTIVO!$F$195+[1]ORÇAMENTO_EXECUTIVO!$F$217+[1]ORÇAMENTO_EXECUTIVO!$F$239+[1]ORÇAMENTO_EXECUTIVO!$F$261+[1]ORÇAMENTO_EXECUTIVO!$F$282+[1]ORÇAMENTO_EXECUTIVO!$F$303+[1]ORÇAMENTO_EXECUTIVO!$F$324+[1]ORÇAMENTO_EXECUTIVO!$F$343 -> #ERROR! | K22: =J22/$G$2 -> #ERROR! | L22: =[3]ORÇAMENTO_EXECUTIVO_COMENTADO!$F$207+[3]ORÇAMENTO_EXECUTIVO_COMENTADO!$F$236 -> #ERROR! | M22: =L22/$M$11 -> #ERROR! | P22: 1972646.6 | Q22: =P22/$Q$11 -> 146.83669
G23: MAO DE OBRA | H23: =[2]ORÇAMENTO_EXECUTIVO!$G$295+[2]ORÇAMENTO_EXECUTIVO!$G$280+[2]ORÇAMENTO_EXECUTIVO!$G$262+[2]ORÇAMENTO_EXECUTIVO!$G$241+[2]ORÇAMENTO_EXECUTIVO!$G$220+[2]ORÇAMENTO_EXECUTIVO!$G$199+[2]ORÇAMENTO_EXECUTIVO!$G$179+[2]ORÇAMENTO_EXECUTIVO!$G$156 -> #ERROR! | I23: =H23/$I$11 -> #ERROR! | J23: =[1]ORÇAMENTO_EXECUTIVO!$F$345+[1]ORÇAMENTO_EXECUTIVO!$F$326+[1]ORÇAMENTO_EXECUTIVO!$F$305+[1]ORÇAMENTO_EXECUTIVO!$F$284+[1]ORÇAMENTO_EXECUTIVO!$F$263+[1]ORÇAMENTO_EXECUTIVO!$F$242+[1]ORÇAMENTO_EXECUTIVO!$F$220+[1]ORÇAMENTO_EXECUTIVO!$F$198+[1]ORÇAMENTO_EXECUTIVO!$F$174 -> #ERROR! | K23: =J23/$G$2 -> #ERROR! | L23: =[3]ORÇAMENTO_EXECUTIVO_COMENTADO!$F$240+[3]ORÇAMENTO_EXECUTIVO_COMENTADO!$F$214 -> #ERROR! | M23: =L23/$M$11 -> #ERROR! | P23: 2830171.1 | Q23: =P23/$Q$11 -> 210.66771
G24: Ccomplementares | L24: =[3]ORÇAMENTO_EXECUTIVO_COMENTADO!$F$209+[3]ORÇAMENTO_EXECUTIVO_COMENTADO!$F$238 -> #ERROR! | M24: =L24/$M$11 -> #ERROR! | P24: 600845.25 | Q24: =P24/$Q$11 -> 44.724749
G27: FACHADA | H27: =H6 -> 8692.89 | J27: =J6 -> 7919.86 | L27: =L6 -> 7078.1 | N27: =N6 -> 5064.42
G28: ESQUADRIAS | H28: 1347.94 | J28: 1521.6 | L28: 1768.6 | N28: 932.582
H29: =H28/H27 -> 0.15506236 | J29: =J28/J27 -> 0.19212461 | L29: =L28/L27 -> 0.24986932 | N29: =N28/N27 -> 0.18414389
G31: MANTA | J31: =[1]ORÇAMENTO_EXECUTIVO!$D$790+[1]ORÇAMENTO_EXECUTIVO!$D$836+[1]ORÇAMENTO_EXECUTIVO!$D$870+[1]ORÇAMENTO_EXECUTIVO!$D$886+[1]ORÇAMENTO_EXECUTIVO!$D$898 -> #ERROR! | K31: =J31/G2 -> #ERROR! | N31: =[5]Sheet1!$K$1904+[5]Sheet1!$K$2018+[5]Sheet1!$K$2080 -> #ERROR! | O31: =N31/O11 -> #ERROR!

Sheet ANÁLISE_CUSTOS
A1: ETAPA | B1: GRAN TORINO | D1: OBRA SIMILAR
B2: VALOR | C2: VALOR / m² | D2: VALOR / m²
A3: ='ORÇAMENTO_EXECUTIVO'!A3 -> INFRAESTRUTURA | B3: ='ORÇAMENTO_EXECUTIVO'!B3 -> #ERROR! | C3: ='ORÇAMENTO_EXECUTIVO'!D3 -> #ERROR! | D3: =FIXED('CÁLCULO_MÉDIAS'!R10,2,FALSE)&" "&"-"&FIXED('CÁLCULO_MÉDIAS'!S10,2,FALSE) -> 140,00 -190,00 | E3: OK
A4: ='ORÇAMENTO_EXECUTIVO'!A4 -> SUPRAESTRUTURA | B4: ='ORÇAMENTO_EXECUTIVO'!B4 -> #ERROR! | C4: ='ORÇAMENTO_EXECUTIVO'!D4 -> #ERROR! | D4: =FIXED('CÁLCULO_MÉDIAS'!R11,2,FALSE)&" "&"-"&FIXED('CÁLCULO_MÉDIAS'!S11,2,FALSE) -> 650,00 -750,00 | E4: OK - indice de concreto e aço relativamente baixo
A5: ='ORÇAMENTO_EXECUTIVO'!A5 -> ALVENARIA | B5: ='ORÇAMENTO_EXECUTIVO'!B5 -> #ERROR! | C5: ='ORÇAMENTO_EXECUTIVO'!D5 -> #ERROR! | D5: =FIXED('CÁLCULO_MÉDIAS'!R12,2,FALSE)&" "&"-"&FIXED('CÁLCULO_MÉDIAS'!S12,2,FALSE) -> 110,00 -150,00 | E5: OK
A6: ='ORÇAMENTO_EXECUTIVO'!A6 -> INSTALAÇÕES ELÉTRICAS, HIDRÁULICAS, GLP E PREVENTIVAS | B6: ='ORÇAMENTO_EXECUTIVO'!B6 -> #ERROR! | C6: ='ORÇAMENTO_EXECUTIVO'!D6 -> #ERROR! | D6: =FIXED('CÁLCULO_MÉDIAS'!R13,2,FALSE)&" "&"-"&FIXED('CÁLCULO_MÉDIAS'!S13,2,FALSE) -> 280,00 -350,00 | E6: OK | F6: habitah com 8 apto por andar | Z6: DIFERENÇAS EM QUNATITATIVOS:
A7: ='ORÇAMENTO_EXECUTIVO'!A7 -> EQUIPAMENTOS E SISTEMAS ESPECIAIS | B7: ='ORÇAMENTO_EXECUTIVO'!B7 -> #ERROR! | C7: ='ORÇAMENTO_EXECUTIVO'!D7 -> #ERROR! | D7: =FIXED('CÁLCULO_MÉDIAS'!R14,2,FALSE)&" "&"-"&FIXED('CÁLCULO_MÉDIAS'!S14,2,FALSE) -> 130,00 -180,00 | E7: OK | Z7: PISOS - AREAS TECNICAS E LAJES APENAS COM CONTRAPISO, SEM REVESTIMENTO
A8: ='ORÇAMENTO_EXECUTIVO'!A8 -> IMPERMEABILIZAÇÃO | B8: ='ORÇAMENTO_EXECUTIVO'!B8 -> #ERROR! | C8: ='ORÇAMENTO_EXECUTIVO'!D8 -> #ERROR! | D8: =FIXED('CÁLCULO_MÉDIAS'!R15,2,FALSE)&" "&"-"&FIXED('CÁLCULO_MÉDIAS'!S15,2,FALSE) -> 30,00 -70,00 | E8: OK
A9: ='ORÇAMENTO_EXECUTIVO'!A9 -> REVESTIMENTOS INTERNOS EM PISO E PAREDE | B9: ='ORÇAMENTO_EXECUTIVO'!B9 -> #ERROR! | C9: ='ORÇAMENTO_EXECUTIVO'!D9 -> #ERROR! | D9: =FIXED('CÁLCULO_MÉDIAS'!R16,2,FALSE)&" "&"-"&FIXED('CÁLCULO_MÉDIAS'!S16,2,FALSE) -> 135,00 -180,00 | E9: OK
A10: ='ORÇAMENTO_EXECUTIVO'!A10 -> REVESTIMENTOS E ACABAMENTOS INTERNOS EM TETO | B10: ='ORÇAMENTO_EXECUTIVO'!B10 -> #ERROR! | C10: ='ORÇAMENTO_EXECUTIVO'!D10 -> #ERROR! | D10: =FIXED('CÁLCULO_MÉDIAS'!R17,2,FALSE)&" "&"-"&FIXED('CÁLCULO_MÉDIAS'!S17,2,FALSE) -> 50,00 -80,00 | E10: OK
A11: ='ORÇAMENTO_EXECUTIVO'!A11 -> ACABAMENTOS EM PISO E PAREDE | B11: ='ORÇAMENTO_EXECUTIVO'!B11 -> #ERROR! | C11: ='ORÇAMENTO_EXECUTIVO'!D11 -> #ERROR! | D11: =FIXED('CÁLCULO_MÉDIAS'!R18,2,FALSE)&" "&"-"&FIXED('CÁLCULO_MÉDIAS'!S18,2,FALSE) -> 140,00 -180,00 | E11: OK - SEM ESPECIAIS DE INTERIORES | F11: san marino era 60x60 60,00/m²
A12: ='ORÇAMENTO_EXECUTIVO'!A12 -> PINTURA INTERNA | B12: ='ORÇAMENTO_EXECUTIVO'!B12 -> #ERROR! | C12: ='ORÇAMENTO_EXECUTIVO'!D12 -> #ERROR! | D12: =FIXED('CÁLCULO_MÉDIAS'!R19,2,FALSE)&" "&"-"&FIXED('CÁLCULO_MÉDIAS'!S19,2,FALSE) -> 130,00 -180,00 | E12: OK
A13: ='ORÇAMENTO_EXECUTIVO'!A13 -> ESQUADRIAS, VIDROS E FERRAGENS | B13: ='ORÇAMENTO_EXECUTIVO'!B13 -> #ERROR! | C13: ='ORÇAMENTO_EXECUTIVO'!D13 -> #ERROR! | D13: =FIXED('CÁLCULO_MÉDIAS'!R20,2,FALSE)&" "&"-"&FIXED('CÁLCULO_MÉDIAS'!S20,2,FALSE) -> 230,00 -280,00 | E13: OK
A14: ='ORÇAMENTO_EXECUTIVO'!A14 -> COBERTURA | B14: ='ORÇAMENTO_EXECUTIVO'!B14 -> #ERROR! | C14: ='ORÇAMENTO_EXECUTIVO'!D14 -> #ERROR! | D14: =FIXED('CÁLCULO_MÉDIAS'!R21,2,FALSE)&" "&"-"&FIXED('CÁLCULO_MÉDIAS'!S21,2,FALSE) -> 5,00 -12,00 | E14: OK - APENAS PERGOLADOS
A15: ='ORÇAMENTO_EXECUTIVO'!A15 -> REVESTIMENTOS E ACABAMENTOS DE FACHADA | B15: ='ORÇAMENTO_EXECUTIVO'!B15 -> #ERROR! | C15: ='ORÇAMENTO_EXECUTIVO'!D15 -> #ERROR! | D15: =FIXED('CÁLCULO_MÉDIAS'!R22,2,FALSE)&" "&"-"&FIXED('CÁLCULO_MÉDIAS'!S22,2,FALSE) -> 100,00 -170,00 | E15: OK - PINTURA (OBRAS SIMILARES COM TEXTURA)
A16: ='ORÇAMENTO_EXECUTIVO'!A16 -> SERVIÇOS COMPLEMENTARES | B16: ='ORÇAMENTO_EXECUTIVO'!B16 -> #ERROR! | C16: ='ORÇAMENTO_EXECUTIVO'!D16 -> #ERROR! | D16: =FIXED('CÁLCULO_MÉDIAS'!R23,2,FALSE)&" "&"-"&FIXED('CÁLCULO_MÉDIAS'!S23,2,FALSE) -> 120,00 -170,00 | E16: OK
A17: TOTAL | B17: =SUM(B3:B16) -> #ERROR! | C17: =SUM(C3:C16) -> #ERROR! | D17: =FIXED('CÁLCULO_MÉDIAS'!R24,2,FALSE)&" "&"-"&FIXED('CÁLCULO_MÉDIAS'!S24,2,FALSE) -> 2.510,00 -3.292,00
A20: CONCRETO | B20: =[1]ORÇAMENTO_EXECUTIVO!$D$171+[1]ORÇAMENTO_EXECUTIVO!$D$196+[1]ORÇAMENTO_EXECUTIVO!$D$218+[1]ORÇAMENTO_EXECUTIVO!$D$240+[1]ORÇAMENTO_EXECUTIVO!$D$262+[1]ORÇAMENTO_EXECUTIVO!$D$283+[1]ORÇAMENTO_EXECUTIVO!$D$304+[1]ORÇAMENTO_EXECUTIVO!$D$325+[1]ORÇAMENTO_EXECUTIVO!$D$344 -> #ERROR! | C20: =B20/'ORÇAMENTO_EXECUTIVO'!G2 -> #ERROR!
A21: AÇO | B21: =SUM([1]ORÇAMENTO_EXECUTIVO!$D$330:$D$337,[1]ORÇAMENTO_EXECUTIVO!$D$310:$D$317,[1]ORÇAMENTO_EXECUTIVO!$D$289:$D$296,[1]ORÇAMENTO_EXECUTIVO!$D$268:$D$275,[1]ORÇAMENTO_EXECUTIVO!$D$247:$D$254,[1]ORÇAMENTO_EXECUTIVO!$D$225:$D$232,[1]ORÇAMENTO_EXECUTIVO!$D$203:$D$210,[1]ORÇAMENTO_EXECUTIVO!$D$179:$D$186,[1]ORÇAMENTO_EXECUTIVO!$D$157:$D$164) -> #ERROR! | C21: =B21/B20 -> #ERROR!
A22: FORMA | B22: =SUM([1]ORÇAMENTO_EXECUTIVO!$D$166:$D$167,[1]ORÇAMENTO_EXECUTIVO!$D$190:$D$192,[1]ORÇAMENTO_EXECUTIVO!$D$194,[1]ORÇAMENTO_EXECUTIVO!$D$212:$D$214,[1]ORÇAMENTO_EXECUTIVO!$D$216,[1]ORÇAMENTO_EXECUTIVO!$D$234:$D$236,[1]ORÇAMENTO_EXECUTIVO!$D$238,[1]ORÇAMENTO_EXECUTIVO!$D$256:$D$258,[1]ORÇAMENTO_EXECUTIVO!$D$260,[1]ORÇAMENTO_EXECUTIVO!$D$277:$D$279,[1]ORÇAMENTO_EXECUTIVO!$D$281,[1]ORÇAMENTO_EXECUTIVO!$D$298:$D$300,[1]ORÇAMENTO_EXECUTIVO!$D$302,[1]ORÇAMENTO_EXECUTIVO!$D$319:$D$320,[1]ORÇAMENTO_EXECUTIVO!$D$322:$D$323,[1]ORÇAMENTO_EXECUTIVO!$D$339:$D$340,[1]ORÇAMENTO_EXECUTIVO!$D$342) -> #ERROR! | C22: =B22/'ORÇAMENTO_EXECUTIVO'!G2 -> #ERROR!

Sheet CONTRUTORA
A1: ETAPA | B1: GRAN TORINO | D1: LIBERATO | E1: SAN MARINO
B2: VALOR | C2: VALOR / m² | D2: VALOR INDEXADO / m² | E2: VALOR INDEXADO / m²
A3: ='ORÇAMENTO_EXECUTIVO'!A3 -> INFRAESTRUTURA | B3: ='ORÇAMENTO_EXECUTIVO'!B3 -> #ERROR! | C3: ='ORÇAMENTO_EXECUTIVO'!D3 -> #ERROR! | D3: ='CÁLCULO_MÉDIAS'!D10 -> 175.92856 | E3: ='CÁLCULO_MÉDIAS'!J10 -> 262.47937
A4: ='ORÇAMENTO_EXECUTIVO'!A4 -> SUPRAESTRUTURA | B4: ='ORÇAMENTO_EXECUTIVO'!B4 -> #ERROR! | C4: ='ORÇAMENTO_EXECUTIVO'!D4 -> #ERROR! | D4: ='CÁLCULO_MÉDIAS'!D11 -> 665.50656 | E4: ='CÁLCULO_MÉDIAS'!J11 -> 664.87475
A5: ='ORÇAMENTO_EXECUTIVO'!A5 -> ALVENARIA | B5: ='ORÇAMENTO_EXECUTIVO'!B5 -> #ERROR! | C5: ='ORÇAMENTO_EXECUTIVO'!D5 -> #ERROR! | D5: ='CÁLCULO_MÉDIAS'!D12 -> 150.00515 | E5: ='CÁLCULO_MÉDIAS'!J12 -> 112.88868
A6: ='ORÇAMENTO_EXECUTIVO'!A6 -> INSTALAÇÕES ELÉTRICAS, HIDRÁULICAS, GLP E PREVENTIVAS | B6: ='ORÇAMENTO_EXECUTIVO'!B6 -> #ERROR! | C6: ='ORÇAMENTO_EXECUTIVO'!D6 -> #ERROR! | D6: ='CÁLCULO_MÉDIAS'!D13 -> 280.45896 | E6: ='CÁLCULO_MÉDIAS'!J13 -> 295.27802 | AA6: DIFERENÇAS EM QUNATITATIVOS:
A7: ='ORÇAMENTO_EXECUTIVO'!A7 -> EQUIPAMENTOS E SISTEMAS ESPECIAIS | B7: ='ORÇAMENTO_EXECUTIVO'!B7 -> #ERROR! | C7: ='ORÇAMENTO_EXECUTIVO'!D7 -> #ERROR! | D7: ='CÁLCULO_MÉDIAS'!D14 -> 157.05137 | E7: ='CÁLCULO_MÉDIAS'!J14 -> 211.11715 | AA7: PISOS - AREAS TECNICAS E LAJES APENAS COM CONTRAPISO, SEM REVESTIMENTO
A8: ='ORÇAMENTO_EXECUTIVO'!A8 -> IMPERMEABILIZAÇÃO | B8: ='ORÇAMENTO_EXECUTIVO'!B8 -> #ERROR! | C8: ='ORÇAMENTO_EXECUTIVO'!D8 -> #ERROR! | D8: ='CÁLCULO_MÉDIAS'!D15 -> 71.486741 | E8: ='CÁLCULO_MÉDIAS'!J15 -> 59.27203
A9: ='ORÇAMENTO_EXECUTIVO'!A9 -> REVESTIMENTOS INTERNOS EM PISO E PAREDE | B9: ='ORÇAMENTO_EXECUTIVO'!B9 -> #ERROR! | C9: ='ORÇAMENTO_EXECUTIVO'!D9 -> #ERROR! | D9: ='CÁLCULO_MÉDIAS'!D16 -> 156.19918 | E9: ='CÁLCULO_MÉDIAS'!J16 -> 138.07381
A10: ='ORÇAMENTO_EXECUTIVO'!A10 -> REVESTIMENTOS E ACABAMENTOS INTERNOS EM TETO | B10: ='ORÇAMENTO_EXECUTIVO'!B10 -> #ERROR! | C10: ='ORÇAMENTO_EXECUTIVO'!D10 -> #ERROR! | D10: ='CÁLCULO_MÉDIAS'!D17 -> 56.217576 | E10: ='CÁLCULO_MÉDIAS'!J17 -> 48.74709
A11: ='ORÇAMENTO_EXECUTIVO'!A11 -> ACABAMENTOS EM PISO E PAREDE | B11: ='ORÇAMENTO_EXECUTIVO'!B11 -> #ERROR! | C11: ='ORÇAMENTO_EXECUTIVO'!D11 -> #ERROR! | D11: ='CÁLCULO_MÉDIAS'!D18 -> 215.39134 | E11: ='CÁLCULO_MÉDIAS'!J18 -> 143.45867
A12: ='ORÇAMENTO_EXECUTIVO'!A12 -> PINTURA INTERNA | B12: ='ORÇAMENTO_EXECUTIVO'!B12 -> #ERROR! | C12: ='ORÇAMENTO_EXECUTIVO'!D12 -> #ERROR! | D12: ='CÁLCULO_MÉDIAS'!D19 -> 128.58052 | E12: ='CÁLCULO_MÉDIAS'!J19 -> 107.00141
A13: ='ORÇAMENTO_EXECUTIVO'!A13 -> ESQUADRIAS, VIDROS E FERRAGENS | B13: ='ORÇAMENTO_EXECUTIVO'!B13 -> #ERROR! | C13: ='ORÇAMENTO_EXECUTIVO'!D13 -> #ERROR! | D13: ='CÁLCULO_MÉDIAS'!D20 -> 249.54403 | E13: ='CÁLCULO_MÉDIAS'!J20 -> 240.52773
A14: ='ORÇAMENTO_EXECUTIVO'!A14 -> COBERTURA | B14: ='ORÇAMENTO_EXECUTIVO'!B14 -> #ERROR! | C14: ='ORÇAMENTO_EXECUTIVO'!D14 -> #ERROR! | D14: ='CÁLCULO_MÉDIAS'!D21 -> 12.962511 | E14: ='CÁLCULO_MÉDIAS'!J21 -> 15.561967
A15: ='ORÇAMENTO_EXECUTIVO'!A15 -> REVESTIMENTOS E ACABAMENTOS DE FACHADA | B15: ='ORÇAMENTO_EXECUTIVO'!B15 -> #ERROR! | C15: ='ORÇAMENTO_EXECUTIVO'!D15 -> #ERROR! | D15: ='CÁLCULO_MÉDIAS'!D22 -> 105.62135 | E15: ='CÁLCULO_MÉDIAS'!J22 -> 162.74365
A16: ='ORÇAMENTO_EXECUTIVO'!A16 -> SERVIÇOS COMPLEMENTARES | B16: ='ORÇAMENTO_EXECUTIVO'!B16 -> #ERROR! | C16: ='ORÇAMENTO_EXECUTIVO'!D16 -> #ERROR! | D16: ='CÁLCULO_MÉDIAS'!D23 -> 119.31647 | E16: ='CÁLCULO_MÉDIAS'!J23 -> 95.626228
A17: TOTAL | B17: =SUM(B3:B16) -> #ERROR! | C17: =SUM(C3:C16) -> #ERROR! | D17: =SUM(D3:D16) -> 2544.2703 | E17: ='CÁLCULO_MÉDIAS'!J24 -> 2823.4665
B21: 2007.57
B22: 2461.35
B23: =B22/B21 -> 1.2260345
C26: 1.1023
A28: 900,00 - 1100 | B28: 900
A29: 25,00 - 30,00 | B29: 25
A30: 15,00 - 22,00 | B30: 15
A31: 150,00 - 200,00 | B31: 150
A32: 440,00 - 510,00 | B32: 440
A33: -
A34: 55,00 - 70,00 | B34: 55
A35: 170,00 - 200,00 | B35: 170
A36: 165,00 - 230,00 | B36: 165
A37: 40,00 - 70,00 | B37: 40
A38: 55,00 - 77,00 | B38: 55
A39: 35,00 - 50,00 | B39: 35
A40: 130,00 - 175,00 | B40: 130
A41: 35,00 - 65,00 | B41: 35
A42: 35,00 - 55,00 | B42: 35
A43: 430,00 - 550,00 | B43: 430
A44: 35,00 - 50,00 | B44: 35
A45: 150,00 - 220,00 | B45: 150

Sheet CÁLCULO_MÉDIAS
C3: DATA BASE | D3: 45047 | E3: DATA BASE | F3: 44774 | G3: DATA BASE | H3: 44866 | I3: DATA BASE | J3: 44256 | K3: DATA BASE | L3: 44958 | M3: DATA BASE | N3: 45047 | O3: DATA BASE | P3: 45261
C4: CUB | D4: 2688.94 | E4: CUB | F4: 2572.55 | G4: CUB | H4: 2633.22 | I4: CUB | J4: 2140.56 | K4: CUB | L4: 2662.47 | M4: CUB | N4: 2688.94 | O4: CUB | P4: 2752.67
C6: LIBERATO | E6: HABITAH | G6: DOM BOSCO | I6: SAN MARINO | K6: DOM | M6: PAESSAGGIO | O6: THOZEN | R6: MÉDIAS
C7: VALOR / M2 | D7: INDEXADO | E7: VALOR / M2 | F7: INDEXADO | G7: VALOR / M2 | H7: INDEXADO | I7: VALOR / M2 | J7: INDEXADO | K7: VALOR / M2 | L7: INDEXADO | M7: VALOR / M2 | N7: INDEXADO | O7: VALOR / M2 | P7: INDEXADO | R7: MÍNIMA | S7: MÁXIMA
B8: GERENCIAMENTO TECNICO E ADMINISTRATIVO | C8: 283.33076 | D8: =('ORÇAMENTO_EXECUTIVO'!$B$19/'CÁLCULO_MÉDIAS'!D$4)*C8 -> 290.56118 | E8: 307.80119 | F8: =('ORÇAMENTO_EXECUTIVO'!$B$19/'CÁLCULO_MÉDIAS'!F$4)*E8 -> 329.93732 | G8: 330.18696 | H8: =('ORÇAMENTO_EXECUTIVO'!$B$19/'CÁLCULO_MÉDIAS'!H$4)*G8 -> 345.77831 | I8: =53.76+152.58 -> 206.34 | J8: =('ORÇAMENTO_EXECUTIVO'!$B$19/'CÁLCULO_MÉDIAS'!J$4)*I8 -> 265.81592 | K8: 425.96974 | L8: =('ORÇAMENTO_EXECUTIVO'!$B$19/'CÁLCULO_MÉDIAS'!L$4)*K8 -> 441.18323 | M8: =306.853550565509+12.39 -> 319.24355 | N8: =('ORÇAMENTO_EXECUTIVO'!$B$19/'CÁLCULO_MÉDIAS'!N$4)*M8 -> 327.39044 | O8: 393.04915 | P8: =('ORÇAMENTO_EXECUTIVO'!$B$19/'CÁLCULO_MÉDIAS'!P$4)*O8 -> 393.74739 | R8: 260 | S8: 350
B9: MOVIMENTAÇÃO DE TERRA | C9: 0 | D9: =('ORÇAMENTO_EXECUTIVO'!$B$19/'CÁLCULO_MÉDIAS'!D$4)*C9 -> 0 | E9: 0 | F9: =('ORÇAMENTO_EXECUTIVO'!$B$19/'CÁLCULO_MÉDIAS'!F$4)*E9 -> 0 | G9: 0 | H9: =('ORÇAMENTO_EXECUTIVO'!$B$19/'CÁLCULO_MÉDIAS'!H$4)*G9 -> 0 | I9: 0 | J9: =('ORÇAMENTO_EXECUTIVO'!$B$19/'CÁLCULO_MÉDIAS'!J$4)*I9 -> 0 | K9: 19.58779 | L9: =('ORÇAMENTO_EXECUTIVO'!$B$19/'CÁLCULO_MÉDIAS'!L$4)*K9 -> 20.287367 | M9: 26.515285 | N9: =('ORÇAMENTO_EXECUTIVO'!$B$19/'CÁLCULO_MÉDIAS'!N$4)*M9 -> 27.191938 | O9: 17.922886 | P9: =('ORÇAMENTO_EXECUTIVO'!$B$19/'CÁLCULO_MÉDIAS'!P$4)*O9 -> 17.954725
B10: INFRAESTRUTURA | C10: 171.5507 | D10: =('ORÇAMENTO_EXECUTIVO'!$B$19/'CÁLCULO_MÉDIAS'!D$4)*C10 -> 175.92856 | E10: 145.26 | F10: =('ORÇAMENTO_EXECUTIVO'!$B$19/'CÁLCULO_MÉDIAS'!F$4)*E10 -> 155.70666 | G10: 138.77425 | H10: =('ORÇAMENTO_EXECUTIVO'!$B$19/'CÁLCULO_MÉDIAS'!H$4)*G10 -> 145.32714 | I10: 203.75 | J10: =('ORÇAMENTO_EXECUTIVO'!$B$19/'CÁLCULO_MÉDIAS'!J$4)*I10 -> 262.47937 | K10: 195.5904 | L10: =('ORÇAMENTO_EXECUTIVO'!$B$19/'CÁLCULO_MÉDIAS'!L$4)*K10 -> 202.5759 | M10: =268.371509227372+41.56 -> 309.93151 | N10: =('ORÇAMENTO_EXECUTIVO'!$B$19/'CÁLCULO_MÉDIAS'!N$4)*M10 -> 317.84076 | O10: 227.46251 | P10: =('ORÇAMENTO_EXECUTIVO'!$B$19/'CÁLCULO_MÉDIAS'!P$4)*O10 -> 227.86658 | R10: 140 | S10: 190
B11: SUPRAESTRUTURA | C11: 648.94588 | D11: =('ORÇAMENTO_EXECUTIVO'!$B$19/'CÁLCULO_MÉDIAS'!D$4)*C11 -> 665.50656 | E11: 684.09 | F11: =('ORÇAMENTO_EXECUTIVO'!$B$19/'CÁLCULO_MÉDIAS'!F$4)*E11 -> 733.28768 | G11: 440.21003 | H11: =('ORÇAMENTO_EXECUTIVO'!$B$19/'CÁLCULO_MÉDIAS'!H$4)*G11 -> 460.99664 | I11: 516.11 | J11: =('ORÇAMENTO_EXECUTIVO'!$B$19/'CÁLCULO_MÉDIAS'!J$4)*I11 -> 664.87475 | K11: 730.88829 | L11: =('ORÇAMENTO_EXECUTIVO'!$B$19/'CÁLCULO_MÉDIAS'!L$4)*K11 -> 756.99193 | M11: =424.075395917568+352.64 -> 776.7154 | N11: =('ORÇAMENTO_EXECUTIVO'!$B$19/'CÁLCULO_MÉDIAS'!N$4)*M11 -> 796.53667 | O11: 753.33241 | P11: =('ORÇAMENTO_EXECUTIVO'!$B$19/'CÁLCULO_MÉDIAS'!P$4)*O11 -> 754.67067 | R11: 650 | S11: 750
B12: ALVENARIA | C12: 146.27237 | D12: =('ORÇAMENTO_EXECUTIVO'!$B$19/'CÁLCULO_MÉDIAS'!D$4)*C12 -> 150.00515 | E12: 102.26703 | F12: =('ORÇAMENTO_EXECUTIVO'!$B$19/'CÁLCULO_MÉDIAS'!F$4)*E12 -> 109.62177 | G12: 119.63619 | H12: =('ORÇAMENTO_EXECUTIVO'!$B$19/'CÁLCULO_MÉDIAS'!H$4)*G12 -> 125.28538 | I12: 87.63 | J12: =('ORÇAMENTO_EXECUTIVO'!$B$19/'CÁLCULO_MÉDIAS'!J$4)*I12 -> 112.88868 | K12: 119.11837 | L12: =('ORÇAMENTO_EXECUTIVO'!$B$19/'CÁLCULO_MÉDIAS'!L$4)*K12 -> 123.37268 | M12: =45.9182137373762+52.78 -> 98.698214 | N12: =('ORÇAMENTO_EXECUTIVO'!$B$19/'CÁLCULO_MÉDIAS'!N$4)*M12 -> 101.21693 | O12: 120.12284 | P12: =('ORÇAMENTO_EXECUTIVO'!$B$19/'CÁLCULO_MÉDIAS'!P$4)*O12 -> 120.33624 | R12: 110 | S12: 150
B13: INSTALAÇÕES ELÉTRICAS, HIDRÁULICAS, GLP E PREVENTIVAS | C13: 273.47993 | D13: =('ORÇAMENTO_EXECUTIVO'!$B$19/'CÁLCULO_MÉDIAS'!D$4)*C13 -> 280.45896 | E13: 395.6489 | F13: =('ORÇAMENTO_EXECUTIVO'!$B$19/'CÁLCULO_MÉDIAS'!F$4)*E13 -> 424.10277 | G13: 241.53845 | H13: =('ORÇAMENTO_EXECUTIVO'!$B$19/'CÁLCULO_MÉDIAS'!H$4)*G13 -> 252.94384 | I13: =115.12+96.69+17.4 -> 229.21 | J13: =('ORÇAMENTO_EXECUTIVO'!$B$19/'CÁLCULO_MÉDIAS'!J$4)*I13 -> 295.27802 | K13: 311.09537 | L13: =('ORÇAMENTO_EXECUTIVO'!$B$19/'CÁLCULO_MÉDIAS'!L$4)*K13 -> 322.20613 | M13: =133.232025739994+119 -> 252.23203 | N13: =('ORÇAMENTO_EXECUTIVO'!$B$19/'CÁLCULO_MÉDIAS'!N$4)*M13 -> 258.66882 | O13: 343.65138 | P13: =('ORÇAMENTO_EXECUTIVO'!$B$19/'CÁLCULO_MÉDIAS'!P$4)*O13 -> 344.26186 | R13: 280 | S13: 350
B14: EQUIPAMENTOS E SISTEMAS ESPECIAIS | C14: 153.14326 | D14: =('ORÇAMENTO_EXECUTIVO'!$B$19/'CÁLCULO_MÉDIAS'!D$4)*C14 -> 157.05137 | E14: 151.23889 | F14: =('ORÇAMENTO_EXECUTIVO'!$B$19/'CÁLCULO_MÉDIAS'!F$4)*E14 -> 162.11553 | G14: 125.58392 | H14: =('ORÇAMENTO_EXECUTIVO'!$B$19/'CÁLCULO_MÉDIAS'!H$4)*G14 -> 131.51396 | I14: =126.98+36.9 -> 163.88 | J14: =('ORÇAMENTO_EXECUTIVO'!$B$19/'CÁLCULO_MÉDIAS'!J$4)*I14 -> 211.11715 | K14: 234.95757 | L14: =('ORÇAMENTO_EXECUTIVO'!$B$19/'CÁLCULO_MÉDIAS'!L$4)*K14 -> 243.34907 | M14: 247.28447 | N14: =('ORÇAMENTO_EXECUTIVO'!$B$19/'CÁLCULO_MÉDIAS'!N$4)*M14 -> 253.59501 | O14: 183.52385 | P14: =('ORÇAMENTO_EXECUTIVO'!$B$19/'CÁLCULO_MÉDIAS'!P$4)*O14 -> 183.84987 | R14: 130 | S14: 180
B15: IMPERMEABILIZAÇÃO | C15: 69.707842 | D15: =('ORÇAMENTO_EXECUTIVO'!$B$19/'CÁLCULO_MÉDIAS'!D$4)*C15 -> 71.486741 | E15: 26.84 | F15: =('ORÇAMENTO_EXECUTIVO'!$B$19/'CÁLCULO_MÉDIAS'!F$4)*E15 -> 28.770251 | G15: 28.96163 | H15: =('ORÇAMENTO_EXECUTIVO'!$B$19/'CÁLCULO_MÉDIAS'!H$4)*G15 -> 30.329191 | I15: 46.01 | J15: =('ORÇAMENTO_EXECUTIVO'!$B$19/'CÁLCULO_MÉDIAS'!J$4)*I15 -> 59.27203 | K15: 40.38554 | L15: =('ORÇAMENTO_EXECUTIVO'!$B$19/'CÁLCULO_MÉDIAS'!L$4)*K15 -> 41.827908 | M15: =21.1585217854063+29.7 -> 50.858522 | N15: =('ORÇAMENTO_EXECUTIVO'!$B$19/'CÁLCULO_MÉDIAS'!N$4)*M15 -> 52.156398 | O15: 53.97562 | P15: =('ORÇAMENTO_EXECUTIVO'!$B$19/'CÁLCULO_MÉDIAS'!P$4)*O15 -> 54.071505 | R15: 30 | S15: 70
B16: REVESTIMENTOS INTERNOS EM PISO E PAREDE | C16: 152.31227 | D16: =('ORÇAMENTO_EXECUTIVO'!$B$19/'CÁLCULO_MÉDIAS'!D$4)*C16 -> 156.19918 | E16: 143.04 | F16: =('ORÇAMENTO_EXECUTIVO'!$B$19/'CÁLCULO_MÉDIAS'!F$4)*E16 -> 153.327 | G16: 234.72587 | H16: =('ORÇAMENTO_EXECUTIVO'!$B$19/'CÁLCULO_MÉDIAS'!H$4)*G16 -> 245.80957 | I16: 107.18 | J16: =('ORÇAMENTO_EXECUTIVO'!$B$19/'CÁLCULO_MÉDIAS'!J$4)*I16 -> 138.07381 | K16: 171.46501 | L16: =('ORÇAMENTO_EXECUTIVO'!$B$19/'CÁLCULO_MÉDIAS'!L$4)*K16 -> 177.58888 | M16: =61.5070901205645+125.46 -> 186.96709 | N16: =('ORÇAMENTO_EXECUTIVO'!$B$19/'CÁLCULO_MÉDIAS'!N$4)*M16 -> 191.73837 | O16: 181.93322 | P16: =('ORÇAMENTO_EXECUTIVO'!$B$19/'CÁLCULO_MÉDIAS'!P$4)*O16 -> 182.25641 | R16: 135 | S16: 180
B17: REVESTIMENTOS E ACABAMENTOS INTERNOS EM TETO | C17: 54.81864 | D17: =('ORÇAMENTO_EXECUTIVO'!$B$19/'CÁLCULO_MÉDIAS'!D$4)*C17 -> 56.217576 | E17: 70.155612 | F17: =('ORÇAMENTO_EXECUTIVO'!$B$19/'CÁLCULO_MÉDIAS'!F$4)*E17 -> 75.200991 | G17: 55.038679 | H17: =('ORÇAMENTO_EXECUTIVO'!$B$19/'CÁLCULO_MÉDIAS'!H$4)*G17 -> 57.637592 | I17: 37.84 | J17: =('ORÇAMENTO_EXECUTIVO'!$B$19/'CÁLCULO_MÉDIAS'!J$4)*I17 -> 48.74709 | K17: 82.252956 | L17: =('ORÇAMENTO_EXECUTIVO'!$B$19/'CÁLCULO_MÉDIAS'!L$4)*K17 -> 85.190617 | M17: =54.2873850783883+15.35 -> 69.637385 | N17: =('ORÇAMENTO_EXECUTIVO'!$B$19/'CÁLCULO_MÉDIAS'!N$4)*M17 -> 71.414486 | O17: 55.010609 | P17: =('ORÇAMENTO_EXECUTIVO'!$B$19/'CÁLCULO_MÉDIAS'!P$4)*O17 -> 55.108333 | R17: 50 | S17: 80
B18: ACABAMENTOS EM PISO E PAREDE | C18: 210.03147 | D18: =('ORÇAMENTO_EXECUTIVO'!$B$19/'CÁLCULO_MÉDIAS'!D$4)*C18 -> 215.39134 | E18: 167.78668 | F18: =('ORÇAMENTO_EXECUTIVO'!$B$19/'CÁLCULO_MÉDIAS'!F$4)*E18 -> 179.85339 | G18: 165.18749 | H18: =('ORÇAMENTO_EXECUTIVO'!$B$19/'CÁLCULO_MÉDIAS'!H$4)*G18 -> 172.9876 | I18: 111.36 | J18: =('ORÇAMENTO_EXECUTIVO'!$B$19/'CÁLCULO_MÉDIAS'!J$4)*I18 -> 143.45867 | K18: 171.08275 | L18: =('ORÇAMENTO_EXECUTIVO'!$B$19/'CÁLCULO_MÉDIAS'!L$4)*K18 -> 177.19296 | M18: =128.113840140444+57.38 -> 185.49384 | N18: =('ORÇAMENTO_EXECUTIVO'!$B$19/'CÁLCULO_MÉDIAS'!N$4)*M18 -> 190.22752 | O18: 148.70479 | P18: =('ORÇAMENTO_EXECUTIVO'!$B$19/'CÁLCULO_MÉDIAS'!P$4)*O18 -> 148.96895 | R18: 140 | S18: 180
B19: PINTURA INTERNA | C19: 125.38088 | D19: =('ORÇAMENTO_EXECUTIVO'!$B$19/'CÁLCULO_MÉDIAS'!D$4)*C19 -> 128.58052 | E19: 81.300168 | F19: =('ORÇAMENTO_EXECUTIVO'!$B$19/'CÁLCULO_MÉDIAS'!F$4)*E19 -> 87.147029 | G19: 110.39979 | H19: =('ORÇAMENTO_EXECUTIVO'!$B$19/'CÁLCULO_MÉDIAS'!H$4)*G19 -> 115.61284 | I19: 83.06 | J19: =('ORÇAMENTO_EXECUTIVO'!$B$19/'CÁLCULO_MÉDIAS'!J$4)*I19 -> 107.00141 | K19: 131.71985 | L19: =('ORÇAMENTO_EXECUTIVO'!$B$19/'CÁLCULO_MÉDIAS'!L$4)*K19 -> 136.42421 | M19: =35.9030401086365+97.72 -> 133.62304 | N19: =('ORÇAMENTO_EXECUTIVO'!$B$19/'CÁLCULO_MÉDIAS'!N$4)*M19 -> 137.03301 | O19: 173.39863 | P19: =('ORÇAMENTO_EXECUTIVO'!$B$19/'CÁLCULO_MÉDIAS'!P$4)*O19 -> 173.70667 | R19: 130 | S19: 180
B20: ESQUADRIAS, VIDROS E FERRAGENS | C20: 243.33429 | D20: =('ORÇAMENTO_EXECUTIVO'!$B$19/'CÁLCULO_MÉDIAS'!D$4)*C20 -> 249.54403 | E20: 186.4553 | F20: =('ORÇAMENTO_EXECUTIVO'!$B$19/'CÁLCULO_MÉDIAS'!F$4)*E20 -> 199.8646 | G20: 147.28733 | H20: =('ORÇAMENTO_EXECUTIVO'!$B$19/'CÁLCULO_MÉDIAS'!H$4)*G20 -> 154.2422 | I20: 186.71 | J20: =('ORÇAMENTO_EXECUTIVO'!$B$19/'CÁLCULO_MÉDIAS'!J$4)*I20 -> 240.52773 | K20: 323.47432 | L20: =('ORÇAMENTO_EXECUTIVO'!$B$19/'CÁLCULO_MÉDIAS'!L$4)*K20 -> 335.02719 | M20: =250.558807445514+9.23 -> 259.78881 | N20: =('ORÇAMENTO_EXECUTIVO'!$B$19/'CÁLCULO_MÉDIAS'!N$4)*M20 -> 266.41845 | O20: 208.12266 | P20: =('ORÇAMENTO_EXECUTIVO'!$B$19/'CÁLCULO_MÉDIAS'!P$4)*O20 -> 208.49238 | R20: 230 | S20: 280
B21: COBERTURA | C21: 12.639948 | D21: =('ORÇAMENTO_EXECUTIVO'!$B$19/'CÁLCULO_MÉDIAS'!D$4)*C21 -> 12.962511 | E21: 8.67 | F21: =('ORÇAMENTO_EXECUTIVO'!$B$19/'CÁLCULO_MÉDIAS'!F$4)*E21 -> 9.2935201 | G21: 0 | H21: =('ORÇAMENTO_EXECUTIVO'!$B$19/'CÁLCULO_MÉDIAS'!H$4)*G21 -> 0 | I21: 12.08 | J21: =('ORÇAMENTO_EXECUTIVO'!$B$19/'CÁLCULO_MÉDIAS'!J$4)*I21 -> 15.561967 | K21: 5.0049675 | L21: =('ORÇAMENTO_EXECUTIVO'!$B$19/'CÁLCULO_MÉDIAS'!L$4)*K21 -> 5.1837197 | M21: =2.57125170509111+1.44 -> 4.0112517 | N21: =('ORÇAMENTO_EXECUTIVO'!$B$19/'CÁLCULO_MÉDIAS'!N$4)*M21 -> 4.1136162 | O21: 13.493415 | P21: =('ORÇAMENTO_EXECUTIVO'!$B$19/'CÁLCULO_MÉDIAS'!P$4)*O21 -> 13.517386 | R21: 5 | S21: 12
B22: REVESTIMENTOS E ACABAMENTOS DE FACHADA | C22: 102.99303 | D22: =('ORÇAMENTO_EXECUTIVO'!$B$19/'CÁLCULO_MÉDIAS'!D$4)*C22 -> 105.62135 | E22: 84.89 | F22: =('ORÇAMENTO_EXECUTIVO'!$B$19/'CÁLCULO_MÉDIAS'!F$4)*E22 -> 90.995032 | G22: 26.873962 | H22: =('ORÇAMENTO_EXECUTIVO'!$B$19/'CÁLCULO_MÉDIAS'!H$4)*G22 -> 28.142944 | I22: 126.33 | J22: =('ORÇAMENTO_EXECUTIVO'!$B$19/'CÁLCULO_MÉDIAS'!J$4)*I22 -> 162.74365 | K22: 165.68145 | L22: =('ORÇAMENTO_EXECUTIVO'!$B$19/'CÁLCULO_MÉDIAS'!L$4)*K22 -> 171.59876 | M22: =150.750039454126+64.44 -> 215.19004 | N22: =('ORÇAMENTO_EXECUTIVO'!$B$19/'CÁLCULO_MÉDIAS'!N$4)*M22 -> 220.68155 | O22: 131.44434 | P22: =('ORÇAMENTO_EXECUTIVO'!$B$19/'CÁLCULO_MÉDIAS'!P$4)*O22 -> 131.67784 | R22: 100 | S22: 170
B23: SERVIÇOS COMPLEMENTARES | C23: 116.34736 | D23: =('ORÇAMENTO_EXECUTIVO'!$B$19/'CÁLCULO_MÉDIAS'!D$4)*C23 -> 119.31647 | E23: 166.87012 | F23: =('ORÇAMENTO_EXECUTIVO'!$B$19/'CÁLCULO_MÉDIAS'!F$4)*E23 -> 178.87091 | G23: 125.12904 | H23: =('ORÇAMENTO_EXECUTIVO'!$B$19/'CÁLCULO_MÉDIAS'!H$4)*G23 -> 131.03761 | I23: 74.23 | J23: =('ORÇAMENTO_EXECUTIVO'!$B$19/'CÁLCULO_MÉDIAS'!J$4)*I23 -> 95.626228 | K23: 142.84172 | L23: =('ORÇAMENTO_EXECUTIVO'!$B$19/'CÁLCULO_MÉDIAS'!L$4)*K23 -> 147.9433 | M23: =154.053109535665+12.4 -> 166.45311 | N23: =('ORÇAMENTO_EXECUTIVO'!$B$19/'CÁLCULO_MÉDIAS'!N$4)*M23 -> 170.70088 | O23: 120.6576 | P23: =('ORÇAMENTO_EXECUTIVO'!$B$19/'CÁLCULO_MÉDIAS'!P$4)*O23 -> 120.87194 | R23: 120 | S23: 170
B24: TOTAL | C24: =SUM(C8:C23) -> 2764.2886 | D24: =SUM(D8:D23) -> 2834.8315 | E24: =SUM(E8:E23) -> 2722.3139 | F24: =SUM(F8:F23) -> 2918.0945 | G24: =SUM(G8:G23) -> 2289.5336 | H24: =SUM(H8:H23) -> 2397.6448 | I24: =SUM(I8:I23) -> 2191.72 | J24: =SUM(J8:J23) -> 2823.4665 | ... P24: =SUM(P8:P23) -> 3131.3588 | R24: =SUM(R8:R23) -> 2510 | S24: =SUM(S8:S23) -> 3292
I26: =I24/J4 -> 1.0239003

Sheet AREAS_PRIVATIVAS
A1: ETAPA | B1: VALOR ORÇADO | C1: % | D1: VALOR / m²
A2: GERENCIAMENTO TÉCNICO E ADMINISTRATIVO | B2: =#REF! -> #REF! | C2: =B2/B$18 -> #REF! | D2: =B2/AREAS_PRIVATIVAS!G$2 -> #REF! | F2: ÁREA PRIVATIVA | G2: 5401.56 | H2: m²
A3: INFRAESTRUTURA | B3: =#REF! -> #REF! | C3: =B3/B$18 -> #REF! | D3: =B3/AREAS_PRIVATIVAS!G$2 -> #REF!
A4: SUPRAESTRUTURA | B4: =#REF! -> #REF! | C4: =B4/B$18 -> #REF! | D4: =B4/AREAS_PRIVATIVAS!G$2 -> #REF!
A5: ALVENARIA | B5: =#REF! -> #REF! | C5: =B5/B$18 -> #REF! | D5: =B5/AREAS_PRIVATIVAS!G$2 -> #REF!
A6: INSTALAÇÕES ELÉTRICAS, HIDRÁULICAS, GLP E PREVENTIVAS | B6: =#REF!+#REF!+#REF! -> #REF! | C6: =B6/B$18 -> #REF! | D6: =B6/AREAS_PRIVATIVAS!G$2 -> #REF!
A7: EQUIPAMENTOS E SISTEMAS ESPECIAIS | B7: =#REF!+#REF! -> #REF! | C7: =B7/B$18 -> #REF! | D7: =B7/AREAS_PRIVATIVAS!G$2 -> #REF! | E7: =#REF!/AREAS_PRIVATIVAS!G2 -> #REF!
A8: IMPERMEABILIZAÇÃO | B8: =#REF! -> #REF! | C8: =B8/B$18 -> #REF! | D8: =B8/AREAS_PRIVATIVAS!G$2 -> #REF!
A9: REVESTIMENTOS INTERNOS EM PISO E PAREDE | B9: =#REF! -> #REF! | C9: =B9/B$18 -> #REF! | D9: =B9/AREAS_PRIVATIVAS!G$2 -> #REF!
A10: REVESTIMENTOS E ACABAMENTOS INTERNOS EM TETO | B10: =#REF! -> #REF! | C10: =B10/B$18 -> #REF! | D10: =B10/AREAS_PRIVATIVAS!G$2 -> #REF!
A11: ACABAMENTOS EM PISO E PAREDE | B11: =#REF! -> #REF! | C11: =B11/B$18 -> #REF! | D11: =B11/AREAS_PRIVATIVAS!G$2 -> #REF!
A12: PINTURA INTERNA | B12: =#REF! -> #REF! | C12: =B12/B$18 -> #REF! | D12: =B12/AREAS_PRIVATIVAS!G$2 -> #REF!
A13: ESQUADRIAS, VIDROS E FERRAGENS | B13: =#REF! -> #REF! | C13: =B13/B$18 -> #REF! | D13: =B13/AREAS_PRIVATIVAS!G$2 -> #REF!
A14: COBERTURA | B14: =#REF! -> #REF! | C14: =B14/B$18 -> #REF! | D14: =B14/AREAS_PRIVATIVAS!G$2 -> #REF!
A15: REVESTIMENTOS E ACABAMENTOS DE FACHADA | B15: =#REF! -> #REF! | C15: =B15/B$18 -> #REF! | D15: =B15/AREAS_PRIVATIVAS!G$2 -> #REF!
A16: SERVIÇOS COMPLEMENTARES | B16: =#REF! -> #REF! | C16: =B16/B$18 -> #REF! | D16: =B16/AREAS_PRIVATIVAS!G$2 -> #REF!
A17: IMPREVISTOS E CONTINGENCIAS | B17: =SUM(B2:B16)*0.026 -> #REF! | C17: =B17/B$18 -> #REF! | D17: =B17/AREAS_PRIVATIVAS!G$2 -> #REF!
A18: TOTAL | B18: =SUM(B2:B17) -> #REF! | C18: =SUM(C2:C17) -> #REF! | D18: =SUM(D2:D17) -> #REF!
A20: DESCRIÇÃO | B20: ÁREA (m²) | C20: VALOR TOTAL
A21: VALOR POR ÁREA PRIVATIVA (R$/m²) | B21: =SUM(B22:B27)*13+SUM(D22:D27) -> 7221.47 | C21: ='ORÇAMENTO_EXECUTIVO'!B18/AREAS_PRIVATIVAS!B21 -> #ERROR!
A22: VALOR POR UNIDADE 01 | B22: 78.59 | C22: =B22*$C$21 -> #ERROR! | D22: 86.29
A23: VALOR POR UNIDADE 02 | B23: 77.56 | C23: =B23*$C$21 -> #ERROR! | D23: 99.74
A24: VALOR POR UNIDADE 03 | B24: 77.2 | C24: =B24*$C$21 -> #ERROR! | D24: 116.13
A25: VALOR POR UNIDADE 04 | B25: 78.67 | C25: =B25*$C$21 -> #ERROR! | D25: 102.55 | E25: =B21/'ORÇAMENTO_EXECUTIVO'!G2 -> 0.57684265
A26: VALOR POR UNIDADE 05 | B26: 81.78 | C26: =B26*$C$21 -> #ERROR! | D26: 123.34
A27: VALOR POR UNIDADE 06 | B27: 112.43 | C27: =B27*C21 -> #ERROR! | D27: 112.43
