Workbook

Sheet Gerenciamento executivo 
A1: ETAPA | B1: THE SPOT ONE | D1: OBRA SIMILAR
B2: VALOR TOTAL | C2: VALOR / m² | D2: VALOR / m² | E2: Valor 1 | F2: Valor 2
A3: MOVIMENTAÇÃO DE TERRA | B3: =+Executivo!B3 -> 299123.97 | C3: =+Executivo!D3 -> 14.523239 | D3: 4,50 - 7,50 | E3: 4.5 | F3: 3
A4: INFRAESTRUTURA | B4: =+Executivo!B4 -> 3164821.5 | C4: =+Executivo!D4 -> 153.66023 | D4: 100,00 - 150,00 | E4: 100 | F4: 50
A5: SUPRAESTRUTURA | B5: =+Executivo!B5 -> 14020577 | C5: =+Executivo!D5 -> 680.73511 | D5: 580,00 - 640,00 | E5: 580 | F5: =640-580 -> 60
A6: ALVENARIA | B6: =+Executivo!B6 -> 3464121.6 | C6: =+Executivo!D6 -> 168.19202 | D6: 95,00 - 120,00 | E6: 95 | F6: =120-95 -> 25
A7: INSTALAÇÕES ELÉTRICAS, HIDRÁULICAS, GLP E PREVENTIVAS | B7: =+Executivo!B7 -> 9146486.4 | C7: =+Executivo!D7 -> 444.08547 | D7: 330,00 - 380,00 | E7: 330 | F7: 50
A8: SISTEMAS E EQUIPAMENTOS ESPECIAIS | B8: =+Executivo!B8 -> 4923730.1 | C8: =+Executivo!D8 -> 239.05978 | D8: 180,00 - 220,00 | E8: 180 | F8: 40
A9: IMPERMEABILIZAÇÃO | B9: =+Executivo!B9 -> 1239370.7 | C9: =+Executivo!D9 -> 60.174639 | D9: 40,00 - 60,00 | E9: 40 | F9: 20
A10: REVESTIMENTOS INTERNOS EM PISO E PAREDE | B10: =+Executivo!B10 -> 2666190.3 | C10: =+Executivo!D10 -> 129.45041 | D10: 140,00 - 160,00 | E10: 140 | F10: 20
A11: REVESTIMENTOS E ACABAMENTOS INTERNOS EM TETO | B11: =+Executivo!B11 -> 1454513.4 | C11: =+Executivo!D11 -> 70.62037 | D11: 60,00 - 70,00 | E11: 60 | F11: 10
A12: ACABAMENTOS EM PISO E PAREDE | B12: =+Executivo!B12 -> 5012632.2 | C12: =+Executivo!D12 -> 243.3762 | D12: 180,00 - 240,00 | E12: 180 | F12: =240-180 -> 60
A13: PINTURA INTERNA | B13: =+Executivo!B13 -> 2359768.5 | C13: =+Executivo!D13 -> 114.57283 | D13: 95,00 - 115,00 | E13: 95 | F13: =115-95 -> 20
A14: ESQUADRIAS, VIDROS E FERRAGENS | B14: =+Executivo!B14 -> 9145218.9 | C14: =+Executivo!D14 -> 444.02392 | D14: 320,00 - 550,00 | E14: 320 | F14: =550-320 -> 230
A15: REVESTIMENTOS E ACABAMENTOS DE FACHADA | B15: =+Executivo!B15 -> 2431360 | C15: =+Executivo!D15 -> 118.04879 | D15: 80,00 - 120,00 | E15: 80 | F15: =120-E15 -> 40
A16: COBERTURA | B16: =+Executivo!B16 -> 1000000 | C16: =+Executivo!D16 -> 48.552575 | D16: 20,00 - 40,00 | E16: 20 | F16: 20
A17: SERVIÇOS COMPLEMENTARES | B17: =+Executivo!B17 -> 8555000 | C17: =+Executivo!D17 -> 415.36728 | D17: 180,00 - 350,00 | E17: 180 | F17: =350-180 -> 170
A18: TOTAL | B18: =SUM(B3:B17) -> 68882914 | C18: =SUM(C3:C17) -> 3344.4429 | D18: 2.404,50,00 - 3.222,50

Sheet Executivo
A1: ETAPA | B1: VALOR ORÇADO | C1: % | D1: VALOR / m² | E1: VALOR / UNIDADE
A2: GERENCIAMENTO TÉCNICO E ADMINISTRATIVO | B2: 5864778.8 | C2: =B2/B$18 -> 0.078461001 | D2: =B2/H$11 -> 284.75011 | E2: =B2/H$7 -> 51445.428
A3: MOVIMENTAÇÃO DE TERRA | B3: 299123.97 | C3: =B3/B$18 -> 0.004001782 | D3: =B3/H$11 -> 14.523239 | E3: =B3/H$7 -> 2623.8945
A4: INFRAESTRUTURA | B4: 3164821.5 | C4: =B4/B$18 -> 0.042340055 | D4: =B4/H$11 -> 153.66023 | E4: =B4/H$7 -> 27761.592
A5: SUPRAESTRUTURA | B5: 14020577 | C5: =B5/B$18 -> 0.18757203 | D5: =B5/H$11 -> 680.73511 | E5: =B5/H$7 -> 122987.52
A6: ALVENARIA | B6: 3464121.6 | C6: =B6/B$18 -> 0.046344194 | D6: =B6/H$11 -> 168.19202 | E6: =B6/H$7 -> 30387.032
A7: INSTALAÇÕES ELÉTRICAS, HIDRÁULICAS, GLP E PREVENTIVAS | B7: =4922043.52+3589970.93+634472 -> 9146486.4 | C7: =B7/B$18 -> 0.1223648 | D7: =B7/H$11 -> 444.08547 | E7: =B7/H$7 -> 80232.337 | H7: 114
A8: SISTEMAS E EQUIPAMENTOS ESPECIAIS | B8: 4923730.1 | C8: =B8/B$18 -> 0.065871332 | D8: =B8/H$11 -> 239.05978 | E8: =B8/H$7 -> 43190.615
A9: IMPERMEABILIZAÇÃO | B9: 1239370.7 | C9: =B9/B$18 -> 0.016580722 | D9: =B9/H$11 -> 60.174639 | E9: =B9/H$7 -> 10871.673
A10: REVESTIMENTOS INTERNOS EM PISO E PAREDE | B10: 2666190.3 | C10: =B10/B$18 -> 0.035669199 | D10: =B10/H$11 -> 129.45041 | E10: =B10/H$7 -> 23387.635 | I10: REVESTIMENTOS INTERNOS EM PISO E PAREDE
A11: REVESTIMENTOS E ACABAMENTOS INTERNOS EM TETO | B11: 1454513.4 | C11: =B11/B$18 -> 0.019458974 | D11: =B11/H$11 -> 70.62037 | E11: =B11/H$7 -> 12758.889 | H11: =22366.14-1769.91 -> 20596.23 | I11: REVESTIMENTOS E ACABAMENTOS INTERNOS EM TETO
A12: ACABAMENTOS EM PISO E PAREDE | B12: 5012632.2 | C12: =B12/B$18 -> 0.067060694 | D12: =B12/H$11 -> 243.3762 | E12: =B12/H$7 -> 43970.458 | I12: ACABAMENTOS EM PISO E PAREDE
A13: PINTURA INTERNA | B13: 2359768.5 | C13: =B13/B$18 -> 0.031569783 | D13: =B13/H$11 -> 114.57283 | E13: =B13/H$7 -> 20699.723 | I13: PINTURA INTERNA
A14: ESQUADRIAS, VIDROS E FERRAGENS | B14: 9145218.9 | C14: =B14/B$18 -> 0.12234784 | D14: =B14/H$11 -> 444.02392 | E14: =B14/H$7 -> 80221.218 | I14: ESQUADRIAS, VIDROS E FERRAGENS
A15: REVESTIMENTOS E ACABAMENTOS DE FACHADA | B15: 2431360 | C15: =B15/B$18 -> 0.032527559 | D15: =B15/H$11 -> 118.04879 | E15: =B15/H$7 -> 21327.719 | I15: REVESTIMENTOS E ACABAMENTOS DE FACHADA
A16: COBERTURA | B16: 1000000 | C16: =B16/B$18 -> 0.013378339 | D16: =B16/H$11 -> 48.552575 | E16: =B16/H$7 -> 8771.9298
A17: SERVIÇOS COMPLEMENTARES | B17: 8555000 | C17: =B17/B$18 -> 0.11445169 | D17: =B17/H$11 -> 415.36728 | E17: =B17/H$7 -> 75043.86
A18: TOTAL | B18: =SUM(B2:B17) -> 74747693 | C18: =SUM(C2:C17) -> 1 | D18: =SUM(D2:D17) -> 3629.193 | E18: =SUM(E2:E17) -> 655681.52
A19: CUB | B19: 2381.05 | C19: 44470 | D19: =+D18/B19 -> 1.5241986 | E19: CUBs
