Workbook

Sheet Relatório
A1: Código | B1: Descrição | C1: Preço total | D1: % Total
A2: 01 | B2: GERENCIAMENTO TÉCNICO | C2: 612404.41 | D2: 7.13
A3: 01.001 | B3: ESTUDOS | PROJETOS | CONSULTORIAS | C3: 182468.14 | D3: 2.12
A4: 01.002 | B4: TAXAS | DOCUMENTOS | C4: 429936.27 | D4: 5.01
A5: 02 | B5: GERENCIAMENTO ADMINISTRATIVO | C5: 650779.67 | D5: 7.58
A6: 02.001 | B6: SEGURANÇA | MEIO AMBIENTE | SAÚDE | C6: 124219.77 | D6: 1.45
A7: 02.002 | B7: ADMINISTRAÇÃO | CANTEIRO DE OBRAS | C7: 489379.9 | D7: 5.7
A8: 02.003 | B8: EQUIPAMENTOS | C8: 37180 | D8: 0.43
A9: Total da unidade construtiva | C9: 1263184.1 | D9: 14.71
A11: Código | B11: Descrição | C11: Preço total | D11: % Total
A12: 01 | B12: INFRAESTRUTURA | C12: 5931778.8 | D12: 69.07
A13: 01.001 | B13: SERVIÇOS PRELIMINARES | C13: 192329.43 | D13: 2.24
A14: 01.002 | B14: TERRAPLENAGEM | C14: 1113218.1 | D14: 12.96
A15: 01.003 | B15: DRENAGEM | C15: 423461.76 | D15: 4.93
A16: 01.004 | B16: REDE DE ÁGUA POTÁVEL | C16: 98609.27 | D16: 1.15
A17: 01.005 | B17: REDE DE ESGOTO SANITÁRIO | C17: 249980.26 | D17: 2.91
A18: 01.006 | B18: REDE ELÉTRICA - subterranea | C18: 417753.45 | D18: 4.86
A19: 01.007 | B19: PAVIMENTAÇÃO | C19: 2257186.3 | D19: 26.28
A20: 01.008 | B20: MUROS E CERCAMENTOS | C20: 923724.95 | D20: 10.76
A21: 01.009 | B21: SINALIZAÇÃO | C21: 7541 | D21: 0.09
A22: 01.010 | B22: PAISAGISMO | C22: 247974.34 | D22: 2.89
A23: 02 | B23: RECREAÇÃO COBERTA E PORTARIA | C23: 1252136.6 | D23: 14.58
... A43: 03.001 | B43: SERVIÇOS COMPLEMENTARES E FINAIS | C43: 140840.78 | D43: 1.64
A44: Total da unidade construtiva | C44: 7324756.2 | D44: 85.29
A46: 13/06/2023 - 08:48:20

Sheet RESUMO
A1: ETAPA | B1: VALOR ORÇADO | C1: % | D1: VALOR / UNID
A2: GERENCIAMENTO TÉCNICO E ADMINISTRATIVO | B2: =Relatório!C9 -> 1263184.1 | C2: =B2/B$7 -> 0.1470764 | D2: =B2/RESUMO!G$2 -> 13881.144 | F2: LOTES | G2: 91 | H2: un
A3: INFRAESTRUTURA | B3: =Relatório!C12 -> 5931778.8 | C3: =B3/B$7 -> 0.69065524 | D3: =B3/RESUMO!G$2 -> 65184.383
A4: RECREAÇÃO COBERTA E PORTARIA | B4: =Relatório!C23 -> 1252136.6 | C4: =B4/B$7 -> 0.14579011 | D4: =B4/RESUMO!G$2 -> 13759.742
A5: SERVIÇOS COMPLEMENTARES E FINAIS | B5: 14600 | C5: =B5/B$7 -> 0.0016999229 | D5: =B5/RESUMO!G$2 -> 160.43956
A6: IMPREVISTOS E CONTINGENCIAS | B6: =SUM(B2:B5)*0.015 -> 126925.49 | C6: =B6/B$7 -> 0.014778325 | D6: =B6/RESUMO!G$2 -> 1394.7856
A7: TOTAL | B7: =SUM(B2:B6) -> 8588625 | C7: =SUM(C2:C6) -> 1 | D7: =SUM(D2:D6) -> 94380.494
A9: 200m2 de demolição | C9: TCPO | D9: Demolição de edificações simples de alvenaria | E9: 76.52 | F9: /m²
E10: =200*E9 -> 15304
A12: 300,00 porcarro | B12: x2
A13: 1/3 de compensação por não exclusividade
A15: 500,00 porcarro com caçamba | B15: x2
A16: 1/3 de compensação por não exclusividade

Sheet ORÇAMENTO_EXECUTIVO_TOTAL
A1: ETAPA | B1: VALOR ORÇADO | C1: % | D1: VALOR / m² (AT) | E1: VALOR / LOTE
A2: GERENCIAMENTO TÉCNICO E ADMINISTRATIVO | B2: =RESUMO!B2 -> 1263184.1 | C2: =B2/$B$15 -> 0.1470764 | D2: =B2/$H$3 -> 52.704744 | E2: =B2/$H$4 -> 13881.144
A3: SERVIÇOS PRELIMINARES | B3: =Relatório!C13 -> 192329.43 | C3: =B3/B$15 -> 0.022393507 | D3: =B3/ORÇAMENTO_EXECUTIVO_TOTAL!H$3 -> 8.0247 | E3: =B3/ORÇAMENTO_EXECUTIVO_TOTAL!H$4 -> 2113.5102 | G3: ÁREA | H3: 23967.18 | I3: m²
A4: TERRAPLENAGEM | B4: =Relatório!C14 -> 1113218.1 | C4: =B4/$B$15 -> 0.1296154 | D4: =B4/$H$3 -> 46.447603 | E4: =B4/$H$4 -> 12233.165 | G4: LOTES | H4: 91 | I4: un
A5: DRENAGEM | B5: =Relatório!C15 -> 423461.76 | C5: =B5/B$15 -> 0.049304954 | D5: =B5/ORÇAMENTO_EXECUTIVO_TOTAL!H$3 -> 17.668402 | E5: =B5/ORÇAMENTO_EXECUTIVO_TOTAL!H$4 -> 4653.4259
A6: REDE DE ÁGUA POTÁVEL | B6: =Relatório!C16 -> 98609.27 | C6: =B6/$B$15 -> 0.01148138 | D6: =B6/$H$3 -> 4.114346 | E6: =B6/$H$4 -> 1083.6184
A7: REDE DE ESGOTO SANITÁRIO | B7: =Relatório!C17 -> 249980.26 | C7: =B7/B$15 -> 0.02910597 | D7: =B7/ORÇAMENTO_EXECUTIVO_TOTAL!H$3 -> 10.430107 | E7: =B7/ORÇAMENTO_EXECUTIVO_TOTAL!H$4 -> 2747.0358
A8: REDE ELÉTRICA - subterranea | B8: =Relatório!C18 -> 417753.45 | C8: =B8/$B$15 -> 0.048640318 | D8: =B8/$H$3 -> 17.43023 | E8: =B8/$H$4 -> 4590.6973
A9: PAVIMENTAÇÃO | B9: =Relatório!C19 -> 2257186.3 | C9: =B9/B$15 -> 0.26281114 | D9: =B9/ORÇAMENTO_EXECUTIVO_TOTAL!H$3 -> 94.178218 | E9: =B9/ORÇAMENTO_EXECUTIVO_TOTAL!H$4 -> 24804.245
A10: MUROS E CERCAMENTOS | B10: =Relatório!C20 -> 923724.95 | C10: =B10/$B$15 -> 0.10755213 | D10: =B10/$H$3 -> 38.541245 | E10: =B10/$H$4 -> 10150.824 | F10: 44.82
A11: SINALIZAÇÃO | B11: =Relatório!C21 -> 7541 | C11: =B11/B$15 -> 0.00087802181 | D11: =B11/ORÇAMENTO_EXECUTIVO_TOTAL!H$3 -> 0.3146386 | E11: =B11/ORÇAMENTO_EXECUTIVO_TOTAL!H$4 -> 82.868132
A12: PAISAGISMO | B12: =Relatório!C22 -> 247974.34 | C12: =B12/$B$15 -> 0.028872415 | D12: =B12/$H$3 -> 10.346413 | E12: =B12/$H$4 -> 2724.9927
A13: RECREAÇÃO COBERTA E PORTARIA | B13: =Relatório!C23 -> 1252136.6 | C13: =B13/B$15 -> 0.14579011 | D13: =B13/ORÇAMENTO_EXECUTIVO_TOTAL!H$3 -> 52.2438 | E13: =B13/ORÇAMENTO_EXECUTIVO_TOTAL!H$4 -> 13759.742 | F13: =19.58+58.18 -> 77.76
A14: SERVIÇOS COMPLEMENTARES E FINAIS | B14: =RESUMO!B5+RESUMO!B6 -> 141525.49 | C14: =B14/$B$15 -> 0.016478248 | D14: =B14/$H$3 -> 5.9049705 | E14: =B14/$H$4 -> 1555.2252
A15: TOTAL | B15: =SUM(B2:B14) -> 8588625 | C15: =SUM(C2:C14) -> 1 | D15: =SUM(D2:D14) -> 358.34942 | E15: =SUM(E2:E14) -> 94380.494
E18: PAVIMENTAÇÃO | F18: =C9 -> 0.26281114 | G18: 1
E19: MUROS E CERCAMENTOS | F19: =C10 -> 0.10755213 | G19: 5
E20: GERENCIAMENTO TÉCNICO E ADMINISTRATIVO | F20: =C2 -> 0.1470764 | G20: 2
E21: RECREAÇÃO COBERTA E PORTARIA | F21: =C13 -> 0.14579011 | G21: 3
E22: TERRAPLENAGEM | F22: =C4 -> 0.1296154 | G22: 4
E23: DRENAGEM | F23: =C5 -> 0.049304954
E24: REDE ELÉTRICA - subterranea | F24: 0.048992619 | G24: 6

Sheet ORÇAMENTO_EXECUTIVO_EDIFICAÇÕES
A1: ETAPA | B1: EDIFICAÇÕES - VISTA ALEGRE | E1: OBRA SIMILAR
B2: VALOR ORÇADO | C2: % | D2: VALOR / m² (AC) | E2: VALOR / m²
A3: INFRAESTRUTURA | B3: =Relatório!C24 -> 167974.53 | C3: =B3/B$18 -> 0.13415033 | D3: =B3/ORÇAMENTO_EXECUTIVO_EDIFICAÇÕES!H$3 -> 359.24233 | E3: =FIXED(CÁLCULO_MÉDIAS!M10,2,FALSE)&" "&"-"&FIXED(CÁLCULO_MÉDIAS!N10,2,FALSE) -> 945,00 -960,00 | G3: ÁREA CONSTRUÍDA | H3: 467.58 | I3: m²
A4: SUPRAESTRUTURA | B4: =Relatório!C25 -> 350716.47 | C4: =B4/B$18 -> 0.28009443 | D4: =B4/ORÇAMENTO_EXECUTIVO_EDIFICAÇÕES!H$3 -> 750.0673 | E4: =FIXED(CÁLCULO_MÉDIAS!M11,2,FALSE)&" "&"-"&FIXED(CÁLCULO_MÉDIAS!N11,2,FALSE) -> 545,00 -555,00
A5: VEDAÇÕES INTERNAS E EXTERNAS | B5: =Relatório!C26 -> 60847.27 | C5: =B5/B$18 -> 0.048594756 | D5: =B5/ORÇAMENTO_EXECUTIVO_EDIFICAÇÕES!H$3 -> 130.13232 | E5: =FIXED(CÁLCULO_MÉDIAS!M12,2,FALSE)&" "&"-"&FIXED(CÁLCULO_MÉDIAS!N12,2,FALSE) -> 250,00 -260,00
A6: INSTALAÇÕES ELÉTRICAS, HIDRÁULICAS, GLP E PREVENTIVAS | B6: =Relatório!C27+Relatório!C28+Relatório!C29 -> 84002.18 | C6: =B6/B$18 -> 0.067087076 | D6: =B6/ORÇAMENTO_EXECUTIVO_EDIFICAÇÕES!H$3 -> 179.65306 | E6: =FIXED(CÁLCULO_MÉDIAS!M13,2,FALSE)&" "&"-"&FIXED(CÁLCULO_MÉDIAS!N13,2,FALSE) -> 670,00 -680,00
A7: EQUIPAMENTOS E SISTEMAS ESPECIAIS | B7: =Relatório!C30+Relatório!C31 -> 9234 | C7: =B7/B$18 -> 0.007374595 | D7: =B7/ORÇAMENTO_EXECUTIVO_EDIFICAÇÕES!H$3 -> 19.748492 | E7: =FIXED(CÁLCULO_MÉDIAS!M14,2,FALSE)&" "&"-"&FIXED(CÁLCULO_MÉDIAS!N14,2,FALSE) -> 90,00 -100,00
A8: IMPERMEABILIZAÇÃO | B8: =Relatório!C32 -> 52563.45 | C8: =B8/B$18 -> 0.041979007 | D8: =B8/ORÇAMENTO_EXECUTIVO_EDIFICAÇÕES!H$3 -> 112.41595 | E8: =FIXED(CÁLCULO_MÉDIAS!M15,2,FALSE)&" "&"-"&FIXED(CÁLCULO_MÉDIAS!N15,2,FALSE) -> 330,00 -340,00
A9: REVESTIMENTOS ARGAMASSADOS INTERNOS | B9: =Relatório!C33 -> 69720.98 | C9: =B9/B$18 -> 0.05568161 | D9: =B9/ORÇAMENTO_EXECUTIVO_EDIFICAÇÕES!H$3 -> 149.11027 | E9: =FIXED(CÁLCULO_MÉDIAS!M16,2,FALSE)&" "&"-"&FIXED(CÁLCULO_MÉDIAS!N16,2,FALSE) -> 240,00 -250,00
A10: REVESTIMENTOS DE PISO | B10: =Relatório!C34 -> 73129.24 | C10: =B10/B$18 -> 0.058403566 | D10: =B10/ORÇAMENTO_EXECUTIVO_EDIFICAÇÕES!H$3 -> 156.39942 | E10: =FIXED(CÁLCULO_MÉDIAS!M17,2,FALSE)&" "&"-"&FIXED(CÁLCULO_MÉDIAS!N17,2,FALSE) -> 340,00 -350,00
A11: REVESTIMENTOS DE PAREDE | B11: =Relatório!C35 -> 9770.91 | C11: =B11/B$18 -> 0.0078033901 | D11: =B11/ORÇAMENTO_EXECUTIVO_EDIFICAÇÕES!H$3 -> 20.896766 | E11: =FIXED(CÁLCULO_MÉDIAS!M18,2,FALSE)&" "&"-"&FIXED(CÁLCULO_MÉDIAS!N18,2,FALSE) -> 180,00 -190,00
A12: REVESTIMENTOS DE TETO | B12: =Relatório!C36 -> 52909.4 | C12: =B12/B$18 -> 0.042255295 | D12: =B12/ORÇAMENTO_EXECUTIVO_EDIFICAÇÕES!H$3 -> 113.15582 | E12: =FIXED(CÁLCULO_MÉDIAS!M19,2,FALSE)&" "&"-"&FIXED(CÁLCULO_MÉDIAS!N19,2,FALSE) -> 50,00 -55,00
A13: PINTURA INTERNA | B13: =Relatório!C37 -> 37948.97 | C13: =B13/B$18 -> 0.030307373 | D13: =B13/ORÇAMENTO_EXECUTIVO_EDIFICAÇÕES!H$3 -> 81.160379 | E13: =FIXED(CÁLCULO_MÉDIAS!M20,2,FALSE)&" "&"-"&FIXED(CÁLCULO_MÉDIAS!N20,2,FALSE) -> 260,00 -270,00
A14: ESQUADRIAS E FERRAGENS | B14: =Relatório!C38 -> 160231.53 | C14: =B14/B$18 -> 0.1279665 | D14: =B14/ORÇAMENTO_EXECUTIVO_EDIFICAÇÕES!H$3 -> 342.6826 | E14: =FIXED(CÁLCULO_MÉDIAS!M21,2,FALSE)&" "&"-"&FIXED(CÁLCULO_MÉDIAS!N21,2,FALSE) -> 630,00 -640,00
A15: RODAPÉS | B15: =Relatório!C39 -> 7922.55 | C15: =B15/B$18 -> 0.0063272252 | D15: =B15/ORÇAMENTO_EXECUTIVO_EDIFICAÇÕES!H$3 -> 16.943732 | E15: =FIXED(CÁLCULO_MÉDIAS!M22,2,FALSE)&" "&"-"&FIXED(CÁLCULO_MÉDIAS!N22,2,FALSE) -> 10,00 -20,00
A16: COBERTURA | B16: =Relatório!C40 -> 63023.18 | C16: =B16/B$18 -> 0.050332513 | D16: =B16/ORÇAMENTO_EXECUTIVO_EDIFICAÇÕES!H$3 -> 134.78588 | E16: =FIXED(CÁLCULO_MÉDIAS!M23,2,FALSE)&" "&"-"&FIXED(CÁLCULO_MÉDIAS!N23,2,FALSE) -> 270,00 -280,00
A17: REVESTIMENTOS E ACABAMENTOS DE FACHADA | B17: =Relatório!C41 -> 52141.9 | C17: =B17/B$18 -> 0.041642343 | D17: =B17/ORÇAMENTO_EXECUTIVO_EDIFICAÇÕES!H$3 -> 111.51439 | E17: =FIXED(CÁLCULO_MÉDIAS!M24,2,FALSE)&" "&"-"&FIXED(CÁLCULO_MÉDIAS!N24,2,FALSE) -> 305,00 -315,00
A18: TOTAL | B18: =SUM(B3:B17) -> 1252136.6 | C18: =SUM(C3:C17) -> 1 | D18: =SUM(D3:D17) -> 2677.9087 | E18: =FIXED(CÁLCULO_MÉDIAS!M26,2,FALSE)&" "&"-"&FIXED(CÁLCULO_MÉDIAS!N26,2,FALSE) -> 5.115,00 -5.265,00
A19: CUB/PR | B19: 2232.64 | C19: 45047 | D19: =+D18/B19 -> 1.199436

Sheet CÁLCULO_MÉDIAS
C3: DATA BASE | D3: 44531 | F3: DATA BASE | G3: 44531 | H3: DATA BASE | I3: 44256 | J3: DATA BASE
C4: CUB | D4: 2003.3 | F4: CUB | G4: 2003.3 | H4: CUB | I4: 2140.56 | J4: CUB
C6: CGL - CASAS | E6: CGL-SALÃO | J6: OBRA4 | M6: MÉDIAS
C7: VALOR / M2 | D7: INDEXADO | F7: VALOR / M2 | G7: INDEXADO | H7: VALOR / M2 | I7: INDEXADO | J7: VALOR / M2 | K7: INDEXADO | M7: MÍNIMA | N7: MÁXIMA
B8: GERENCIAMENTO TECNICO E ADMINISTRATIVO | C8: 271.69728 | D8: =(ORÇAMENTO_EXECUTIVO_EDIFICAÇÕES!$B$19/CÁLCULO_MÉDIAS!D$4)*C8 -> 302.80149 | G8: =(ORÇAMENTO_EXECUTIVO_EDIFICAÇÕES!$B$19/CÁLCULO_MÉDIAS!G$4)*F8 -> 0 | I8: =(ORÇAMENTO_EXECUTIVO_EDIFICAÇÕES!$B$19/CÁLCULO_MÉDIAS!I$4)*H8 -> 0 | K8: =ORÇAMENTO_EXECUTIVO_EDIFICAÇÕES!$B$19/CÁLCULO_MÉDIAS!K$4 -> #DIV/0!
B9: MOVIMENTAÇÃO DE TERRA | C9: 14.076689 | D9: =(ORÇAMENTO_EXECUTIVO_EDIFICAÇÕES!$B$19/CÁLCULO_MÉDIAS!D$4)*C9 -> 15.688203 | E9: =539.08+375.23+10937.7 -> 11852.01 | F9: =E9/(67.58+5.94) -> 161.20797 | G9: =(ORÇAMENTO_EXECUTIVO_EDIFICAÇÕES!$B$19/CÁLCULO_MÉDIAS!G$4)*F9 -> 179.66324 | I9: =(ORÇAMENTO_EXECUTIVO_EDIFICAÇÕES!$B$19/CÁLCULO_MÉDIAS!I$4)*H9 -> 0 | K9: =ORÇAMENTO_EXECUTIVO_EDIFICAÇÕES!$B$19/CÁLCULO_MÉDIAS!K$4 -> #DIV/0!
B10: INFRAESTRUTURA | C10: 249.12201 | D10: =(ORÇAMENTO_EXECUTIVO_EDIFICAÇÕES!$B$19/CÁLCULO_MÉDIAS!D$4)*C10 -> 277.64177 | E10: =26125.08+14079.64+10937.7 -> 51142.42 | F10: =E10/(67.58+5.94) -> 695.62595 | G10: =(ORÇAMENTO_EXECUTIVO_EDIFICAÇÕES!$B$19/CÁLCULO_MÉDIAS!G$4)*F10 -> 775.26198 | I10: =(ORÇAMENTO_EXECUTIVO_EDIFICAÇÕES!$B$19/CÁLCULO_MÉDIAS!I$4)*H10 -> 0 | K10: =ORÇAMENTO_EXECUTIVO_EDIFICAÇÕES!$B$19/CÁLCULO_MÉDIAS!K$4 -> #DIV/0! | M10: =770+175 -> 945 | N10: =780+180 -> 960
B11: SUPRAESTRUTURA | C11: 519.09833 | D11: =(ORÇAMENTO_EXECUTIVO_EDIFICAÇÕES!$B$19/CÁLCULO_MÉDIAS!D$4)*C11 -> 578.52528 | E11: =18039.8+7191.17+10937.7 -> 36168.67 | F11: =E11/(67.58+5.94) -> 491.95688 | G11: =(ORÇAMENTO_EXECUTIVO_EDIFICAÇÕES!$B$19/CÁLCULO_MÉDIAS!G$4)*F11 -> 548.27665 | I11: =(ORÇAMENTO_EXECUTIVO_EDIFICAÇÕES!$B$19/CÁLCULO_MÉDIAS!I$4)*H11 -> 0 | K11: =ORÇAMENTO_EXECUTIVO_EDIFICAÇÕES!$B$19/CÁLCULO_MÉDIAS!K$4 -> #DIV/0! | M11: 545 | N11: 555
B12: ALVENARIA | C12: 129.65029 | D12: =(ORÇAMENTO_EXECUTIVO_EDIFICAÇÕES!$B$19/CÁLCULO_MÉDIAS!D$4)*C12 -> 144.4928 | E12: =4952.11+972.08+10937.7 -> 16861.89 | F12: =E12/(67.58+5.94) -> 229.35106 | G12: =(ORÇAMENTO_EXECUTIVO_EDIFICAÇÕES!$B$19/CÁLCULO_MÉDIAS!G$4)*F12 -> 255.60742 | I12: =(ORÇAMENTO_EXECUTIVO_EDIFICAÇÕES!$B$19/CÁLCULO_MÉDIAS!I$4)*H12 -> 0 | K12: =ORÇAMENTO_EXECUTIVO_EDIFICAÇÕES!$B$19/CÁLCULO_MÉDIAS!K$4 -> #DIV/0! | M12: 250 | N12: 260
B13: INSTALAÇÕES ELÉTRICAS, HIDRÁULICAS, GLP E PREVENTIVAS | C13: 273.78973 | D13: =(ORÇAMENTO_EXECUTIVO_EDIFICAÇÕES!$B$19/CÁLCULO_MÉDIAS!D$4)*C13 -> 305.13348 | E13: =10629+18893.82+1587+2276.33+10937.7 -> 44323.85 | F13: =E13/(67.58+5.94) -> 602.88153 | G13: =(ORÇAMENTO_EXECUTIVO_EDIFICAÇÕES!$B$19/CÁLCULO_MÉDIAS!G$4)*F13 -> 671.90007 | I13: =(ORÇAMENTO_EXECUTIVO_EDIFICAÇÕES!$B$19/CÁLCULO_MÉDIAS!I$4)*H13 -> 0 | K13: =ORÇAMENTO_EXECUTIVO_EDIFICAÇÕES!$B$19/CÁLCULO_MÉDIAS!K$4 -> #DIV/0! | M13: 670 | N13: 680
B14: EQUIPAMENTOS E SISTEMAS ESPECIAIS | C14: 83.157105 | D14: =(ORÇAMENTO_EXECUTIVO_EDIFICAÇÕES!$B$19/CÁLCULO_MÉDIAS!D$4)*C14 -> 92.677022 | E14: =5800+436.44 -> 6236.44 | F14: =E14/(67.58+5.94) -> 84.826442 | G14: =(ORÇAMENTO_EXECUTIVO_EDIFICAÇÕES!$B$19/CÁLCULO_MÉDIAS!G$4)*F14 -> 94.537467 | I14: =(ORÇAMENTO_EXECUTIVO_EDIFICAÇÕES!$B$19/CÁLCULO_MÉDIAS!I$4)*H14 -> 0 | K14: =ORÇAMENTO_EXECUTIVO_EDIFICAÇÕES!$B$19/CÁLCULO_MÉDIAS!K$4 -> #DIV/0! | M14: 90 | N14: 100
B15: IMPERMEABILIZAÇÃO | C15: 18.430102 | D15: =(ORÇAMENTO_EXECUTIVO_EDIFICAÇÕES!$B$19/CÁLCULO_MÉDIAS!D$4)*C15 -> 20.540001 | E15: =4066.14+6849.59+10937.7 -> 21853.43 | F15: =E15/(67.58+5.94) -> 297.2447 | G15: =(ORÇAMENTO_EXECUTIVO_EDIFICAÇÕES!$B$19/CÁLCULO_MÉDIAS!G$4)*F15 -> 331.2736 | I15: =(ORÇAMENTO_EXECUTIVO_EDIFICAÇÕES!$B$19/CÁLCULO_MÉDIAS!I$4)*H15 -> 0 | K15: =ORÇAMENTO_EXECUTIVO_EDIFICAÇÕES!$B$19/CÁLCULO_MÉDIAS!K$4 -> #DIV/0! | M15: 330 | N15: 340
B16: REVESTIMENTOS ARGAMASSADOS | C16: 140.90874 | D16: =(ORÇAMENTO_EXECUTIVO_EDIFICAÇÕES!$B$19/CÁLCULO_MÉDIAS!D$4)*C16 -> 157.04013 | E16: =4305.58+478.6+325.89+10937.7 -> 16047.77 | F16: =E16/(67.58+5.94) -> 218.27761 | G16: =(ORÇAMENTO_EXECUTIVO_EDIFICAÇÕES!$B$19/CÁLCULO_MÉDIAS!G$4)*F16 -> 243.26627 | M16: 240 | N16: 250
B17: REVESTIMENTOS DE PISO | C17: 112.47676 | D17: =(ORÇAMENTO_EXECUTIVO_EDIFICAÇÕES!$B$19/CÁLCULO_MÉDIAS!D$4)*C17 -> 125.35322 | E17: =8900.4+85.56+2409.63+14.85+411.99+111.54+10937.7 -> 22871.67 | F17: =E17/(67.58+5.94) -> 311.09453 | G17: =(ORÇAMENTO_EXECUTIVO_EDIFICAÇÕES!$B$19/CÁLCULO_MÉDIAS!G$4)*F17 -> 346.70898 | I17: =(ORÇAMENTO_EXECUTIVO_EDIFICAÇÕES!$B$19/CÁLCULO_MÉDIAS!I$4)*H17 -> 0 | K17: =ORÇAMENTO_EXECUTIVO_EDIFICAÇÕES!$B$19/CÁLCULO_MÉDIAS!K$4 -> #DIV/0! | M17: 340 | N17: 350
B18: REVESTIMENTOS DE PAREDE | C18: 132.0732 | D18: =(ORÇAMENTO_EXECUTIVO_EDIFICAÇÕES!$B$19/CÁLCULO_MÉDIAS!D$4)*C18 -> 147.19308 | E18: =279.89+515.25+111.41+99+51.52+9.9+10937.7 -> 12004.67 | F18: =E18/(67.58+5.94) -> 163.28441 | G18: =(ORÇAMENTO_EXECUTIVO_EDIFICAÇÕES!$B$19/CÁLCULO_MÉDIAS!G$4)*F18 -> 181.97739 | I18: =(ORÇAMENTO_EXECUTIVO_EDIFICAÇÕES!$B$19/CÁLCULO_MÉDIAS!I$4)*H18 -> 0 | K18: =ORÇAMENTO_EXECUTIVO_EDIFICAÇÕES!$B$19/CÁLCULO_MÉDIAS!K$4 -> #DIV/0! | M18: 180 | N18: 190
B19: REVESTIMENTOS DE TETO | C19: 8.9166876 | D19: =(ORÇAMENTO_EXECUTIVO_EDIFICAÇÕES!$B$19/CÁLCULO_MÉDIAS!D$4)*C19 -> 9.9374799 | E19: =3160.92+221.81 -> 3382.73 | F19: =E19/(67.58+5.94) -> 46.011017 | G19: =(ORÇAMENTO_EXECUTIVO_EDIFICAÇÕES!$B$19/CÁLCULO_MÉDIAS!G$4)*F19 -> 51.27841 | I19: =(ORÇAMENTO_EXECUTIVO_EDIFICAÇÕES!$B$19/CÁLCULO_MÉDIAS!I$4)*H19 -> 0 | K19: =ORÇAMENTO_EXECUTIVO_EDIFICAÇÕES!$B$19/CÁLCULO_MÉDIAS!K$4 -> #DIV/0! | M19: 50 | N19: 55
B20: PINTURA INTERNA | C20: 93.701431 | D20: =(ORÇAMENTO_EXECUTIVO_EDIFICAÇÕES!$B$19/CÁLCULO_MÉDIAS!D$4)*C20 -> 104.42847 | E20: =4795.11+1431.72+10937.7 -> 17164.53 | F20: =E20/(67.58+5.94) -> 233.46749 | G20: =(ORÇAMENTO_EXECUTIVO_EDIFICAÇÕES!$B$19/CÁLCULO_MÉDIAS!G$4)*F20 -> 260.19511 | I20: =(ORÇAMENTO_EXECUTIVO_EDIFICAÇÕES!$B$19/CÁLCULO_MÉDIAS!I$4)*H20 -> 0 | K20: =ORÇAMENTO_EXECUTIVO_EDIFICAÇÕES!$B$19/CÁLCULO_MÉDIAS!K$4 -> #DIV/0! | M20: 260 | N20: 270
B21: ESQUADRIAS, VIDROS E FERRAGENS | C21: 281.2022 | D21: =(ORÇAMENTO_EXECUTIVO_EDIFICAÇÕES!$B$19/CÁLCULO_MÉDIAS!D$4)*C21 -> 313.39454 | E21: =22539.48+19438.13 -> 41977.61 | F21: =E21/(67.58+5.94) -> 570.96858 | G21: =(ORÇAMENTO_EXECUTIVO_EDIFICAÇÕES!$B$19/CÁLCULO_MÉDIAS!G$4)*F21 -> 636.33369 | I21: =(ORÇAMENTO_EXECUTIVO_EDIFICAÇÕES!$B$19/CÁLCULO_MÉDIAS!I$4)*H21 -> 0 | K21: =ORÇAMENTO_EXECUTIVO_EDIFICAÇÕES!$B$19/CÁLCULO_MÉDIAS!K$4 -> #DIV/0! | M21: 630 | N21: 640
B22: RODAPES | C22: 5.7241686 | D22: =(ORÇAMENTO_EXECUTIVO_EDIFICAÇÕES!$B$19/CÁLCULO_MÉDIAS!D$4)*C22 -> 6.3794777 | E22: =424.82+445.34+112.49+117.92 -> 1100.57 | F22: =E22/(67.58+5.94) -> 14.969668 | G22: =(ORÇAMENTO_EXECUTIVO_EDIFICAÇÕES!$B$19/CÁLCULO_MÉDIAS!G$4)*F22 -> 16.683412 | M22: 10 | N22: 20
B23: COBERTURA | C23: 61.47126 | D23: =(ORÇAMENTO_EXECUTIVO_EDIFICAÇÕES!$B$19/CÁLCULO_MÉDIAS!D$4)*C23 -> 68.508558 | E23: =5763.68+10937.7 -> 16701.38 | F23: =E23/(67.58) -> 247.13495 | G23: =(ORÇAMENTO_EXECUTIVO_EDIFICAÇÕES!$B$19/CÁLCULO_MÉDIAS!G$4)*F23 -> 275.42723 | I23: =(ORÇAMENTO_EXECUTIVO_EDIFICAÇÕES!$B$19/CÁLCULO_MÉDIAS!I$4)*H23 -> 0 | K23: =ORÇAMENTO_EXECUTIVO_EDIFICAÇÕES!$B$19/CÁLCULO_MÉDIAS!K$4 -> #DIV/0! | M23: 270 | N23: 280
B24: REVESTIMENTOS E ACABAMENTOS DE FACHADA | C24: 117.3303 | D24: =(ORÇAMENTO_EXECUTIVO_EDIFICAÇÕES!$B$19/CÁLCULO_MÉDIAS!D$4)*C24 -> 130.7624 | E24: =6204.97+3351.21+10937.7 -> 20493.88 | F24: =E24/(67.58+5.94) -> 278.75245 | G24: =(ORÇAMENTO_EXECUTIVO_EDIFICAÇÕES!$B$19/CÁLCULO_MÉDIAS!G$4)*F24 -> 310.66434 | I24: =(ORÇAMENTO_EXECUTIVO_EDIFICAÇÕES!$B$19/CÁLCULO_MÉDIAS!I$4)*H24 -> 0 | K24: =ORÇAMENTO_EXECUTIVO_EDIFICAÇÕES!$B$19/CÁLCULO_MÉDIAS!K$4 -> #DIV/0! | M24: 305 | N24: 315
B25: SERVIÇOS COMPLEMENTARES | C25: 88.23 | D25: =(ORÇAMENTO_EXECUTIVO_EDIFICAÇÕES!$B$19/CÁLCULO_MÉDIAS!D$4)*C25 -> 98.330668 | G25: =(ORÇAMENTO_EXECUTIVO_EDIFICAÇÕES!$B$19/CÁLCULO_MÉDIAS!G$4)*F25 -> 0 | I25: =(ORÇAMENTO_EXECUTIVO_EDIFICAÇÕES!$B$19/CÁLCULO_MÉDIAS!I$4)*H25 -> 0 | K25: =ORÇAMENTO_EXECUTIVO_EDIFICAÇÕES!$B$19/CÁLCULO_MÉDIAS!K$4 -> #DIV/0! | M25: 0 | N25: 0
B26: TOTAL | C26: =SUM(C8:C25) -> 2601.0563 | D26: =SUM(D8:D25) -> 2898.8281 | E26: =SUM(E8:E25) -> 340183.52 | F26: =SUM(F8:F25) -> 4647.0552 | G26: =SUM(G8:G25) -> 5179.0553 | H26: =SUM(H8:H25) -> 0 | I26: =SUM(I8:I25) -> 0 | J26: =SUM(J8:J25) -> 0 | K26: =SUM(K8:K25) -> #DIV/0! | M26: =SUM(M8:M25) -> 5115 | N26: =SUM(N8:N25) -> 5265
H28: =H26/I4 -> 0
B30: REVESTIMENTOS INTERNOS EM PISO E PAREDE | F30: REVEST | G30: =C31+C32+C38 -> 616489.84 | H30: =G30/$G$36 -> 140.90874
B31: REVEST PISO | C31: =95017.32+21835.8+5458.95+3899.25+1559.7 -> 127771.02 | F31: PISO | G31: =C34 -> 364326.04 | H31: =G31/$G$36 -> 83.27262
B32: REVEST PAREDE | C32: =147143.7+120610.56+30152.64+21537.6+8615.04 -> 328059.54 | F32: PAREDE | G32: =C35 -> 249773.9 | H32: =G32/$G$36 -> 57.089872
B33: ACABAMENTOS EM PISO E PAREDE | F33: RODAAPE | G33: =C36 -> 25043.81 | H33: =G33/$G$36 -> 5.7241686
B34: ACAB PISO | C34: =251235.58+21137.08+36199.15+6944+9049.92+1736+8186.38+1240+3087.22+496+2448.6+612.15+437.25+174.9+14227.85+3556.91+2540.65+1016.4 -> 364326.04 | F34: TETO | G34: =C39 -> 39011.4 | H34: =G34/$G$36 -> 8.9166876
B35: ACAB PAREDE | C35: =147604.28+36419.51+39140.64+4527.6+9785.16+1131.9+7015.8+1014.8+2810.81+323.4 -> 249773.9
B36: RODAPE | C36: =10105.72+2067.41+8269.76+4010.18+590.74 -> 25043.81 | F36: AREA | G36: 4375.1
B37: REVESTIMENTOS INTERNOS EM TETO
B38: REVET | C38: =40048.72+120610.56 -> 160659.28
B39: ACAB | C39: 39011.4 | E39: 105002.4
E40: 26250
E41: =E39+E40 -> 131252.4 | F41: =E41/12 -> 10937.7
