Workbook

Sheet Orçamento Resumo
A1: Etapa | B1: Valor Orçado | C1: % | D1: Valor / m² | E1: Valor / UH
A2: GERENCIAMENTO TÉCNICO E ADMINISTRATIVO | B2: 3309014 | C2: =+B2/$B$23 -> 0.16197506 | D2: =+B2/4811.62 -> 687.71307 | E2: =+B2/55 -> 60163.89
A3: MOVIMENTAÇÃO DE TERRA | B3: 449100 | C3: =+B3/$B$23 -> 0.021983285 | D3: =+B3/4811.62 -> 93.336548 | E3: =+B3/55 -> 8165.4545
A4: CONTENÇÕES E ARRIMOS | B4: 640926.46 | C4: =+B4/$B$23 -> 0.031373122 | D4: =+B4/4811.62 -> 133.20388 | E4: =+B4/55 -> 11653.208
A5: INFRAESTRUTURA | B5: 880098.86 | C5: =+B5/$B$23 -> 0.043080526 | D5: =+B5/4811.62 -> 182.91113 | E5: =+B5/55 -> 16001.797
A6: SUPRAESTRUTURA | B6: 3734488.1 | C6: =+B6/$B$23 -> 0.18280186 | D6: =+B6/4811.62 -> 776.13945 | E6: =+B6/55 -> 67899.784
A7: ESTRUTURA METÁLICA | B7: 280000 | C7: =+B7/$B$23 -> 0.0137059 | D7: =+B7/4811.62 -> 58.192459 | E7: =+B7/55 -> 5090.9091
A8: ALVENARIA | B8: 729403.27 | C8: =+B8/$B$23 -> 0.035704031 | D8: =+B8/4811.62 -> 151.59204 | E8: =+B8/55 -> 13261.878
A9: SISTEMAS E INSTALAÇÕES ELÉTRICAS | B9: 1358996.6 | C9: =+B9/$B$23 -> 0.066522402 | D9: =+B9/4811.62 -> 282.44056 | E9: =+B9/55 -> 24709.03
A10: SISTEMAS E INSTALAÇÕES HIDROSSANITÁRIAS E DRENAGEM | B10: 912574.24 | C10: =+B10/$B$23 -> 0.044670184 | D10: =+B10/4811.62 -> 189.6605 | E10: =+B10/55 -> 16592.259
A11: INSTALAÇÕES PREVENTIVAS E GLP | B11: 199906.24 | C11: =+B11/$B$23 -> 0.0097853393 | D11: =+B11/4811.62 -> 41.546556 | E11: =+B11/55 -> 3634.6589
A12: CLIMATIZAÇÃO E EXAUSTÃO | B12: 599718.52 | C12: =+B12/$B$23 -> 0.029356008 | D12: =+B12/4811.62 -> 124.63963 | E12: =+B12/55 -> 10903.973
A13: AUTOMAÇÃO E SISTEMAS LÓGICOS E TELECOMUNICAÇÃO | B13: 315684.35 | C13: =+B13/$B$23 -> 0.015452637 | D13: =+B13/4811.62 -> 65.608745 | E13: =+B13/55 -> 5739.7155
... A22: SERVIÇOS COMPLEMENTARES E FINAIS | B22: 395222.07 | C22: =+B22/$B$23 -> 0.01934598 | D22: =+B22/4811.62 -> 82.139086 | E22: =+B22/55 -> 7185.8558
A23: TOTAL | B23: =SUM(B2:B22) -> 20429158 | C23: =SUM(C2:C22) -> 1 | D23: =SUM(D2:D22) -> 4245.7962 | E23: =SUM(E2:E22) -> 371439.23
A24: CUB/SC | B24: 2461.35 | C24: 44652 | D24: =+D23/B24 -> 1.7249868 | E24: CUB

Sheet Planilha1
A1: Etapa | B1: BRAVA MUNDO - R01 Valor / m² | C1: BRAVA MUNDO - R00 Valor / m²
A2: GERENCIAMENTO TÉCNICO E ADMINISTRATIVO | B2: =+'Orçamento Resumo'!D2 -> 687.71307 | C2: 457.74816
A3: MOVIMENTAÇÃO DE TERRA | B3: =+'Orçamento Resumo'!D3 -> 93.336548 | C3: 19.55355
A4: CONTENÇÕES E ARRIMOS | B4: =+'Orçamento Resumo'!D4 -> 133.20388 | C4: 138.6354
A5: INFRAESTRUTURA | B5: =+'Orçamento Resumo'!D5 -> 182.91113 | C5: 192.40031
A6: SUPRAESTRUTURA | B6: =+'Orçamento Resumo'!D6 -> 776.13945 | C6: 568.85617
A7: ESTRUTURA METÁLICA | B7: =+'Orçamento Resumo'!D7 -> 58.192459 | C7: 47.117931
A8: ALVENARIA | B8: =+'Orçamento Resumo'!D8 -> 151.59204 | C8: 108.62247
A9: SISTEMAS E INSTALAÇÕES ELÉTRICAS | B9: =+'Orçamento Resumo'!D9 -> 282.44056 | C9: =+(2461.35/2171.33)*267 -> 302.66263
A10: SISTEMAS E INSTALAÇÕES HIDROSSANITÁRIAS E DRENAGEM | B10: =+'Orçamento Resumo'!D10 -> 189.6605 | C10: =+(2461.35/2171.33)*379.03 -> 429.65624
A11: INSTALAÇÕES PREVENTIVAS E GLP | B11: =+'Orçamento Resumo'!D11 -> 41.546556 | C11: =+(2461.35/2171.33)*42.64 -> 48.335335
A12: CLIMATIZAÇÃO E EXAUSTÃO | B12: =+'Orçamento Resumo'!D12 -> 124.63963 | C12: =+(2461.35/2171.33)*(532153.8/4811.62) -> 125.36993
A13: AUTOMAÇÃO E SISTEMAS LÓGICOS E TELECOMUNICAÇÃO | B13: =+'Orçamento Resumo'!D13 -> 65.608745 | C13: =+(2461.35/2171.33)*(284277.6/4811.62) -> 66.972862
A14: IMPERMEABILIZAÇÃO | B14: =+'Orçamento Resumo'!D14 -> 61.959132 | C14: 71.678603
A15: REVESTIMENTOS INTERNOS EM PISO E PAREDE | B15: =+'Orçamento Resumo'!D15 -> 99.417518 | C15: 110.56347
A16: REVESTIMENTOS E ACABAMENTOS INTERNOS EM TETO | B16: =+'Orçamento Resumo'!D16 -> 59.022286 | C16: 58.704921
A17: ACABAMENTOS EM PISO E PAREDE | B17: =+'Orçamento Resumo'!D17 -> 227.52419 | C17: 208.7637
A18: PINTURA INTERNA | B18: =+'Orçamento Resumo'!D18 -> 87.264057 | C18: 100.35459
A19: ESQUADRIAS, VIDROS E FERRAGENS | B19: =+'Orçamento Resumo'!D19 -> 553.94605 | C19: 543.22731
A20: REVESTIMENTOS E ACABAMENTOS DE FACHADA | B20: =+'Orçamento Resumo'!D20 -> 154.52794 | C20: 180.62413
A21: EQUIPAMENTOS E SISTEMAS ESPECIAIS | B21: =+'Orçamento Resumo'!D21 -> 133.01134 | C21: 100.1256
A22: SERVIÇOS COMPLEMENTARES E FINAIS | B22: =+'Orçamento Resumo'!D22 -> 82.139086 | C22: 27.092811
A23: TOTAL | B23: =SUM(B2:B22) -> 4245.7962 | C23: =SUM(C2:C22) -> 3907.0661

Sheet Planilha2
A1: =+(2461.35/2171.33) -> 1.1335679
A3: 23368.8 | B3: =+A3*$A$1 -> 26490.122
A4: 73710.9 | B4: =+A4*$A$1 -> 83556.311
A5: 28665.35 | B5: =+A5*$A$1 -> 32494.121
A6: 12390.3 | B6: =+A6*$A$1 -> 14045.246
A7: 4818.45 | B7: =+A7*$A$1 -> 5462.0403
A8: 42189.3 | B8: =+A8*$A$1 -> 47824.436
A9: 16406.95 | B9: =+A9*$A$1 -> 18598.392
A10: 29746.8 | B10: =+A10*$A$1 -> 33720.018
A11: 11568.2 | B11: =+A11*$A$1 -> 13113.34
A12: 29746.8 | B12: =+A12*$A$1 -> 33720.018
A13: 11568.2 | B13: =+A13*$A$1 -> 13113.34
A14: 148734 | B14: =+A14*$A$1 -> 168600.09
... A32: 6623.8 | B32: =+A32*$A$1 -> 7508.5271
