Workbook

Sheet Gerenciamento executivo 
A1: ETAPA | B1: ARTEFACTO TOWERS | D1: OBRA SIMILAR
B2: VALOR TOTAL | C2: VALOR / m² | D2: VALOR / m² | E2: Valor 1 | F2: Valor 2
A3: MOVIMENTAÇÃO DE TERRA | B3: =Executivo_01!B3 -> 217515.05 | C3: =Executivo_01!D3 -> 5.7295429 | D3: 4,50 - 7,50 | E3: 4.5 | F3: 3
A4: INFRAESTRUTURA | B4: =Executivo_01!B4 -> 6313459 | C4: =Executivo_01!D4 -> 166.30221 | D4: 120,00 - 170,00 | E4: 120 | F4: 50
A5: SUPRAESTRUTURA | B5: =Executivo_01!B5 -> 22441011 | C5: =Executivo_01!D5 -> 591.11651 | D5: 580,00 - 640,00 | E5: 580 | F5: =640-580 -> 60
A6: ALVENARIA | B6: =Executivo_01!B6 -> 3875239.6 | C6: =Executivo_01!D6 -> 102.07731 | D6: 95,00 - 120,00 | E6: 95 | F6: =120-95 -> 25
A7: INSTALAÇÕES ELÉTRICAS, HIDRÁULICAS, GLP E PREVENTIVAS | B7: =Executivo_01!B7 -> 8676271.4 | C7: =Executivo_01!D7 -> 228.54083 | D7: 185,00 - 245,00 | E7: 185 | F7: =245-E7 -> 60
A8: SISTEMAS E EQUIPAMENTOS ESPECIAIS | B8: =Executivo_01!B8 -> 4605750 | C8: =Executivo_01!D8 -> 121.31962 | D8: 100,00 - 180,00 | E8: 100 | F8: 80
A9: IMPERMEABILIZAÇÃO | B9: =Executivo_01!B9 -> 1716055 | C9: =Executivo_01!D9 -> 45.202438 | D9: 40,00 - 60,00 | E9: 40 | F9: 20
A10: REVESTIMENTOS INTERNOS EM PISO E PAREDE | B10: =Executivo_01!B10 -> 5612552.1 | C10: =Executivo_01!D10 -> 147.83969 | D10: 140,00 - 160,00 | E10: 140 | F10: 20
A11: REVESTIMENTOS DE TETO | B11: =Executivo_01!B11 -> 2682225.1 | C11: =Executivo_01!D11 -> 70.652232 | D11: 60,00 - 70,00 | E11: 60 | F11: 10
A12: ACABAMENTOS EM PISO E PAREDE | B12: =Executivo_01!B12 -> 6006266.2 | C12: =Executivo_01!D12 -> 158.21048 | D12: 120,00 - 160,00 | E12: 120 | F12: 40
A13: PINTURA INTERNA | B13: =Executivo_01!B13 -> 3695595.4 | C13: =Executivo_01!D13 -> 97.345321 | D13: 90,00 - 110,00 | E13: 90 | F13: =115-95 -> 20
A14: ESQUADRIAS, VIDROS E FERRAGENS | B14: =Executivo_01!B14 -> 6972238.2 | C14: =Executivo_01!D14 -> 183.65505 | D14: 155,00 - 200,00 | E14: 155 | F14: =200-E14 -> 45
A15: REVESTIMENTOS E ACABAMENTOS DE FACHADA | B15: =Executivo_01!B15 -> 3833018.1 | C15: =Executivo_01!D15 -> 100.96516 | D15: 80,00 - 120,00 | E15: 80 | F15: =120-E15 -> 40
A16: COBERTURA | B16: =Executivo_01!B16 -> 308310.45 | C16: =Executivo_01!D16 -> 8.1211758 | D16: 5,50 - 20,00 | E16: 5.5 | F16: =20-E16 -> 14.5
A17: SERVIÇOS COMPLEMENTARES | B17: =Executivo_01!B17 -> 5030110.2 | C17: =Executivo_01!D17 -> 132.49765 | D17: 75,00 - 110,00 | E17: 75 | F17: =110-E17 -> 35
A18: TOTAL | B18: =SUM(B3:B17) -> 81985617 | C18: =SUM(C3:C17) -> 2159.5752 | D18: 1.814,50 - 2.232,50

Sheet Executivo_01
A1: ETAPA | B1: VALOR ORÇADO | C1: % | D1: VALOR / m² | E1: VALOR / UNIDADE
A2: DESPESAS INDIRETAS | B2: =12877310.784 -> 12877311 | C2: =B2/B$19 -> 0.1337404 | D2: =B2/J$29 -> 339.2 | E2: =B2/I$29 -> 66037.491
A3: MOVIMENTAÇÃO DE TERRA | B3: 217515.05 | C3: =B3/B$19 -> 0.0022590547 | D3: =B3/J$29 -> 5.7295429 | E3: =B3/I$29 -> 1115.4618
A4: INFRAESTRUTURA | B4: =6530974.06-B3 -> 6313459 | C4: =B4/B$19 -> 0.065569942 | D4: =B4/J$29 -> 166.30221 | E4: =B4/I$29 -> 32376.713 | K4: 8258016.5 | L4: 8656286.5 | M4: 5526708.3
A5: SUPRAESTRUTURA | B5: =8305575.95+8611826.93+5523608.43 -> 22441011 | C5: =B5/B$19 -> 0.2330665 | D5: =B5/J$29 -> 591.11651 | E5: =B5/I$29 -> 115082.11
A6: ALVENARIA | B6: =1427101.77+709128.78+1739009.07 -> 3875239.6 | C6: =B6/B$19 -> 0.04024723 | D6: =B6/J$29 -> 102.07731 | E6: =B6/I$29 -> 19873.024
A7: INSTALAÇÕES ELÉTRICAS, HIDRÁULICAS, GLP E PREVENTIVAS | B7: =SUM(H7:H9) -> 8676271.4 | C7: =B7/B$19 -> 0.090109496 | D7: =B7/J$29 -> 228.54083 | E7: =B7/I$29 -> 44493.699 | G7: elétrica | H7: =1503257.44+1228961.57+1933243.19 -> 4665462.2
A8: SISTEMAS E EQUIPAMENTOS ESPECIAIS | B8: =3790000+127396.13+246674.36+233116.51+62002+73000+73561 -> 4605750 | C8: =B8/B$19 -> 0.047834121 | D8: =B8/J$29 -> 121.31962 | E8: =B8/I$29 -> 23619.231 | G8: hidráulica | H8: =699629.85+1249222.7+1184953.25 -> 3133805.8
A9: IMPERMEABILIZAÇÃO | B9: =351850.05+693343.21+670861.7 -> 1716055 | C9: =B9/B$19 -> 0.0178225 | D9: =B9/J$29 -> 45.202438 | E9: =B9/I$29 -> 8800.2818 | G9: GLP | H9: =295084.54+315311.78+266607.04 -> 877003.36
A10: REVESTIMENTOS INTERNOS EM PISO E PAREDE | B10: =1642612.71+2089086.72+1880852.72 -> 5612552.1 | C10: =B10/B$19 -> 0.058290506 | D10: =B10/J$29 -> 147.83969 | E10: =B10/I$29 -> 28782.319 | K10: REVESTIMENTOS INTERNOS EM PISO E PAREDE
A11: REVESTIMENTOS DE TETO | B11: =292414.1+1298975.1+1090835.9 -> 2682225.1 | C11: =B11/B$19 -> 0.027856892 | D11: =B11/J$29 -> 70.652232 | E11: =B11/I$29 -> 13755.001 | K11: REVESTIMENTOS E ACABAMENTOS INTERNOS EM TETO
A12: ACABAMENTOS EM PISO E PAREDE | B12: =SUM(H22:H25) -> 6006266.2 | C12: =B12/B$19 -> 0.062379518 | D12: =B12/J$29 -> 158.21048 | E12: =B12/I$29 -> 30801.365 | G12: climatização | H12: =127396.13+246674.36+233116.51 -> 607187 | K12: ACABAMENTOS EM PISO E PAREDE
A13: PINTURA INTERNA | B13: =1237107.6+1305922.71+1152565.07 -> 3695595.4 | C13: =B13/B$19 -> 0.038381492 | D13: =B13/J$29 -> 97.345321 | E13: =B13/I$29 -> 18951.771 | G13: automação | H13: =62002+73000+73561 -> 208563 | K13: PINTURA INTERNA
A14: ESQUADRIAS, VIDROS E FERRAGENS | B14: =4830529.1+302692.76+1839016.32 -> 6972238.2 | C14: =B14/B$19 -> 0.072411851 | D14: =B14/J$29 -> 183.65505 | E14: =B14/I$29 -> 35755.068 | K14: ESQUADRIAS, VIDROS E FERRAGENS
A15: REVESTIMENTOS E ACABAMENTOS DE FACHADA | B15: =1024832.06+1485301.79+1322884.28 -> 3833018.1 | C15: =B15/B$19 -> 0.039808728 | D15: =B15/J$29 -> 100.96516 | E15: =B15/I$29 -> 19656.503 | G15: piso | H15: =2113334.85+852405.37+1128981.62 -> 4094721.8 | K15: REVESTIMENTOS E ACABAMENTOS DE FACHADA
A16: COBERTURA | B16: =70292.6+39406.85+198611 -> 308310.45 | C16: =B16/B$19 -> 0.0032020321 | D16: =B16/J$29 -> 8.1211758 | E16: =B16/I$29 -> 1581.0792 | G16: parede | H16: =758516.68+1086283.18+66556.32 -> 1911356.2
A17: SERVIÇOS COMPLEMENTARES | B17: 5030110.2 | C17: =B17/B$19 -> 0.052241415 | D17: =B17/J$29 -> 132.49765 | E17: =B17/I$29 -> 25795.437
A18: IMPREVISTOS E CONTINGÊNCIAS | B18: 1422943.9 | C18: =B18/B$19 -> 0.014778325 | D18: =B18/J$29 -> 37.481628 | E18: =B18/I$29 -> 7297.1483 | G18: alumínio | H18: =855637.15+2449670.96+2511536.07 -> 5816844.2 | K18: REVESTIMENTOS E ACABAMENTOS DE FACHADA
A19: TOTAL | B19: =SUM(B2:B18) -> 96285872 | C19: =SUM(C2:C18) -> 1 | D19: =SUM(D2:D18) -> 2536.2569 | E19: =SUM(E2:E18) -> 493773.7 | G19: madeira | H19: =503854.5+596469.5+55070 -> 1155394
A20: CUB | B20: 2403.54 | C20: 44501 | D20: =+D19/B20 -> 1.0552172 | E20: CUBs
G22: Rodapés | H22: =92325.32+391037.93+328000.83 -> 811364.08
G24: piso | H24: =1643845.85+823664.96+1175691.02 -> 3643201.8
G25: parede | H25: =576375.45+849969.19+125355.7 -> 1551700.3
I29: 195 | J29: 37963.77
