Workbook

Sheet Orçamento Resumo
A1: Etapa | B1: Valor Orçado | C1: % | D1: Valor / m² | E1: Valor / AP
A2: GERENCIAMENTO TÉCNICO E ADMINISTRATIVO | B2: 3013235.5 | C2: =+B2/$B$20 -> 0.092538946 | D2: =+B2/$H$4 -> 230.72866 | E2: =+B2/$H$5 -> 35449.829
A3: MOVIMENTAÇÃO DE TERRA | B3: 80164.15 | C3: =+B3/$B$20 -> 0.0024619071 | D3: =+B3/$H$4 -> 6.1383077 | E3: =+B3/$H$5 -> 943.10765
A4: INFRAESTRUTURA | B4: 1544587.6 | C4: =+B4/$B$20 -> 0.047435559 | D4: =+B4/$H$4 -> 118.27175 | E4: =+B4/$H$5 -> 18171.619 | H4: 13059.65
A5: SUPRAESTRUTURA | B5: 8441321.5 | C5: =+B5/$B$20 -> 0.25923994 | D5: =+B5/$H$4 -> 646.36659 | E5: =+B5/$H$5 -> 99309.664 | H5: =5*17 -> 85
A6: ALVENARIA | B6: 1813065.7 | C6: =+B6/$B$20 -> 0.055680742 | D6: =+B6/$H$4 -> 138.82958 | E6: =+B6/$H$5 -> 21330.185
A7: INSTALAÇÕES ELÉTRICAS, HIDROSSANITÁRIAS, PREVENTIVAS E GLP | B7: =1841414+1833710.01+515860 -> 4190984 | C7: =+B7/$B$20 -> 0.12870857 | D7: =+B7/$H$4 -> 320.9109 | E7: =+B7/$H$5 -> 49305.694
A8: CLIMATIZAÇÃO E EXAUSTÃO | B8: 586387 | C8: =+B8/$B$20 -> 0.018008428 | D8: =+B8/$H$4 -> 44.900667 | E8: =+B8/$H$5 -> 6898.6706
A9: IMPERMEABILIZAÇÃO | B9: 719014.51 | C9: =+B9/$B$20 -> 0.022081528 | D9: =+B9/$H$4 -> 55.056185 | E9: =+B9/$H$5 -> 8458.9942 | I9: 15976022
A10: REVESTIMENTOS INTERNOS EM PISO E PAREDE | B10: 1934211.4 | C10: =+B10/$B$20 -> 0.059401227 | D10: =+B10/$H$4 -> 148.10591 | E10: =+B10/$H$5 -> 22755.428 | I10: =I9/H4 -> 1223.3116
A11: REVESTIMENTOS E ACABAMENTOS INTERNOS EM TETO | B11: 695554.38 | C11: =+B11/$B$20 -> 0.021361048 | D11: =+B11/$H$4 -> 53.259803 | E11: =+B11/$H$5 -> 8182.9927
A12: ACABAMENTOS EM PISO E PAREDE | B12: 2109776.3 | C12: =+B12/$B$20 -> 0.064792969 | D12: =+B12/$H$4 -> 161.54922 | E12: =+B12/$H$5 -> 24820.898
A13: PINTURA INTERNA | B13: 1140273.6 | C13: =+B13/$B$20 -> 0.035018742 | D13: =+B13/$H$4 -> 87.312724 | E13: =+B13/$H$5 -> 13414.984
A14: ESQUADRIAS | B14: 2202497.9 | C14: =+B14/$B$20 -> 0.067640526 | D14: =+B14/$H$4 -> 168.64908 | E14: =+B14/$H$5 -> 25911.74
A15: REVESTIMENTOS E ACABAMENTOS DE FACHADA | B15: 1154120.5 | C15: =+B15/$B$20 -> 0.035443992 | D15: =+B15/$H$4 -> 88.373005 | E15: =+B15/$H$5 -> 13577.888
A16: COBERTURA | B16: 147906.1 | C16: =+B16/$B$20 -> 0.0045423182 | D16: =+B16/$H$4 -> 11.325426 | E16: =+B16/$H$5 -> 1740.0718
A17: EQUIPAMENTOS E SISTEMAS ESPECIAIS | B17: 1230000 | C17: =+B17/$B$20 -> 0.037774314 | D17: =+B17/$H$4 -> 94.183228 | E17: =+B17/$H$5 -> 14470.588
A18: SERVIÇOS COMPLEMENTARES | B18: 1077500 | C18: =+B18/$B$20 -> 0.033090913 | D18: =+B18/$H$4 -> 82.50604 | E18: =+B18/$H$5 -> 12676.471
A19: IMPREVISTOS E CONTINGÊNCIAS | B19: 481209 | C19: =+B19/$B$20 -> 0.014778325 | D19: =+B19/$H$4 -> 36.847006 | E19: =+B19/$H$5 -> 5661.2824
A20: TOTAL | B20: =SUM(B2:B19) -> 32561809 | C20: =SUM(C2:C19) -> 1 | D20: =SUM(D2:D19) -> 2493.3141 | E20: =SUM(E2:E19) -> 383080.11
A21: CUB/SC | B21: 2470.83 | C21: 44682 | D21: =+D20/B21 -> 1.0090998 | E21: CUB

Sheet Planilha1
A1: Etapa | B1: BROOKLYN Valor / m² | C1: OBRA SIMILAR Valor / m²
A2: MOVIMENTAÇÃO DE TERRA | B2: ='Orçamento Resumo'!D3 -> 6.1383077 | C2: 3,50 - 9,50 | D2: 3.5 | E2: 10
A3: INFRAESTRUTURA | B3: ='Orçamento Resumo'!D4 -> 118.27175 | C3: 110,00 - 150,00 | D3: 110 | E3: 150
A4: SUPRAESTRUTURA | B4: ='Orçamento Resumo'!D5 -> 646.36659 | C4: 580,00 - 680,00 | D4: 580 | E4: 680
A5: ALVENARIA | B5: ='Orçamento Resumo'!D6 -> 138.82958 | C5: 110,00 -140,00 | D5: 110 | E5: 140
A6: INSTALAÇÕES ELÉTRICAS, HIDROSSANITÁRIAS, PREVENTIVAS E GLP | B6: ='Orçamento Resumo'!D7 -> 320.9109 | C6: 270,00 - 320,00 | D6: 270 | E6: 320
A7: CLIMATIZAÇÃO E EXAUSTÃO | B7: ='Orçamento Resumo'!D8 -> 44.900667 | C7: 40,00 - 50,00 | D7: 40 | E7: 50
A8: IMPERMEABILIZAÇÃO | B8: ='Orçamento Resumo'!D9 -> 55.056185 | C8: 40,00 - 65,00 | D8: 40 | E8: 65
A9: REVESTIMENTOS INTERNOS EM PISO E PAREDE | B9: ='Orçamento Resumo'!D10 -> 148.10591 | C9: 145,00 - 165,00 | D9: 145 | E9: 165
A10: REVESTIMENTOS E ACABAMENTOS INTERNOS EM TETO | B10: ='Orçamento Resumo'!D11 -> 53.259803 | C10: 50,00 - 70,00 | D10: 50 | E10: 70
A11: ACABAMENTOS EM PISO E PAREDE | B11: ='Orçamento Resumo'!D12 -> 161.54922 | C11: 150,00 - 200,00 | D11: 150 | E11: 200
A12: PINTURA INTERNA | B12: ='Orçamento Resumo'!D13 -> 87.312724 | C12: 85,00 - 100,00 | D12: 85 | E12: 100
A13: ESQUADRIAS | B13: ='Orçamento Resumo'!D14 -> 168.64908 | C13: 165,00 - 220,00 | D13: 165 | E13: 220
... A17: SERVIÇOS COMPLEMENTARES | B17: ='Orçamento Resumo'!D18 -> 82.50604 | C17: 80,00 - 120,00 | D17: 80 | E17: 120
A18: TOTAL EXECUTIVO | B18: =SUM(B2:B17) -> 2225.7384 | C18: 2015,00 - 2.502,00 | D18: =SUM(D2:D17) -> 2005 | E18: =SUM(E2:E17) -> 2522
