Workbook

Sheet Gerenciamento executivo 
A1: ETAPA | B1: BRAVA VALLEY | D1: BRAVA GARDEN | E1: OBRA SIMILAR
B2: VALOR | C2: VALOR / m² | D2: VALOR / m² (ago/21) | E2: VALOR / m² | F2: Valor 1 | G2: Valor 2
A3: MOVIMENTAÇÃO DE TERRA | B3: ='Executivo '!B3 -> 103252.92 | C3: ='Executivo '!D3 -> 4.3941695 | D3: 2.3422495 | E3: 4,50 - 7,50 | F3: 4.5 | G3: 7.5
A4: INFRAESTRUTURA | B4: ='Executivo '!B4 -> 1689803.4 | C4: ='Executivo '!D4 -> 71.913534 | D4: 110.62363 | E4: 100,00 - 150,00 | F4: 100 | G4: 150
A5: SUPRAESTRUTURA | B5: ='Executivo '!B5 -> 7764124.1 | C5: ='Executivo '!D5 -> 330.42046 | D5: 412.2968 | E5: 580,00 - 620,00 | F5: 580 | G5: 620
A6: ALVENARIA | B6: ='Executivo '!B6 -> 2497595.3 | C6: ='Executivo '!D6 -> 106.29101 | D6: 99.425134 | E6: 85,00 - 110,00 | F6: 85 | G6: 110
A7: INSTALAÇÕES ELÉTRICAS, HIDRÁULICAS, GLP E PREVENTIVAS | B7: ='Executivo '!B7 -> 16360897 | C7: ='Executivo '!D7 -> 696.27623 | D7: 299.72932 | E7: 230,00 - 270,00 | F7: 230 | G7: 270
A8: SISTEMAS E EQUIPAMENTOS ESPECIAIS | B8: ='Executivo '!B8 -> 3983306.6 | C8: ='Executivo '!D8 -> 169.51893 | D8: 125.37076 | E8: 130,00 - 240,00 | F8: 130 | G8: 2240
A9: IMPERMEABILIZAÇÃO | B9: ='Executivo '!B9 -> 1126015.4 | C9: ='Executivo '!D9 -> 47.920219 | D9: 32.643297 | E9: 40,00 - 50,00 | F9: 40 | G9: 50
A10: REVESTIMENTOS INTERNOS EM PISO E PAREDE | B10: ='Executivo '!B10 -> 3831740.5 | C10: ='Executivo '!D10 -> 163.06868 | D10: 159.8785 | E10: 140,00 - 180,00 | F10: 140 | G10: 180
A11: REVESTIMENTOS E ACABAMENTOS INTERNOS EM TETO | B11: ='Executivo '!B11 -> 1423325.1 | C11: ='Executivo '!D11 -> 60.572927 | D11: 46.284183 | E11: 60,00 - 70,00 | F11: 60 | G11: 70
A12: ACABAMENTOS EM PISO E PAREDE | B12: ='Executivo '!B12 -> 4780396.2 | C12: ='Executivo '!D12 -> 203.44094 | D12: 215.04584 | E12: 180,00 - 240,00 | F12: 180 | G12: 240
A13: PINTURA INTERNA | B13: ='Executivo '!B13 -> 2147438.6 | C13: ='Executivo '!D13 -> 91.389271 | D13: 87.527611 | E13: 110,00 - 130,00 | F13: 110 | G13: 130
A14: ESQUADRIAS, VIDROS E FERRAGENS | B14: ='Executivo '!B14 -> 5163776.5 | C14: ='Executivo '!D14 -> 219.75659 | D14: 243.51026 | E14: 330,00 - 400,00 | F14: 330 | G14: 400
... A16: SERVIÇOS COMPLEMENTARES | B16: ='Executivo '!B16 -> 4629227.4 | C16: ='Executivo '!D16 -> 197.0076 | D16: 137.88644 | E16: 130,00 - 180,00 | F16: 130 | G16: 180
A17: TOTAL | B17: =SUM(B3:B16) -> 57502889 | C17: =SUM(C3:C16) -> 2447.1699 | D17: =SUM(D3:D16) -> 2090.7949 | E17: 2.200,00 - 4.800,00 | F17: =SUM(F3:F16) -> 2199.5 | G17: =SUM(G3:G16) -> 4767.5
A22: 2329.85
A23: 2470.83 | B23: =A23/A22 -> 1.0605103 | E23: 27312703

Sheet Executivo 
A1: ETAPA | B1: VALOR ORÇADO | C1: % | D1: VALOR / m² | E1: VALOR / UNIDADE
A2: GERENCIAMENTO TÉCNICO E ADMINISTRATIVO | B2: 8650784.5 | C2: =B2/B$17 -> 0.13076801 | D2: =B2/'Executivo '!H$10 -> 368.15437 | E2: =B2/H$7 -> 63608.71 | G2: 240-320
A3: MOVIMENTAÇÃO DE TERRA | B3: 103252.92 | C3: =B3/B$17 -> 0.001560804 | D3: =B3/'Executivo '!H$10 -> 4.3941695 | E3: =B3/H$7 -> 759.21265
A4: INFRAESTRUTURA | B4: 1689803.4 | C4: =B4/B$17 -> 0.025543606 | D4: =B4/'Executivo '!H$10 -> 71.913534 | E4: =B4/H$7 -> 12425.025
A5: SUPRAESTRUTURA | B5: 7764124.1 | C5: =B5/B$17 -> 0.11736497 | D5: =B5/'Executivo '!H$10 -> 330.42046 | E5: =B5/H$7 -> 57089.148
A6: ALVENARIA | B6: 2497595.3 | C6: =B6/B$17 -> 0.037754446 | D6: =B6/'Executivo '!H$10 -> 106.29101 | E6: =B6/H$7 -> 18364.671
A7: INSTALAÇÕES ELÉTRICAS, HIDRÁULICAS, GLP E PREVENTIVAS | B7: 16360897 | C7: =B7/B$17 -> 0.24731653 | D7: =B7/'Executivo '!H$10 -> 696.27623 | E7: =B7/H$7 -> 120300.71 | H7: 136
A8: SISTEMAS E EQUIPAMENTOS ESPECIAIS | B8: 3983306.6 | C8: =B8/B$17 -> 0.060212932 | D8: =B8/'Executivo '!H$10 -> 169.51893 | E8: =B8/H$7 -> 29289.019
A9: IMPERMEABILIZAÇÃO | B9: =1094775.1+31240.31 -> 1126015.4 | C9: =B9/B$17 -> 0.017021208 | D9: =B9/'Executivo '!H$10 -> 47.920219 | E9: =B9/H$7 -> 8279.5251
A10: REVESTIMENTOS INTERNOS EM PISO E PAREDE | B10: 3831740.5 | C10: =B10/B$17 -> 0.057921809 | D10: =B10/'Executivo '!H$10 -> 163.06868 | E10: =B10/H$7 -> 28174.562 | H10: 23497.71 | I10: REVESTIMENTOS INTERNOS EM PISO E PAREDE
A11: REVESTIMENTOS E ACABAMENTOS INTERNOS EM TETO | B11: 1423325.1 | C11: =B11/B$17 -> 0.021515435 | D11: =B11/'Executivo '!H$10 -> 60.572927 | E11: =B11/H$7 -> 10465.626 | I11: REVESTIMENTOS E ACABAMENTOS INTERNOS EM TETO
A12: ACABAMENTOS EM PISO E PAREDE | B12: 4780396.2 | C12: =B12/B$17 -> 0.072261991 | D12: =B12/'Executivo '!H$10 -> 203.44094 | E12: =B12/H$7 -> 35149.972 | I12: ACABAMENTOS EM PISO E PAREDE
A13: PINTURA INTERNA | B13: 2147438.6 | C13: =B13/B$17 -> 0.032461366 | D13: =B13/'Executivo '!H$10 -> 91.389271 | E13: =B13/H$7 -> 15789.99 | I13: PINTURA INTERNA
A14: ESQUADRIAS, VIDROS E FERRAGENS | B14: 5163776.5 | C14: =B14/B$17 -> 0.078057291 | D14: =B14/'Executivo '!H$10 -> 219.75659 | E14: =B14/H$7 -> 37968.945 | I14: ESQUADRIAS, VIDROS E FERRAGENS
A15: REVESTIMENTOS E ACABAMENTOS DE FACHADA | B15: 2001990.1 | C15: =B15/B$17 -> 0.03026272 | D15: =B15/'Executivo '!H$10 -> 85.199371 | E15: =B15/H$7 -> 14720.516 | I15: COBERTURA
A16: SERVIÇOS COMPLEMENTARES | B16: 4629227.4 | C16: =B16/B$17 -> 0.069976875 | D16: =B16/'Executivo '!H$10 -> 197.0076 | E16: =B16/H$7 -> 34038.436 | I16: REVESTIMENTOS E ACABAMENTOS DE FACHADA
A17: TOTAL | B17: =SUM(B2:B16) -> 66153674 | C17: =SUM(C2:C16) -> 1 | D17: =SUM(D2:D16) -> 2815.3243 | E17: =SUM(E2:E16) -> 486424.07
A18: CUB/SC | B18: 2470.83 | C18: 44682 | D18: =+D17/B18 -> 1.1394245 | E18: CUBs

Sheet Planilha1
B1: Supra
B2: 18496.22
B3: 1204682.2
B4: 707719.54
B5: 774484.66
B6: 191627.94
B7: 192879.19
B8: 286483.51
B9: 286483.51
B10: 164367.64
