Workbook

Sheet PAINEL
A1: PAINEL DE CONTROLE
A4: Projeto: | B4: =DADOS_PROJETO!B2
A5: Área Construída: | B5: =DADOS_PROJETO!B6&" m²"
A6: Unidades: | B6: =DADOS_PROJETO!B7+DADOS_PROJETO!B8
A8: Custo Total: | B8: =CUSTOS_MACROGRUPO!G20
A9: Custo/m²: | B9: =CUSTOS_MACROGRUPO!G20/DADOS_PROJETO!B6
A10: Custo/Unidade: | B10: =CUSTOS_MACROGRUPO!G20/(DADOS_PROJETO!B7+DADOS_PROJETO!B8)
A12: CUB Atual: | B12: =DADOS_PROJETO!B19
A13: Fator CUB: | B13: =DADOS_PROJETO!B19/DADOS_PROJETO!B20
A15: Top 3 Macrogrupos:
A16: 1º | B16: =INDEX(CUSTOS_MACROGRUPO!B:B,MATCH(LARGE(CUSTOS_MACROGRUPO!H:H,1),CUSTOS_MACROGRUPO!H:H,0))&" ("&TEXT(LARGE(CUSTOS_MACROGRUPO!H:H,1),"0.0%")&")"
A17: 2º | B17: =INDEX(CUSTOS_MACROGRUPO!B:B,MATCH(LARGE(CUSTOS_MACROGRUPO!H:H,2),CUSTOS_MACROGRUPO!H:H,0))&" ("&TEXT(LARGE(CUSTOS_MACROGRUPO!H:H,2),"0.0%")&")"
A18: 3º | B18: =INDEX(CUSTOS_MACROGRUPO!B:B,MATCH(LARGE(CUSTOS_MACROGRUPO!H:H,3),CUSTOS_MACROGRUPO!H:H,0))&" ("&TEXT(LARGE(CUSTOS_MACROGRUPO!H:H,3),"0.0%")&")"

Sheet DADOS_PROJETO
A1: DADOS DO PROJETO
A2: Nome do Projeto
A3: Código
A4: Cidade
A6: Área Construída (m²)
A7: Unidades Residenciais
A8: Unidades Comerciais
A9: Número de Pavimentos
A10: Pavimentos Tipo
A11: Pavimentos Garagem
A12: Elevadores
A13: Vagas
... A19: CUB Atual (R$/m²)
A20: CUB Base dez/23 (R$/m²) | B20: 2752.67
A21: Data-base

Sheet BRIEFING
A1: # | B1: Pergunta | C1: Resposta | D1: Macrogrupos Afetados
A2: Q1 | B2: Tipo de Fundação | D2: Infraestrutura
A3: Q2 | B3: Tipo de Laje | D3: Supraestrutura
A4: Q3 | B4: Contenção | D4: Infraestrutura
A5: Q4 | B5: Subsolos | D5: Mov. Terra, Infraestrutura, Impermeabilização
A6: Q5 | B6: Padrão | D6: Rev. Int. Parede, Teto, Pisos, Pintura, Esquadrias, Fachada, Complementares
A7: Q6 | B7: Esquadria | D7: Esquadrias
A8: Q7 | B8: Piso | D8: Pisos
A9: Q8 | B9: Vedação | D9: Alvenaria
A10: Q9 | B10: Forro | D10: Teto
A11: Q10 | B11: Fachada | D11: Fachada
A12: Q11 | B12: MO Fachada | D12: Fachada
A13: Q12 | B13: Cobertura Habitável | D13: Complementares
... A26: Q25 | B26: Pressurização | D26: Instalações

Sheet FATORES
A1: MATRIZ DE FATORES
A2: Macrogrupo | B2: Q1 | C2: Q2 | D2: Q3 | E2: Q4 | F2: Q5 | G2: Q6 | H2: Q7 | I2: Q8 | J2: Q9 | K2: Q10 | L2: Q11 | M2: Q12 | N2: Q13 | O2: Q14 | P2: Q15 | Q2: Q16 | R2: Q17 | S2: Q18 | T2: Q19 | U2: Q20 | V2: Q21 | W2: Q22 | X2: Q23 | Y2: Q24 | Z2: Q25 | AA2: Fator Briefing
A3: Gerenciamento | B3: =1 | C3: =1 | D3: =1 | E3: =1 | F3: =1 | G3: =1 | H3: =1 | I3: =1 | ... S3: =1 | T3: =IF(BRIEFING!$C$20="18",0.6,IF(BRIEFING!$C$20="24",0.75,IF(BRIEFING!$C$20="30",0.88,IF(BRIEFING!$C$20="36",1.0,IF(BRIEFING!$C$20="42",1.15,IF(BRIEFING!$C$20="48",1.3,1)))))) | U3: =IF(BRIEFING!$C$21="Interior SC",0.95,IF(BRIEFING!$C$21="Litoral SC",1.0,IF(BRIEFING!$C$21="Capital Floripa",1.05,IF(BRIEFING!$C$21="Litoral SP",1.15,IF(BRIEFING!$C$21="Capital SP-RJ",1.25,1))))) | V3: =1 | W3: =1 | X3: =1 | Y3: =1 | Z3: =1 | AA3: =PRODUCT(B3:Z3)
A4: Mov. Terra | B4: =1 | C4: =1 | D4: =1 | E4: =IF(BRIEFING!$C$5="0",1.0,IF(BRIEFING!$C$5="1",2.0,IF(BRIEFING!$C$5="2",3.5,IF(BRIEFING!$C$5="3+",5.0,1)))) | F4: =1 | G4: =1 | H4: =1 | I4: =1 | J4: =1 | K4: =1 | L4: =1 | M4: =1 | ... T4: =1 | U4: =IF(BRIEFING!$C$21="Interior SC",0.95,IF(BRIEFING!$C$21="Litoral SC",1.0,IF(BRIEFING!$C$21="Capital Floripa",1.05,IF(BRIEFING!$C$21="Litoral SP",1.15,IF(BRIEFING!$C$21="Capital SP-RJ",1.25,1))))) | V4: =1 | W4: =1 | X4: =1 | Y4: =1 | Z4: =1 | AA4: =PRODUCT(B4:Z4)
A5: Infraestrutura | B5: =IF(BRIEFING!$C$2="Hélice Contínua",1.0,IF(BRIEFING!$C$2="Estaca Franki",0.9,IF(BRIEFING!$C$2="Tubulão",1.15,IF(BRIEFING!$C$2="Sapata/Radier",0.75,IF(BRIEFING!$C$2="Estaca raiz",1.1,1))))) | C5: =1 | D5: =IF(BRIEFING!$C$4="Não",1.0,IF(BRIEFING!$C$4="Cortina de estacas",1.4,IF(BRIEFING!$C$4="Muro de arrimo",1.2,IF(BRIEFING!$C$4="Solo grampeado",1.3,IF(BRIEFING!$C$4="Tirantes",1.35,1))))) | E5: =IF(BRIEFING!$C$5="0",1.0,IF(BRIEFING!$C$5="1",1.2,IF(BRIEFING!$C$5="2",1.4,IF(BRIEFING!$C$5="3+",1.6,1)))) | F5: =1 | G5: =1 | H5: =1 | I5: =1 | J5: =1 | K5: =1 | L5: =1 | M5: =1 | ... T5: =1 | U5: =IF(BRIEFING!$C$21="Interior SC",0.95,IF(BRIEFING!$C$21="Litoral SC",1.0,IF(BRIEFING!$C$21="Capital Floripa",1.05,IF(BRIEFING!$C$21="Litoral SP",1.15,IF(BRIEFING!$C$21="Capital SP-RJ",1.25,1))))) | V5: =1 | W5: =1 | X5: =1 | Y5: =1 | Z5: =1 | AA5: =PRODUCT(B5:Z5)
A6: Supraestrutura | B6: =1 | C6: =IF(BRIEFING!$C$3="Cubetas",1.0,IF(BRIEFING!$C$3="Protendida",1.05,IF(BRIEFING!$C$3="Maciça",1.1,IF(BRIEFING!$C$3="Mista",1.03,IF(BRIEFING!$C$3="Treliçada",0.95,1))))) | D6: =1 | E6: =1 | F6: =1 | G6: =1 | H6: =1 | I6: =1 | J6: =1 | K6: =1 | ... T6: =1 | U6: =IF(BRIEFING!$C$21="Interior SC",0.95,IF(BRIEFING!$C$21="Litoral SC",1.0,IF(BRIEFING!$C$21="Capital Floripa",1.05,IF(BRIEFING!$C$21="Litoral SP",1.15,IF(BRIEFING!$C$21="Capital SP-RJ",1.25,1))))) | V6: =1 | W6: =1 | X6: =1 | Y6: =1 | Z6: =1 | AA6: =PRODUCT(B6:Z6)
A7: Alvenaria | B7: =1 | C7: =1 | D7: =1 | E7: =1 | F7: =1 | G7: =1 | H7: =1 | I7: =IF(BRIEFING!$C$9="Alvenaria",1.0,IF(BRIEFING!$C$9="Drywall",1.8,IF(BRIEFING!$C$9="Misto",1.3,1))) | J7: =1 | K7: =1 | L7: =1 | M7: =1 | N7: =1 | O7: =1 | P7: =1 | Q7: =1 | ... T7: =1 | U7: =IF(BRIEFING!$C$21="Interior SC",0.95,IF(BRIEFING!$C$21="Litoral SC",1.0,IF(BRIEFING!$C$21="Capital Floripa",1.05,IF(BRIEFING!$C$21="Litoral SP",1.15,IF(BRIEFING!$C$21="Capital SP-RJ",1.25,1))))) | V7: =1 | W7: =1 | X7: =1 | Y7: =1 | Z7: =1 | AA7: =PRODUCT(B7:Z7)
A8: Impermeabilização | B8: =1 | C8: =1 | D8: =1 | E8: =IF(BRIEFING!$C$5="0",1.0,IF(BRIEFING!$C$5="1",1.3,IF(BRIEFING!$C$5="2",1.6,IF(BRIEFING!$C$5="3+",1.9,1)))) | F8: =1 | G8: =1 | H8: =1 | I8: =1 | J8: =1 | K8: =1 | L8: =1 | M8: =1 | ... T8: =1 | U8: =IF(BRIEFING!$C$21="Interior SC",0.95,IF(BRIEFING!$C$21="Litoral SC",1.0,IF(BRIEFING!$C$21="Capital Floripa",1.05,IF(BRIEFING!$C$21="Litoral SP",1.15,IF(BRIEFING!$C$21="Capital SP-RJ",1.25,1))))) | V8: =1 | W8: =1 | X8: =1 | Y8: =1 | Z8: =1 | AA8: =PRODUCT(B8:Z8)
A9: Instalações | B9: =1 | C9: =1 | D9: =1 | E9: =1 | F9: =1 | G9: =1 | H9: =1 | I9: =1 | ... M9: =1 | N9: =IF(BRIEFING!$C$14="Gás individual",1.0,IF(BRIEFING!$C$14="Central",1.15,IF(BRIEFING!$C$14="Solar",1.2,IF(BRIEFING!$C$14="Bomba calor",1.25,IF(BRIEFING!$C$14="Sem",0.9,1))))) | O9: =1 | P9: =1 | Q9: =1 | R9: =1 | S9: =1 | T9: =1 | U9: =IF(BRIEFING!$C$21="Interior SC",0.95,IF(BRIEFING!$C$21="Litoral SC",1.0,IF(BRIEFING!$C$21="Capital Floripa",1.05,IF(BRIEFING!$C$21="Litoral SP",1.15,IF(BRIEFING!$C$21="Capital SP-RJ",1.25,1))))) | V9: =1 | W9: =1 | X9: =1 | Y9: =IF(BRIEFING!$C$25="Sim",1.05,IF(BRIEFING!$C$25="Não",1.0,1)) | Z9: =IF(BRIEFING!$C$26="Sim",1.08,IF(BRIEFING!$C$26="Não",1.0,1)) | AA9: =PRODUCT(B9:Z9)
A10: Sist. Especiais | B10: =1 | C10: =1 | D10: =1 | E10: =1 | F10: =1 | G10: =1 | H10: =1 | I10: =1 | ... N10: =1 | O10: =IF(BRIEFING!$C$15="Mínimo",0.85,IF(BRIEFING!$C$15="Básico",1.0,IF(BRIEFING!$C$15="Completo",1.3,IF(BRIEFING!$C$15="Premium",1.6,1)))) | P10: =IF(BRIEFING!$C$16="Sem",1.0,IF(BRIEFING!$C$16="Solar comum",1.1,IF(BRIEFING!$C$16="Solar completo",1.2,1))) | Q10: =1 | R10: =1 | S10: =1 | T10: =1 | U10: =IF(BRIEFING!$C$21="Interior SC",0.95,IF(BRIEFING!$C$21="Litoral SC",1.0,IF(BRIEFING!$C$21="Capital Floripa",1.05,IF(BRIEFING!$C$21="Litoral SP",1.15,IF(BRIEFING!$C$21="Capital SP-RJ",1.25,1))))) | V10: =IF(BRIEFING!$C$22="Sim",1.15,IF(BRIEFING!$C$22="Não",1.0,1)) | W10: =IF(BRIEFING!$C$23="Sim",1.1,IF(BRIEFING!$C$23="Não",1.0,1)) | X10: =IF(BRIEFING!$C$24="Sim",1.1,IF(BRIEFING!$C$24="Não",1.0,1)) | Y10: =1 | Z10: =1 | AA10: =PRODUCT(B10:Z10)
A11: Climatização | B11: =1 | C11: =1 | D11: =1 | E11: =1 | F11: =1 | G11: =1 | H11: =1 | I11: =1 | ... T11: =1 | U11: =IF(BRIEFING!$C$21="Interior SC",0.95,IF(BRIEFING!$C$21="Litoral SC",1.0,IF(BRIEFING!$C$21="Capital Floripa",1.05,IF(BRIEFING!$C$21="Litoral SP",1.15,IF(BRIEFING!$C$21="Capital SP-RJ",1.25,1))))) | V11: =1 | W11: =1 | X11: =1 | Y11: =1 | Z11: =1 | AA11: =PRODUCT(B11:Z11)
A12: Rev. Int. Parede | B12: =1 | C12: =1 | D12: =1 | E12: =1 | F12: =IF(BRIEFING!$C$6="Econômico",0.65,IF(BRIEFING!$C$6="Standard",0.8,IF(BRIEFING!$C$6="Alto",1.0,IF(BRIEFING!$C$6="Super Alto",1.2,IF(BRIEFING!$C$6="Luxo",1.45,1))))) | G12: =1 | H12: =1 | I12: =1 | J12: =1 | K12: =1 | L12: =1 | M12: =1 | N12: =1 | ... T12: =1 | U12: =IF(BRIEFING!$C$21="Interior SC",0.95,IF(BRIEFING!$C$21="Litoral SC",1.0,IF(BRIEFING!$C$21="Capital Floripa",1.05,IF(BRIEFING!$C$21="Litoral SP",1.15,IF(BRIEFING!$C$21="Capital SP-RJ",1.25,1))))) | V12: =1 | W12: =1 | X12: =1 | Y12: =1 | Z12: =1 | AA12: =PRODUCT(B12:Z12)
A13: Teto | B13: =1 | C13: =1 | D13: =1 | E13: =1 | F13: =IF(BRIEFING!$C$6="Econômico",0.7,IF(BRIEFING!$C$6="Standard",0.8,IF(BRIEFING!$C$6="Alto",1.0,IF(BRIEFING!$C$6="Super Alto",1.2,IF(BRIEFING!$C$6="Luxo",1.4,1))))) | G13: =1 | H13: =1 | I13: =1 | J13: =IF(BRIEFING!$C$10="Estucamento",0.8,IF(BRIEFING!$C$10="Gesso liso",1.0,IF(BRIEFING!$C$10="Gesso negativo",1.15,IF(BRIEFING!$C$10="Gesso sanca",1.2,IF(BRIEFING!$C$10="Mineral",1.1,1))))) | K13: =1 | L13: =1 | M13: =1 | N13: =1 | O13: =1 | P13: =1 | Q13: =1 | R13: =1 | ... T13: =1 | U13: =IF(BRIEFING!$C$21="Interior SC",0.95,IF(BRIEFING!$C$21="Litoral SC",1.0,IF(BRIEFING!$C$21="Capital Floripa",1.05,IF(BRIEFING!$C$21="Litoral SP",1.15,IF(BRIEFING!$C$21="Capital SP-RJ",1.25,1))))) | V13: =1 | W13: =1 | X13: =1 | Y13: =1 | Z13: =1 | AA13: =PRODUCT(B13:Z13)
A14: Pisos | B14: =1 | C14: =1 | D14: =1 | E14: =1 | F14: =IF(BRIEFING!$C$6="Econômico",0.6,IF(BRIEFING!$C$6="Standard",0.75,IF(BRIEFING!$C$6="Alto",1.0,IF(BRIEFING!$C$6="Super Alto",1.3,IF(BRIEFING!$C$6="Luxo",1.7,1))))) | G14: =1 | H14: =IF(BRIEFING!$C$8="Porcelanato padrão",1.0,IF(BRIEFING!$C$8="Cerâmica",0.75,IF(BRIEFING!$C$8="Vinílico",0.85,IF(BRIEFING!$C$8="Importado",1.5,IF(BRIEFING!$C$8="Mármore",2.0,1))))) | I14: =1 | J14: =1 | K14: =1 | L14: =1 | M14: =1 | N14: =1 | O14: =1 | P14: =1 | ... T14: =1 | U14: =IF(BRIEFING!$C$21="Interior SC",0.95,IF(BRIEFING!$C$21="Litoral SC",1.0,IF(BRIEFING!$C$21="Capital Floripa",1.05,IF(BRIEFING!$C$21="Litoral SP",1.15,IF(BRIEFING!$C$21="Capital SP-RJ",1.25,1))))) | V14: =1 | W14: =1 | X14: =1 | Y14: =1 | Z14: =1 | AA14: =PRODUCT(B14:Z14)
A15: Pintura | B15: =1 | C15: =1 | D15: =1 | E15: =1 | F15: =IF(BRIEFING!$C$6="Econômico",0.85,IF(BRIEFING!$C$6="Standard",0.9,IF(BRIEFING!$C$6="Alto",1.0,IF(BRIEFING!$C$6="Super Alto",1.1,IF(BRIEFING!$C$6="Luxo",1.2,1))))) | G15: =1 | H15: =1 | I15: =1 | J15: =1 | K15: =1 | L15: =1 | M15: =1 | N15: =1 | ... T15: =1 | U15: =IF(BRIEFING!$C$21="Interior SC",0.95,IF(BRIEFING!$C$21="Litoral SC",1.0,IF(BRIEFING!$C$21="Capital Floripa",1.05,IF(BRIEFING!$C$21="Litoral SP",1.15,IF(BRIEFING!$C$21="Capital SP-RJ",1.25,1))))) | V15: =1 | W15: =1 | X15: =1 | Y15: =1 | Z15: =1 | AA15: =PRODUCT(B15:Z15)
A16: Esquadrias | B16: =1 | C16: =1 | D16: =1 | E16: =1 | F16: =IF(BRIEFING!$C$6="Econômico",0.55,IF(BRIEFING!$C$6="Standard",0.7,IF(BRIEFING!$C$6="Alto",1.0,IF(BRIEFING!$C$6="Super Alto",1.35,IF(BRIEFING!$C$6="Luxo",1.6,1))))) | G16: =IF(BRIEFING!$C$7="Alumínio anodizado",1.0,IF(BRIEFING!$C$7="Pintura eletrostática",1.15,IF(BRIEFING!$C$7="PVC",0.9,IF(BRIEFING!$C$7="Alto desempenho",1.4,1)))) | H16: =1 | I16: =1 | J16: =1 | K16: =1 | L16: =1 | M16: =1 | N16: =1 | O16: =1 | ... T16: =1 | U16: =IF(BRIEFING!$C$21="Interior SC",0.95,IF(BRIEFING!$C$21="Litoral SC",1.0,IF(BRIEFING!$C$21="Capital Floripa",1.05,IF(BRIEFING!$C$21="Litoral SP",1.15,IF(BRIEFING!$C$21="Capital SP-RJ",1.25,1))))) | V16: =1 | W16: =1 | X16: =1 | Y16: =1 | Z16: =1 | AA16: =PRODUCT(B16:Z16)
A17: Louças e Metais | B17: =1 | C17: =1 | D17: =1 | E17: =1 | F17: =1 | G17: =1 | H17: =1 | I17: =1 | ... T17: =1 | U17: =IF(BRIEFING!$C$21="Interior SC",0.95,IF(BRIEFING!$C$21="Litoral SC",1.0,IF(BRIEFING!$C$21="Capital Floripa",1.05,IF(BRIEFING!$C$21="Litoral SP",1.15,IF(BRIEFING!$C$21="Capital SP-RJ",1.25,1))))) | V17: =1 | W17: =1 | X17: =1 | Y17: =1 | Z17: =1 | AA17: =PRODUCT(B17:Z17)
A18: Fachada | B18: =1 | C18: =1 | D18: =1 | E18: =1 | F18: =IF(BRIEFING!$C$6="Econômico",0.8,IF(BRIEFING!$C$6="Standard",0.85,IF(BRIEFING!$C$6="Alto",1.0,IF(BRIEFING!$C$6="Super Alto",1.25,IF(BRIEFING!$C$6="Luxo",1.5,1))))) | G18: =1 | H18: =1 | I18: =1 | J18: =1 | K18: =IF(BRIEFING!$C$11="Textura + pintura",1.0,IF(BRIEFING!$C$11="Cerâmica/Pastilha",1.4,IF(BRIEFING!$C$11="ACM",1.8,IF(BRIEFING!$C$11="Pele de vidro",2.5,IF(BRIEFING!$C$11="Misto",1.3,1))))) | L18: =IF(BRIEFING!$C$12="Equipe própria",1.0,IF(BRIEFING!$C$12="Empreitada",1.2,1)) | M18: =1 | N18: =1 | O18: =1 | P18: =1 | Q18: =1 | R18: =1 | S18: =1 | T18: =1 | U18: =IF(BRIEFING!$C$21="Interior SC",0.95,IF(BRIEFING!$C$21="Litoral SC",1.0,IF(BRIEFING!$C$21="Capital Floripa",1.05,IF(BRIEFING!$C$21="Litoral SP",1.15,IF(BRIEFING!$C$21="Capital SP-RJ",1.25,1))))) | V18: =1 | W18: =1 | X18: =1 | Y18: =1 | Z18: =1 | AA18: =PRODUCT(B18:Z18)
A19: Complementares | B19: =1 | C19: =1 | D19: =1 | E19: =1 | F19: =IF(BRIEFING!$C$6="Econômico",0.7,IF(BRIEFING!$C$6="Standard",0.85,IF(BRIEFING!$C$6="Alto",1.0,IF(BRIEFING!$C$6="Super Alto",1.2,IF(BRIEFING!$C$6="Luxo",1.5,1))))) | G19: =1 | H19: =1 | I19: =1 | J19: =1 | K19: =1 | L19: =1 | M19: =IF(BRIEFING!$C$13="Não",1.0,IF(BRIEFING!$C$13="Básica",1.1,IF(BRIEFING!$C$13="Completa",1.25,1))) | N19: =1 | O19: =1 | P19: =1 | Q19: =IF(BRIEFING!$C$17="Básico",0.7,IF(BRIEFING!$C$17="Completo",1.0,IF(BRIEFING!$C$17="Premium",1.4,1))) | R19: =IF(BRIEFING!$C$18="Sem",0.85,IF(BRIEFING!$C$18="Básico",1.0,IF(BRIEFING!$C$18="Elaborado",1.2,IF(BRIEFING!$C$18="Premium",1.5,1)))) | S19: =IF(BRIEFING!$C$19="Sem",0.85,IF(BRIEFING!$C$19="Básico",1.0,IF(BRIEFING!$C$19="Completo",1.25,IF(BRIEFING!$C$19="Decorado",1.5,1)))) | T19: =1 | U19: =IF(BRIEFING!$C$21="Interior SC",0.95,IF(BRIEFING!$C$21="Litoral SC",1.0,IF(BRIEFING!$C$21="Capital Floripa",1.05,IF(BRIEFING!$C$21="Litoral SP",1.15,IF(BRIEFING!$C$21="Capital SP-RJ",1.25,1))))) | V19: =1 | W19: =1 | X19: =1 | Y19: =1 | Z19: =1 | AA19: =PRODUCT(B19:Z19)
A20: Imprevistos | B20: =1 | C20: =1 | D20: =1 | E20: =1 | F20: =1 | G20: =1 | H20: =1 | I20: =1 | ... T20: =1 | U20: =IF(BRIEFING!$C$21="Interior SC",0.95,IF(BRIEFING!$C$21="Litoral SC",1.0,IF(BRIEFING!$C$21="Capital Floripa",1.05,IF(BRIEFING!$C$21="Litoral SP",1.15,IF(BRIEFING!$C$21="Capital SP-RJ",1.25,1))))) | V20: =1 | W20: =1 | X20: =1 | Y20: =1 | Z20: =1 | AA20: =PRODUCT(B20:Z20)

Sheet CUSTOS_MACROGRUPO
A1: # | B1: Macrogrupo | C1: Base R$/m² | D1: Fator CUB | E1: Fator Briefing | F1: R$/m² Ajustado | G1: Valor Total | H1: % | I1: Faixa Min | J1: Faixa Max | K1: Status
A2: 1 | B2: Gerenciamento | C2: 407.07 | D2: =DADOS_PROJETO!$B$19/DADOS_PROJETO!$B$20 | E2: =FATORES!$AA$3 | F2: =C2*D2*E2 | G2: =F2*DADOS_PROJETO!$B$6 | H2: =G2/SUM($G$2:$G$19) | I2: 200 | J2: 550 | K2: =IF(AND(F2>=I2,F2<=J2),"✓",IF(OR(F2<I2*0.8,F2>J2*1.2),"✗","⚠"))
A3: 2 | B3: Mov. Terra | C3: 12.47 | D3: =DADOS_PROJETO!$B$19/DADOS_PROJETO!$B$20 | E3: =FATORES!$AA$4 | F3: =C3*D3*E3 | G3: =F3*DADOS_PROJETO!$B$6 | H3: =G3/SUM($G$2:$G$19) | I3: 7 | J3: 60 | K3: =IF(AND(F3>=I3,F3<=J3),"✓",IF(OR(F3<I3*0.8,F3>J3*1.2),"✗","⚠"))
A4: 3 | B4: Infraestrutura | C4: 230.4 | D4: =DADOS_PROJETO!$B$19/DADOS_PROJETO!$B$20 | E4: =FATORES!$AA$5 | F4: =C4*D4*E4 | G4: =F4*DADOS_PROJETO!$B$6 | H4: =G4/SUM($G$2:$G$19) | I4: 120 | J4: 280 | K4: =IF(AND(F4>=I4,F4<=J4),"✓",IF(OR(F4<I4*0.8,F4>J4*1.2),"✗","⚠"))
A5: 4 | B5: Supraestrutura | C5: 722.66 | D5: =DADOS_PROJETO!$B$19/DADOS_PROJETO!$B$20 | E5: =FATORES!$AA$6 | F5: =C5*D5*E5 | G5: =F5*DADOS_PROJETO!$B$6 | H5: =G5/SUM($G$2:$G$19) | I5: 450 | J5: 950 | K5: =IF(AND(F5>=I5,F5<=J5),"✓",IF(OR(F5<I5*0.8,F5>J5*1.2),"✗","⚠"))
A6: 5 | B6: Alvenaria | C6: 148.7 | D6: =DADOS_PROJETO!$B$19/DADOS_PROJETO!$B$20 | E6: =FATORES!$AA$7 | F6: =C6*D6*E6 | G6: =F6*DADOS_PROJETO!$B$6 | H6: =G6/SUM($G$2:$G$19) | I6: 60 | J6: 300 | K6: =IF(AND(F6>=I6,F6<=J6),"✓",IF(OR(F6<I6*0.8,F6>J6*1.2),"✗","⚠"))
A7: 6 | B7: Impermeabilização | C7: 56.43 | D7: =DADOS_PROJETO!$B$19/DADOS_PROJETO!$B$20 | E7: =FATORES!$AA$8 | F7: =C7*D7*E7 | G7: =F7*DADOS_PROJETO!$B$6 | H7: =G7/SUM($G$2:$G$19) | I7: 36 | J7: 86 | K7: =IF(AND(F7>=I7,F7<=J7),"✓",IF(OR(F7<I7*0.8,F7>J7*1.2),"✗","⚠"))
A8: 7 | B8: Instalações | C8: 366.96 | D8: =DADOS_PROJETO!$B$19/DADOS_PROJETO!$B$20 | E8: =FATORES!$AA$9 | F8: =C8*D8*E8 | G8: =F8*DADOS_PROJETO!$B$6 | H8: =G8/SUM($G$2:$G$19) | I8: 315 | J8: 500 | K8: =IF(AND(F8>=I8,F8<=J8),"✓",IF(OR(F8<I8*0.8,F8>J8*1.2),"✗","⚠"))
A9: 8 | B9: Sist. Especiais | C9: 193.39 | D9: =DADOS_PROJETO!$B$19/DADOS_PROJETO!$B$20 | E9: =FATORES!$AA$10 | F9: =C9*D9*E9 | G9: =F9*DADOS_PROJETO!$B$6 | H9: =G9/SUM($G$2:$G$19) | I9: 100 | J9: 400 | K9: =IF(AND(F9>=I9,F9<=J9),"✓",IF(OR(F9<I9*0.8,F9>J9*1.2),"✗","⚠"))
A10: 9 | B10: Climatização | C10: 0 | D10: =DADOS_PROJETO!$B$19/DADOS_PROJETO!$B$20 | E10: =FATORES!$AA$11 | F10: =C10*D10*E10 | G10: =F10*DADOS_PROJETO!$B$6 | H10: =G10/SUM($G$2:$G$19) | I10: 0 | J10: 80 | K10: =IF(AND(F10>=I10,F10<=J10),"✓",IF(OR(F10<I10*0.8,F10>J10*1.2),"✗","⚠"))
A11: 10 | B11: Rev. Int. Parede | C11: 171.85 | D11: =DADOS_PROJETO!$B$19/DADOS_PROJETO!$B$20 | E11: =FATORES!$AA$12 | F11: =C11*D11*E11 | G11: =F11*DADOS_PROJETO!$B$6 | H11: =G11/SUM($G$2:$G$19) | I11: 100 | J11: 240 | K11: =IF(AND(F11>=I11,F11<=J11),"✓",IF(OR(F11<I11*0.8,F11>J11*1.2),"✗","⚠"))
A12: 11 | B12: Teto | C12: 68.65 | D12: =DADOS_PROJETO!$B$19/DADOS_PROJETO!$B$20 | E12: =FATORES!$AA$13 | F12: =C12*D12*E12 | G12: =F12*DADOS_PROJETO!$B$6 | H12: =G12/SUM($G$2:$G$19) | I12: 45 | J12: 140 | K12: =IF(AND(F12>=I12,F12<=J12),"✓",IF(OR(F12<I12*0.8,F12>J12*1.2),"✗","⚠"))
A13: 12 | B13: Pisos | C13: 193.69 | D13: =DADOS_PROJETO!$B$19/DADOS_PROJETO!$B$20 | E13: =FATORES!$AA$14 | F13: =C13*D13*E13 | G13: =F13*DADOS_PROJETO!$B$6 | H13: =G13/SUM($G$2:$G$19) | I13: 125 | J13: 350 | K13: =IF(AND(F13>=I13,F13<=J13),"✓",IF(OR(F13<I13*0.8,F13>J13*1.2),"✗","⚠"))
A14: 13 | B14: Pintura | C14: 133.12 | D14: =DADOS_PROJETO!$B$19/DADOS_PROJETO!$B$20 | E14: =FATORES!$AA$15 | F14: =C14*D14*E14 | G14: =F14*DADOS_PROJETO!$B$6 | H14: =G14/SUM($G$2:$G$19) | I14: 96 | J14: 200 | K14: =IF(AND(F14>=I14,F14<=J14),"✓",IF(OR(F14<I14*0.8,F14>J14*1.2),"✗","⚠"))
A15: 14 | B15: Esquadrias | C15: 367.23 | D15: =DADOS_PROJETO!$B$19/DADOS_PROJETO!$B$20 | E15: =FATORES!$AA$16 | F15: =C15*D15*E15 | G15: =F15*DADOS_PROJETO!$B$6 | H15: =G15/SUM($G$2:$G$19) | I15: 200 | J15: 700 | K15: =IF(AND(F15>=I15,F15<=J15),"✓",IF(OR(F15<I15*0.8,F15>J15*1.2),"✗","⚠"))
A16: 15 | B16: Louças e Metais | C16: 0 | D16: =DADOS_PROJETO!$B$19/DADOS_PROJETO!$B$20 | E16: =FATORES!$AA$17 | F16: =C16*D16*E16 | G16: =F16*DADOS_PROJETO!$B$6 | H16: =G16/SUM($G$2:$G$19) | I16: 30 | J16: 120 | K16: =IF(AND(F16>=I16,F16<=J16),"✓",IF(OR(F16<I16*0.8,F16>J16*1.2),"✗","⚠"))
A17: 16 | B17: Fachada | C17: 170.21 | D17: =DADOS_PROJETO!$B$19/DADOS_PROJETO!$B$20 | E17: =FATORES!$AA$18 | F17: =C17*D17*E17 | G17: =F17*DADOS_PROJETO!$B$6 | H17: =G17/SUM($G$2:$G$19) | I17: 55 | J17: 275 | K17: =IF(AND(F17>=I17,F17<=J17),"✓",IF(OR(F17<I17*0.8,F17>J17*1.2),"✗","⚠"))
A18: 17 | B18: Complementares | C18: 214.32 | D18: =DADOS_PROJETO!$B$19/DADOS_PROJETO!$B$20 | E18: =FATORES!$AA$19 | F18: =C18*D18*E18 | G18: =F18*DADOS_PROJETO!$B$6 | H18: =G18/SUM($G$2:$G$19) | I18: 100 | J18: 500 | K18: =IF(AND(F18>=I18,F18<=J18),"✓",IF(OR(F18<I18*0.8,F18>J18*1.2),"✗","⚠"))
A19: 18 | B19: Imprevistos | C19: 97.79 | D19: =DADOS_PROJETO!$B$19/DADOS_PROJETO!$B$20 | E19: =FATORES!$AA$20 | F19: =C19*D19*E19 | G19: =F19*DADOS_PROJETO!$B$6 | H19: =G19/SUM($G$2:$G$19) | I19: 35 | J19: 120 | K19: =IF(AND(F19>=I19,F19<=J19),"✓",IF(OR(F19<I19*0.8,F19>J19*1.2),"✗","⚠"))
B20: TOTAL | G20: =SUM(G2:G19) | H20: 100.0%

Sheet ÍNDICES
A1: ÍNDICES DE REFERÊNCIA
A3: ÍNDICES POR TIPO DE LAJE
A4: Tipo de Laje | B4: Concreto (m³/m²) | C4: Aço (kg/m²) | D4: Forma (m²/m²)
A5: Cubetas | B5: 0.2 | C5: 15 | D5: 1.2
A6: Protendida | B6: 0.18 | C6: 12 | D6: 1
A7: Maciça | B7: 0.22 | C7: 18 | D7: 1.4
A8: Mista | B8: 0.19 | C8: 14 | D8: 1.1
A9: Treliçada | B9: 0.17 | C9: 10 | D9: 0.9
A12: VERBAS PARAMÉTRICAS (R$/m²)
A13: Verba | B13: Mínimo | C13: Médio | D13: Máximo
A14: Gerenciamento | B14: 200 | C14: 407 | D14: 550
A15: Supraestrutura | B15: 450 | C15: 723 | D15: 950
A16: Instalações | B16: 315 | C16: 367 | D16: 500
A17: Esquadrias | B17: 200 | C17: 367 | D17: 700
A18: Pisos | B18: 125 | C18: 194 | D18: 350
A19: Fachada | B19: 55 | C19: 170 | D19: 275

Sheet ESTRUTURAL
A1: ANÁLISE ESTRUTURAL
A2: Aba para input manual quando houver orçamento executivo
A4: CONCRETO
A5: Elemento | B5: Volume (m³) | C5: % Vol. | D5: fck (MPa) | E5: PU (R$/m³) | F5: Total (R$) | G5: R$/m²
A6: Pilares
A7: Vigas
A8: Lajes
A9: Escadas
A12: AÇO
A13: Elemento | B13: Peso (kg) | C13: % Peso | D13: Taxa (kg/m³)
A14: Pilares
A15: Vigas
A16: Lajes
A17: Escadas

Sheet INSTALACOES
A1: INSTALAÇÕES
A2: Aba para input manual quando houver orçamento executivo
A4: Disciplina | B4: Valor (R$) | C4: R$/m² | D4: % Instalações | E4: MO (R$/m²) | F4: Material (R$/m²)
A5: Hidrossanitárias
A6: Elétricas
A7: Preventivas (Incêndio)
A8: Gás
A9: Comunicações / Telecom

Sheet ACABAMENTOS
A1: ACABAMENTOS DETALHADOS
A2: Aba para input manual quando houver orçamento executivo
A4: Item | B4: Qtd | C4: Un | D4: PU Material (R$) | E4: PU MO (R$) | F4: Total Material (R$) | G4: Total MO (R$) | H4: Total (R$)
A5: REVESTIMENTOS DE PAREDE
A6: Chapisco interno
A7: Reboco interno
A8: Estucamento
A9: Cerâmico parede
A10: Porcelanato parede

Sheet CI_DETALHADO
A1: CUSTOS INDIRETOS DETALHADOS
A2: Aba para input manual quando houver orçamento executivo
A4: PROJETOS E CONSULTORIAS
A5: Disciplina | B5: Valor (R$) | C5: R$/m²
A6: Arquitetônico
A7: Estrutural
A8: Elétrico
A9: Hidrossanitário
A10: Preventivo
A11: Outros

Sheet BENCHMARK
A1: BENCHMARK — PROJETOS DE REFERÊNCIA
A2: Aba para input manual com dados de projetos similares
A4: Projeto | B4: Cidade | C4: AC (m²) | D4: NP | E4: Prazo (meses) | F4: CUB (R$/m²) | G4: R$/m² | H4: CUB Ratio

Sheet ANÁLISE_PRODUTO
A1: ANÁLISE DE PRODUTO
A2: Benchmark do produto com comparativo de projetos similares
A4: Projeto | B4: Tipo | C4: Padrão | D4: AC (m²) | E4: UR | F4: R$/m² | G4: CUB Ratio | H4: Observações

Sheet ALERTAS
A1: ALERTAS E VALIDAÇÕES
A2: Macrogrupo | B2: R$/m² Calculado | C2: Faixa Esperada | D2: Status
A3: =CUSTOS_MACROGRUPO!B2 | B3: =CUSTOS_MACROGRUPO!F2 | C3: =CUSTOS_MACROGRUPO!I2&" - "&CUSTOS_MACROGRUPO!J2 | D3: =CUSTOS_MACROGRUPO!K2
A4: =CUSTOS_MACROGRUPO!B3 | B4: =CUSTOS_MACROGRUPO!F3 | C4: =CUSTOS_MACROGRUPO!I3&" - "&CUSTOS_MACROGRUPO!J3 | D4: =CUSTOS_MACROGRUPO!K3
A5: =CUSTOS_MACROGRUPO!B4 | B5: =CUSTOS_MACROGRUPO!F4 | C5: =CUSTOS_MACROGRUPO!I4&" - "&CUSTOS_MACROGRUPO!J4 | D5: =CUSTOS_MACROGRUPO!K4
A6: =CUSTOS_MACROGRUPO!B5 | B6: =CUSTOS_MACROGRUPO!F5 | C6: =CUSTOS_MACROGRUPO!I5&" - "&CUSTOS_MACROGRUPO!J5 | D6: =CUSTOS_MACROGRUPO!K5
A7: =CUSTOS_MACROGRUPO!B6 | B7: =CUSTOS_MACROGRUPO!F6 | C7: =CUSTOS_MACROGRUPO!I6&" - "&CUSTOS_MACROGRUPO!J6 | D7: =CUSTOS_MACROGRUPO!K6
A8: =CUSTOS_MACROGRUPO!B7 | B8: =CUSTOS_MACROGRUPO!F7 | C8: =CUSTOS_MACROGRUPO!I7&" - "&CUSTOS_MACROGRUPO!J7 | D8: =CUSTOS_MACROGRUPO!K7
A9: =CUSTOS_MACROGRUPO!B8 | B9: =CUSTOS_MACROGRUPO!F8 | C9: =CUSTOS_MACROGRUPO!I8&" - "&CUSTOS_MACROGRUPO!J8 | D9: =CUSTOS_MACROGRUPO!K8
A10: =CUSTOS_MACROGRUPO!B9 | B10: =CUSTOS_MACROGRUPO!F9 | C10: =CUSTOS_MACROGRUPO!I9&" - "&CUSTOS_MACROGRUPO!J9 | D10: =CUSTOS_MACROGRUPO!K9
A11: =CUSTOS_MACROGRUPO!B10 | B11: =CUSTOS_MACROGRUPO!F10 | C11: =CUSTOS_MACROGRUPO!I10&" - "&CUSTOS_MACROGRUPO!J10 | D11: =CUSTOS_MACROGRUPO!K10
A12: =CUSTOS_MACROGRUPO!B11 | B12: =CUSTOS_MACROGRUPO!F11 | C12: =CUSTOS_MACROGRUPO!I11&" - "&CUSTOS_MACROGRUPO!J11 | D12: =CUSTOS_MACROGRUPO!K11
A13: =CUSTOS_MACROGRUPO!B12 | B13: =CUSTOS_MACROGRUPO!F12 | C13: =CUSTOS_MACROGRUPO!I12&" - "&CUSTOS_MACROGRUPO!J12 | D13: =CUSTOS_MACROGRUPO!K12
A14: =CUSTOS_MACROGRUPO!B13 | B14: =CUSTOS_MACROGRUPO!F13 | C14: =CUSTOS_MACROGRUPO!I13&" - "&CUSTOS_MACROGRUPO!J13 | D14: =CUSTOS_MACROGRUPO!K13
... A20: =CUSTOS_MACROGRUPO!B19 | B20: =CUSTOS_MACROGRUPO!F19 | C20: =CUSTOS_MACROGRUPO!I19&" - "&CUSTOS_MACROGRUPO!J19 | D20: =CUSTOS_MACROGRUPO!K19

Sheet NOTAS
A1: PREMISSAS E LIMITAÇÕES
A3: SOBRE ESTE TEMPLATE:
A4: Este orçamento paramétrico foi desenvolvido pela Cartesian Engenharia para estimativas rápidas de custos de obras residenciais/comerciais.
A6: BASE DE CALIBRAÇÃO:
A7: - Mediana calibrada com 18 projetos reais executados entre 2022-2024
A8: - CUB base: R$ 2.752,67 (dez/2023)
A9: - Faixas P10-P90 representam variação observada nos projetos da base
A11: COMO USAR:
A12: 1. Preencha DADOS_PROJETO com informações do empreendimento
A13: 2. Responda as 25 perguntas do BRIEFING (use os dropdowns)
A14: 3. Os custos em CUSTOS_MACROGRUPO são calculados automaticamente
A15: 4. Verifique ALERTAS para validar se os valores estão dentro das faixas esperadas
... A40: www.cartesianengenharia.com
