Workbook
Name \0: #REF!
Name \0: #REF!
Name \1: #REF!
Name \a: #REF!
Name \a: #REF!
Name \b: #REF!
Name \c: #REF!
Name \d: #REF!
Name \e: #REF!
Name \i: #REF!
Name \J: #REF!
Name \k: #REF!
Name \l: #N/A
Name \m: #REF!
Name \m: #REF!
Name \o: #REF!
Name \p: #REF!
Name \r: #REF!
Name \T: #REF!
Name \z: #REF!
Name _: #REF!
Name _\0: #REF!
Name _\1: #REF!
Name _\a: #REF!
Name _\b: #REF!
Name _\c: #REF!
Name _\d: #REF!
Name _\e: #REF!
Name _\i: #REF!
Name _\J: #REF!
Name _\k: #REF!
Name _\l: #N/A
Name _\m: #REF!
Name _\m: #REF!
Name _\o: #REF!
Name _\p: #REF!
Name _\r: #REF!
Name _\T: #REF!
Name _\z: #REF!
Name _\z: #REF!
Name __: #REF!
Name ______ACR10: #REF!
Name ______ACR15: #REF!
Name ______acr20: #REF!
Name ______acr5: #REF!
Name ______ARQ1: #REF!
Name ______QT100: #REF!
Name ______QT2: #REF!
Name ______QT3: #REF!
Name ______QT4: #REF!
Name ______QT50: #REF!
Name ______QT75: #REF!
Name _____ACR10: #REF!
Name _____ACR15: #REF!
Name _____acr20: #REF!
Name _____acr5: #REF!
Name _____ARQ1: #REF!
Name _____key2: #REF!
Name _____QT100: #REF!
Name _____QT2: #REF!

Sheet CAPA
C1: DADOS DO EMPREENDIMENTO
B2: Projeto: | C2: RESIDENCIAL ALIPIO SCHIRMANN | E2: ENDEREÇO DA OBRA: | F2: Rua : 298 E RUA 300, lotes 131, 132, 133 e 134, Jardim Guarani- Nº XX | CEP: 88220-971
B3: Empresa: | C3: Borscheid | E3: Cidade/ES: | F3: Meia Praia/SC
B4: Revisão: | C4: R00 | E4: CNPJ: | F4: 03.893.978/0001-18
B6: Pazo de Obra: | C6: 48 | E6: Nº Unid. Residenciais: | F6: =E96 -> 43 | I6: Imagens
B8: Área do Terreno: | C8: 1029.39 | E8: Nº Unid. Comerciais: | F8: 5
B10: Área Construída: | C10: =SUM($D$19:$D$48) -> 12033.96 | E10: Nº Pavimentos: | F10: 29
B12: Área Privativa: | C12: =SUM($E$19:$E$76) -> 6188.34 | E12: Total de Dormitórios: | F12: =G96 -> 130
B14: Área de Lazer: | C14: =SUM(D51:D84) -> 919.1218 | E14: Nº Subsolos: | F14: 0
B16: Área Comercial: | C16: =D105 -> 488.34 | E16: Nº Vagas: | F16: =F96 -> 48
B18: Torre | C18: Pavimento | D18: Área | E18: Área Privativa | F18: Perímetro | G18: Pé direito
B19: Torre 1 | C19: TÉRREO 01 | D19: 935.13 | F19: =[1]EPCs!M5 -> 126.01 | G19: =[1]EPCs!N5 -> 3.6
B20: Torre 1 | C20: MEZANINO DO 01 PAV | D20: 906.99 | F20: =[1]EPCs!M6 -> 131.834 | G20: =[1]EPCs!N6 -> 3.24
B21: Torre 1 | C21: 2º PAV - GARAGEM | D21: 906.99 | F21: =[1]EPCs!M7 -> 131.834 | G21: =[1]EPCs!N7 -> 2.88
B22: Torre 1 | C22: MEZANINO DO 02 PAV | D22: 906.99 | F22: =[1]EPCs!M8 -> 131.834 | G22: =[1]EPCs!N8 -> 4.86
B23: Torre 1 | C23: 3º PAVTO - LAZER | D23: 906.99 | F23: =[1]EPCs!M9 -> 85.37 | G23: =[1]EPCs!N9 -> 3.6
B24: Torre 1 | C24: 4º PAVTO - TIPO | D24: 320.81 | E24: =5906.88/21 -> 281.28 | F24: =[1]EPCs!M10 -> 81.91 | G24: =[1]EPCs!N10 -> 3.24
B25: Torre 1 | C25: 5º PAVTO - TIPO | D25: 320.81 | E25: =5906.88/21 -> 281.28 | F25: =[1]EPCs!M11 -> 81.91 | G25: =[1]EPCs!N11 -> 3.24
B26: Torre 1 | C26: 6º PAVTO - TIPO | D26: 320.81 | E26: =5906.88/21 -> 281.28 | F26: =[1]EPCs!M12 -> 81.91 | G26: =[1]EPCs!N12 -> 3.24
B27: Torre 1 | C27: 7º PAVTO - TIPO | D27: 320.81 | E27: =5906.88/21 -> 281.28 | F27: =[1]EPCs!M13 -> 81.91 | G27: =[1]EPCs!N13 -> 3.24
B28: Torre 1 | C28: 8º PAVTO - TIPO | D28: 320.81 | E28: =5906.88/21 -> 281.28 | F28: =[1]EPCs!M14 -> 81.91 | G28: =[1]EPCs!N14 -> 3.24
B29: Torre 1 | C29: 9º PAVTO - TIPO | D29: 320.81 | E29: =5906.88/21 -> 281.28 | F29: =[1]EPCs!M15 -> 81.91 | G29: =[1]EPCs!N15 -> 3.24
B30: Torre 1 | C30: 10º PAVTO - TIPO | D30: 320.81 | E30: =5906.88/21 -> 281.28 | F30: =[1]EPCs!M16 -> 81.91 | G30: =[1]EPCs!N16 -> 3.24
B31: Torre 1 | C31: 11º PAVTO - TIPO | D31: 320.81 | E31: =5906.88/21 -> 281.28 | F31: =[1]EPCs!M17 -> 81.91 | G31: =[1]EPCs!N17 -> 3.24
B32: Torre 1 | C32: 12º PAVTO - TIPO | D32: 320.81 | E32: =5906.88/21 -> 281.28 | F32: =[1]EPCs!M18 -> 81.91 | G32: =[1]EPCs!N18 -> 3.24
B33: Torre 1 | C33: 13º PAVTO - TIPO | D33: 320.81 | E33: =5906.88/21 -> 281.28 | F33: =[1]EPCs!M19 -> 81.91 | G33: =[1]EPCs!N19 -> 3.24
B34: Torre 1 | C34: 14º PAVTO - TIPO | D34: 320.81 | E34: =5906.88/21 -> 281.28 | F34: =[1]EPCs!M20 -> 81.91 | G34: =[1]EPCs!N20 -> 3.24
B35: Torre 1 | C35: 15º PAVTO - TIPO | D35: 320.81 | E35: =5906.88/21 -> 281.28 | F35: =[1]EPCs!M21 -> 81.91 | G35: =[1]EPCs!N21 -> 3.24
... B44: Torre 1 | C44: 24º PAVTO - TIPO | D44: 320.81 | E44: =5906.88/21 -> 281.28 | F44: =[1]EPCs!M30 -> 81.91 | G44: =[1]EPCs!N30 -> 3.24
B45: Torre 1 | C45: 25º PVTO - PENTHOUSE X1 | D45: 320.99 | E45: 281.46 | F45: =[1]EPCs!M31 -> 81.91 | G45: =[1]EPCs!N31 -> 3.24
B46: Torre 1 | C46: 26º PVTO - ROOFTOP | D46: 295.17 | F46: =[1]EPCs!M32 -> 77.48 | G46: =[1]EPCs!N32 -> 3.4
B47: Torre 1 | C47: PAVIMENTO DE COBERTURA / CASA DE MÁQUINAS | D47: 60.38 | F47: =[1]EPCs!M33 -> 43.22 | G47: =[1]EPCs!N33 -> 3
B48: Torre 1 | C48: RESERVATÓRIOS | D48: 57.32 | F48: =[1]EPCs!M34 -> 31.64 | G48: =[1]EPCs!N34 -> 4
B50: Pavimento | C50: Descrição | D50: Área
B51: =[1]MOBILIÁRIO!B7 -> Térreo | C51: =[1]MOBILIÁRIO!C7 -> Hall de acesso | D51: =SUMIFS([1]MOBILIÁRIO!F:F,[1]MOBILIÁRIO!C:C,CAPA!C51,[1]MOBILIÁRIO!E:E,[1]MOBILIÁRIO!$E$7) -> 56.53 | I51: ETAPA | J51: VALOR ORÇADO | K51: % | L51: VALOR / m²
B52: =[1]MOBILIÁRIO!B21 -> Térreo | C52: =[1]MOBILIÁRIO!C21 -> Lavabo - Lobby | D52: =SUMIFS([1]MOBILIÁRIO!F:F,[1]MOBILIÁRIO!C:C,CAPA!C52,[1]MOBILIÁRIO!E:E,[1]MOBILIÁRIO!$E$7) -> 2.32 | I52: TERRENO | J52: =[1]Terreno!$N$25 -> 12463690 | K52: =J52/J$75 -> 0.1902211 | L52: =J52/$C$10 -> 1035.7098
B53: =[1]MOBILIÁRIO!B26 -> Térreo | C53: =[1]MOBILIÁRIO!C26 -> Hall Praia | D53: =SUMIFS([1]MOBILIÁRIO!F:F,[1]MOBILIÁRIO!C:C,CAPA!C53,[1]MOBILIÁRIO!E:E,[1]MOBILIÁRIO!$E$7) -> 44.83 | I53: GERENCIAMENTO TÉCNICO E ADMINISTRATIVO | J53: ='[1]Ger_Tec e Adm'!$N$171 -> 7647984.9 | K53: =J53/J$75 -> 0.11672371 | L53: =J53/$C$10 -> 635.53351
B54: =[1]MOBILIÁRIO!B34 -> Térreo | C54: =[1]MOBILIÁRIO!C34 -> Zelador | D54: =SUMIFS([1]MOBILIÁRIO!F:F,[1]MOBILIÁRIO!C:C,CAPA!C54,[1]MOBILIÁRIO!E:E,[1]MOBILIÁRIO!$E$7) -> 3.89 | I54: =[1]Ger_Executivo!$J$8 -> MOVIMENTAÇÃO DE TERRA | J54: =[1]Ger_Executivo!$N$8 -> 399006.27 | K54: =J54/J$75 -> 0.0060896423 | L54: =J54/$C$10 -> 33.156689
B55: =[1]MOBILIÁRIO!B41 -> Lazer | C55: =[1]MOBILIÁRIO!C41 -> Deck + Prainha | D55: =SUMIFS([1]MOBILIÁRIO!F:F,[1]MOBILIÁRIO!C:C,CAPA!C55,[1]MOBILIÁRIO!E:E,[1]MOBILIÁRIO!$E$7) -> 44.82 | I55: =[1]Ger_Executivo!$J$23 -> INFRAESTRUTURA | J55: =[1]Ger_Executivo!$N$23 -> 3161953.3 | K55: =J55/J$75 -> 0.048257799 | L55: =J55/$C$10 -> 262.75252
B56: =[1]MOBILIÁRIO!B46 -> Lazer | C56: =[1]MOBILIÁRIO!C46 -> WC Deck 1 | D56: =SUMIFS([1]MOBILIÁRIO!F:F,[1]MOBILIÁRIO!C:C,CAPA!C56,[1]MOBILIÁRIO!E:E,[1]MOBILIÁRIO!$E$7) -> 3.77 | I56: =[1]Ger_Executivo!$J$55 -> SUPRAESTRUTURA | J56: =[1]Ger_Executivo!$N$55 -> 10108557 | K56: =J56/J$75 -> 0.15427702 | L56: =J56/$C$10 -> 840.00257
B57: =[1]MOBILIÁRIO!B51 -> Lazer | C57: =[1]MOBILIÁRIO!C51 -> WC Deck 2 | D57: =SUMIFS([1]MOBILIÁRIO!F:F,[1]MOBILIÁRIO!C:C,CAPA!C57,[1]MOBILIÁRIO!E:E,[1]MOBILIÁRIO!$E$7) -> 3.77 | I57: =[1]Ger_Executivo!$J$774 -> PAREDES E PAINÉIS | J57: =[1]Ger_Executivo!$N$774 -> 1651661.3 | K57: =J57/J$75 -> 0.02520769 | L57: =J57/$C$10 -> 137.25002
B58: =[1]MOBILIÁRIO!B56 -> Lazer | C58: =[1]MOBILIÁRIO!C56 -> Circulação elevadores - Lazer | D58: =SUMIFS([1]MOBILIÁRIO!F:F,[1]MOBILIÁRIO!C:C,CAPA!C58,[1]MOBILIÁRIO!E:E,[1]MOBILIÁRIO!$E$7) -> 13.91 | I58: =[1]Ger_Executivo!$J$803 -> IMPERMEABILIZAÇÃO E TRATAMENTOS | J58: =[1]Ger_Executivo!$N$803 -> 0 | K58: =J58/J$75 -> 0 | L58: =J58/$C$10 -> 0
B59: =[1]MOBILIÁRIO!B63 -> Lazer | C59: =[1]MOBILIÁRIO!C63 -> Gourmet 1 | D59: =SUMIFS([1]MOBILIÁRIO!F:F,[1]MOBILIÁRIO!C:C,CAPA!C59,[1]MOBILIÁRIO!E:E,[1]MOBILIÁRIO!$E$7) -> 63.65 | I59: =[1]Ger_Executivo!$J$845 -> SISTEMAS E INSTALAÇÕES ELÉTRICAS | J59: =[1]Ger_Executivo!$N$845 -> 1766253.5 | K59: =J59/J$75 -> 0.026956599 | L59: =J59/$C$10 -> 146.77243
B60: =[1]MOBILIÁRIO!B79 -> Lazer | C60: =[1]MOBILIÁRIO!C79 -> Gourmet 2 | D60: =SUMIFS([1]MOBILIÁRIO!F:F,[1]MOBILIÁRIO!C:C,CAPA!C60,[1]MOBILIÁRIO!E:E,[1]MOBILIÁRIO!$E$7) -> 58.95 | I60: =[1]Ger_Executivo!$J$861 -> SISTEMAS E INSTALAÇÕES HIDROSSANITÁRIAS E DRENAGEM | J60: =[1]Ger_Executivo!$N$861 -> 1498051.7 | K60: =J60/J$75 -> 0.022863298 | L60: =J60/$C$10 -> 124.48535
B61: =[1]MOBILIÁRIO!B93 -> Lazer | C61: =[1]MOBILIÁRIO!C93 -> Área entre Gourmets | D61: =SUMIFS([1]MOBILIÁRIO!F:F,[1]MOBILIÁRIO!C:C,CAPA!C61,[1]MOBILIÁRIO!E:E,[1]MOBILIÁRIO!$E$7) -> 27.2118 | I61: =[1]Ger_Executivo!$J$875 -> INSTALAÇÕES PREVENTIVAS | J61: =[1]Ger_Executivo!$N$875 -> 240707.55 | K61: =J61/J$75 -> 0.0036736838 | L61: =J61/$C$10 -> 20.002356
B62: =[1]MOBILIÁRIO!B100 -> Lazer | C62: =[1]MOBILIÁRIO!C100 -> Bar Molhado | D62: =SUMIFS([1]MOBILIÁRIO!F:F,[1]MOBILIÁRIO!C:C,CAPA!C62,[1]MOBILIÁRIO!E:E,[1]MOBILIÁRIO!$E$7) -> 9.18 | I62: =[1]Ger_Executivo!$J$883 -> INSTALAÇÕES DE GÁS | J62: =[1]Ger_Executivo!$N$883 -> 132388.42 | K62: =J62/J$75 -> 0.0020205149 | L62: =J62/$C$10 -> 11.001235
B63: =[1]MOBILIÁRIO!B107 -> Lazer | C63: =[1]MOBILIÁRIO!C107 -> Massagem | D63: =SUMIFS([1]MOBILIÁRIO!F:F,[1]MOBILIÁRIO!C:C,CAPA!C63,[1]MOBILIÁRIO!E:E,[1]MOBILIÁRIO!$E$7) -> 6.88 | I63: =[1]Ger_Executivo!$J$889 -> EQUIPAMENTOS E SISTEMAS ESPECIAIS | J63: =[1]Ger_Executivo!$N$889 -> 1907483.1 | K63: =J63/J$75 -> 0.029112049 | L63: =J63/$C$10 -> 158.50835
B64: =[1]MOBILIÁRIO!B118 -> Lazer | C64: =[1]MOBILIÁRIO!C118 -> Personl Care | D64: =SUMIFS([1]MOBILIÁRIO!F:F,[1]MOBILIÁRIO!C:C,CAPA!C64,[1]MOBILIÁRIO!E:E,[1]MOBILIÁRIO!$E$7) -> 9.3 | I64: =[1]Ger_Executivo!$J$901 -> CLIMATIZAÇÃO, EXAUSTÃO MECÂNICA | J64: =[1]Ger_Executivo!$N$901 -> 735215.63 | K64: =J64/J$75 -> 0.011220877 | L64: =J64/$C$10 -> 61.09507
B65: =[1]MOBILIÁRIO!B126 -> Lazer | C65: =[1]MOBILIÁRIO!C126 -> Lavabo PNE - lazer | D65: =SUMIFS([1]MOBILIÁRIO!F:F,[1]MOBILIÁRIO!C:C,CAPA!C65,[1]MOBILIÁRIO!E:E,[1]MOBILIÁRIO!$E$7) -> 3.32 | I65: =[1]Ger_Executivo!$J$912 -> INSTALAÇÕES ESPECIAIS | J65: =[1]Ger_Executivo!$N$912 -> 232513.04 | K65: =J65/J$75 -> 0.0035486191 | L65: =J65/$C$10 -> 19.321407
B66: =[1]MOBILIÁRIO!B131 -> Lazer | C66: =[1]MOBILIÁRIO!C131 -> Lavabo - lazer | D66: =SUMIFS([1]MOBILIÁRIO!F:F,[1]MOBILIÁRIO!C:C,CAPA!C66,[1]MOBILIÁRIO!E:E,[1]MOBILIÁRIO!$E$7) -> 2.88 | I66: =[1]Ger_Executivo!$J$927 -> REVESTIMENTOS INTERNOS DE PAREDE | J66: =[1]Ger_Executivo!$N$927 -> 2666343.7 | K66: =J66/J$75 -> 0.040693795 | L66: =J66/$C$10 -> 221.56827
B67: =[1]MOBILIÁRIO!B136 -> Lazer | C67: =[1]MOBILIÁRIO!C136 -> Lounge | D67: =SUMIFS([1]MOBILIÁRIO!F:F,[1]MOBILIÁRIO!C:C,CAPA!C67,[1]MOBILIÁRIO!E:E,[1]MOBILIÁRIO!$E$7) -> 35.21 | I67: =[1]Ger_Executivo!$J$950 -> REVESTIMENTOS E ACABAMENTOS INTERNOS EM TETO | J67: =[1]Ger_Executivo!$N$950 -> 1571485.2 | K67: =J67/J$75 -> 0.02398404 | L67: =J67/$C$10 -> 130.58753
B68: =[1]MOBILIÁRIO!B149 -> Lazer | C68: =[1]MOBILIÁRIO!C149 -> Salão de Festas | D68: =SUMIFS([1]MOBILIÁRIO!F:F,[1]MOBILIÁRIO!C:C,CAPA!C68,[1]MOBILIÁRIO!E:E,[1]MOBILIÁRIO!$E$7) -> 70.99 | I68: =[1]Ger_Executivo!$J$963 -> PISOS E PAVIMENTAÇÕES | J68: =[1]Ger_Executivo!$N$963 -> 3564772.3 | K68: =J68/J$75 -> 0.054405631 | L68: =J68/$C$10 -> 296.22604
B69: =[1]MOBILIÁRIO!B179 -> Lazer | C69: =[1]MOBILIÁRIO!C179 -> Brinquedoteca | D69: =SUMIFS([1]MOBILIÁRIO!F:F,[1]MOBILIÁRIO!C:C,CAPA!C69,[1]MOBILIÁRIO!E:E,[1]MOBILIÁRIO!$E$7) -> 37.53 | I69: =[1]Ger_Executivo!$J$1004 -> SISTEMAS DE PINTURA INTERNA | J69: =[1]Ger_Executivo!$N$1004 -> 3328946.1 | K69: =J69/J$75 -> 0.050806447 | L69: =J69/$C$10 -> 276.62932
B70: =[1]MOBILIÁRIO!B192 -> Lazer | C70: =[1]MOBILIÁRIO!C192 -> Deck Elevado | D70: =SUMIFS([1]MOBILIÁRIO!F:F,[1]MOBILIÁRIO!C:C,CAPA!C70,[1]MOBILIÁRIO!E:E,[1]MOBILIÁRIO!$E$7) -> 58.02 | I70: =[1]Ger_Executivo!$J$1026 -> ESQUADRIAS, VIDROS E FERRAGENS | J70: =[1]Ger_Executivo!$N$1026 -> 4338372.2 | K70: =J70/J$75 -> 0.06621233 | L70: =J70/$C$10 -> 360.51077
B71: =[1]MOBILIÁRIO!B201 -> Lazer | C71: =[1]MOBILIÁRIO!C201 -> MINI QUADRA ESPORTIVA | D71: =SUMIFS([1]MOBILIÁRIO!F:F,[1]MOBILIÁRIO!C:C,CAPA!C71,[1]MOBILIÁRIO!E:E,[1]MOBILIÁRIO!$E$7) -> 40.11 | I71: =[1]Ger_Executivo!$J$1065 -> LOUÇAS E METAIS | J71: =[1]Ger_Executivo!$N$1065 -> 375768.76 | K71: =J71/J$75 -> 0.0057349909 | L71: =J71/$C$10 -> 31.225695
B72: =[1]MOBILIÁRIO!B203 -> Lazer | C72: =[1]MOBILIÁRIO!C203 -> Playground | D72: =SUMIFS([1]MOBILIÁRIO!F:F,[1]MOBILIÁRIO!C:C,CAPA!C72,[1]MOBILIÁRIO!E:E,[1]MOBILIÁRIO!$E$7) -> 35.6 | I72: =[1]Ger_Executivo!$J$1075 -> REVESTIMENTOS E ACABAMENTOS EM FACHADA | J72: =[1]Ger_Executivo!$N$1075 -> 3683706.9 | K72: =J72/J$75 -> 0.056220813 | L72: =J72/$C$10 -> 306.10928
B73: =[1]MOBILIÁRIO!B205 -> Lazer | C73: =[1]MOBILIÁRIO!C205 -> Pet place | D73: =SUMIFS([1]MOBILIÁRIO!F:F,[1]MOBILIÁRIO!C:C,CAPA!C73,[1]MOBILIÁRIO!E:E,[1]MOBILIÁRIO!$E$7) -> 8.39 | I73: =[1]Ger_Executivo!$J$1156 -> SERVIÇOS COMPLEMENTARES E FINAIS | J73: =[1]Ger_Executivo!$N$1156 -> 2722446.4 | K73: =J73/J$75 -> 0.041550036 | L73: =J73/$C$10 -> 226.23031
B74: =[1]MOBILIÁRIO!B210 -> Lazer | C74: =[1]MOBILIÁRIO!C210 -> Salão de Festas Externo | D74: =SUMIFS([1]MOBILIÁRIO!F:F,[1]MOBILIÁRIO!C:C,CAPA!C74,[1]MOBILIÁRIO!E:E,[1]MOBILIÁRIO!$E$7) -> 59.22 | I74: =[1]Ger_Executivo!$J$1175 -> IMPREVISTOS E CONTINGÊNCIAS | J74: =[1]Ger_Executivo!$N$1175 -> 1324812.4 | K74: =J74/J$75 -> 0.020219316 | L74: =J74/$C$10 -> 110.08948
B75: =[1]MOBILIÁRIO!B225 -> Rooftop | C75: =[1]MOBILIÁRIO!C225 -> Lavabo - Rooftop | D75: =SUMIFS([1]MOBILIÁRIO!F:F,[1]MOBILIÁRIO!C:C,CAPA!C75,[1]MOBILIÁRIO!E:E,[1]MOBILIÁRIO!$E$7) -> 2.29 | I75: TOTAL | J75: =SUM(J52:J74) -> 65522120 | K75: =SUM(K52:K74) -> 1 | L75: =SUM(L52:L74) -> 5444.768
B76: =[1]MOBILIÁRIO!B230 -> Rooftop | C76: =[1]MOBILIÁRIO!C230 -> Lavabo PNE - Rooftop | D76: =SUMIFS([1]MOBILIÁRIO!F:F,[1]MOBILIÁRIO!C:C,CAPA!C76,[1]MOBILIÁRIO!E:E,[1]MOBILIÁRIO!$E$7) -> 3.06 | I76: CUB/SC | J76: 3012.64 | K76: 46023 | L76: =ROUNDUP(+L75/J76,2)&" CUB" -> 1,81 CUB
B77: =[1]MOBILIÁRIO!B235 -> Rooftop | C77: =[1]MOBILIÁRIO!C235 -> Circulação elevadores - Rooftop | D77: =SUMIFS([1]MOBILIÁRIO!F:F,[1]MOBILIÁRIO!C:C,CAPA!C77,[1]MOBILIÁRIO!E:E,[1]MOBILIÁRIO!$E$7) -> 17.11
B78: =[1]MOBILIÁRIO!B242 -> Rooftop | C78: =[1]MOBILIÁRIO!C242 -> Salão de Festas - Rooftop | D78: =SUMIFS([1]MOBILIÁRIO!F:F,[1]MOBILIÁRIO!C:C,CAPA!C78,[1]MOBILIÁRIO!E:E,[1]MOBILIÁRIO!$E$7) -> 52.24 | I78: DESCRIÇÃO | J78: ÁREA (m²) | K78: VALOR UNITÁRIO | L78: VALOR TOTAL
B79: =[1]MOBILIÁRIO!B269 -> Rooftop | C79: =[1]MOBILIÁRIO!C269 -> Hidromassagem | D79: =SUMIFS([1]MOBILIÁRIO!F:F,[1]MOBILIÁRIO!C:C,CAPA!C79,[1]MOBILIÁRIO!E:E,[1]MOBILIÁRIO!$E$7) -> 13.6 | I79: VALOR POR ÁREA PRIVATIVA (R$/m²) | J79: =C12 -> 6188.34 | K79: =J75/J79 -> 10587.996 | L79: =K79 -> 10587.996
B80: =[1]MOBILIÁRIO!B276 -> Rooftop | C80: =[1]MOBILIÁRIO!C276 -> Fireplace | D80: =SUMIFS([1]MOBILIÁRIO!F:F,[1]MOBILIÁRIO!C:C,CAPA!C80,[1]MOBILIÁRIO!E:E,[1]MOBILIÁRIO!$E$7) -> 16.8 | I80: Tipo Apart. 1 | J80: =D89 -> 140.76 | K80: =$K$79*J80 -> 1490366.3 | L80: =K80*21 -> 31297693
B81: =[1]MOBILIÁRIO!B282 -> Rooftop | C81: =[1]MOBILIÁRIO!C282 -> Salão de Jogos | D81: =SUMIFS([1]MOBILIÁRIO!F:F,[1]MOBILIÁRIO!C:C,CAPA!C81,[1]MOBILIÁRIO!E:E,[1]MOBILIÁRIO!$E$7) -> 49.34 | I81: Tipo Apart. 2 | J81: =D90 -> 140.52 | K81: =$K$79*J81 -> 1487825.2 | L81: =K81*21 -> 31244330
B82: =[1]MOBILIÁRIO!B312 -> Rooftop | C82: =[1]MOBILIÁRIO!C312 -> Academia | D82: =SUMIFS([1]MOBILIÁRIO!F:F,[1]MOBILIÁRIO!C:C,CAPA!C82,[1]MOBILIÁRIO!E:E,[1]MOBILIÁRIO!$E$7) -> 48.07 | I82: Penthouse | J82: =D95 -> 281.46 | K82: =$K$79*J82 -> 2980097.4 | L82: =K82*1 -> 2980097.4
B83: =[1]MOBILIÁRIO!B335 -> Rooftop | C83: =[1]MOBILIÁRIO!C335 -> Coworking | D83: =SUMIFS([1]MOBILIÁRIO!F:F,[1]MOBILIÁRIO!C:C,CAPA!C83,[1]MOBILIÁRIO!E:E,[1]MOBILIÁRIO!$E$7) -> 9.46
B84: =[1]MOBILIÁRIO!B345 -> Rooftop | C84: =[1]MOBILIÁRIO!C345 -> Sala de reuniões | D84: =SUMIFS([1]MOBILIÁRIO!F:F,[1]MOBILIÁRIO!C:C,CAPA!C84,[1]MOBILIÁRIO!E:E,[1]MOBILIÁRIO!$E$7) -> 6.87
B88: Pavimento | C88: Apartamentos | D88: Área | E88: Quantidade | F88: Total vagas | G88: Total dormitórios | I88: QUADRO DE ÁREAS
B89: 4º PAVTO - TIPO A 22º PAVTO - TIPO | C89: Tipo 1 | D89: 140.76 | E89: 19 | F89: 19 | G89: =3*E89 -> 57
B90: 4º PAVTO - TIPO A 22º PAVTO - TIPO | C90: Tipo 2 | D90: 140.52 | E90: 19 | F90: 18 | G90: =3*E90 -> 57
B91: 23º PAVTO - TIPO | C91: Tipo 1 | D91: 140.76 | E91: 1 | F91: 2 | G91: =3*E91 -> 3
B92: 23º PAVTO - TIPO | C92: Tipo 2 | D92: 140.52 | E92: 1 | F92: 2 | G92: =3*E92 -> 3
B93: 24º PAVTO - TIPO | C93: Tipo 1 | D93: 140.76 | E93: 1 | F93: 2 | G93: =3*E93 -> 3
B94: 24º PAVTO - TIPO | C94: Tipo 2 | D94: 140.52 | E94: 1 | F94: 2 | G94: =3*E94 -> 3
B95: 25º PVTO - PENTHOUSE X1 | C95: Tipo 1 penthouse | D95: 281.46 | E95: 1 | F95: 3 | G95: 4
D96: =SUMPRODUCT(D89:D95,E89:E95) -> 6188.34 | E96: =SUM(E89:E95) -> 43 | F96: =SUM(F89:F95) -> 48 | G96: =SUM(G89:G95) -> 130
B99: Torre | C99: Sala comercial | D99: Área | E99: Total vagas | F99: Total banheiros
B100: Torre 1 | C100: Sala comercial 1 | D100: 54.15 | E100: 1 | F100: 1
B101: Torre 1 | C101: Sala comercial 2 | D101: 102.29 | E101: 1 | F101: 1
B102: Torre 1 | C102: Sala comercial 3 | D102: 104.23 | E102: 1 | F102: 1
B103: Torre 1 | C103: Sala comercial 4 | D103: 173.67 | E103: 1 | F103: 1
B104: Torre 1 | C104: Sala comercial 5 | D104: 54 | E104: 1 | F104: 1
D105: =SUM(D100:D104) -> 488.34 | E105: =SUM(E100:E104) -> 5 | F105: =SUM(F100:F104) -> 5
