Workbook

Sheet GER_EXECUTIVO
A1: ETAPA | B1: VALOR ORÇADO | C1: % | D1: VALOR / m²
A2: GERENCIAMENTO TÉCNICO E ADMINISTRATIVO | B2: 4776159.4 | C2: =B2/B$20 -> 0.11229682 | D2: =B2/GER_EXECUTIVO!G$2 -> 368.17089 | F2: ÁREA CONSTRUÍDA | G2: ='[1]Obra '!$E$9 -> 12972.67 | H2: m²
A3: MOVIMENTAÇÃO DE TERRA | B3: 309995.09 | C3: =B3/B$20 -> 0.0072885889 | D3: =B3/GER_EXECUTIVO!G$2 -> 23.896013
A4: INFRAESTRUTURA | B4: 2385378 | C4: =B4/B$20 -> 0.056084888 | D4: =B4/GER_EXECUTIVO!G$2 -> 183.87718
A5: SUPRAESTRUTURA | B5: 9440921.2 | C5: =B5/B$20 -> 0.22197446 | D5: =B5/GER_EXECUTIVO!G$2 -> 727.75467
A6: ALVENARIA | B6: 1758804 | C6: =B6/B$20 -> 0.041352911 | D6: =B6/GER_EXECUTIVO!G$2 -> 135.57764
A7: INSTALAÇÕES ELÉTRICAS, HIDRÁULICAS, GLP E PREVENTIVAS | B7: 3847706.2 | C7: =B7/B$20 -> 0.090467076 | D7: =B7/GER_EXECUTIVO!G$2 -> 296.60095
A8: EQUIPAMENTOS E SISTEMAS ESPECIAIS | B8: 1413762.4 | C8: =B8/B$20 -> 0.033240311 | D8: =B8/GER_EXECUTIVO!G$2 -> 108.98007
A9: CLIMATIZAÇÃO, EXAUSTÃO MECÂNICA E PRESSURIZAÇÃO | B9: 723400 | C9: =B9/B$20 -> 0.017008544 | D9: =B9/GER_EXECUTIVO!G$2 -> 55.763386
A10: IMPERMEABILIZAÇÃO | B10: 447005.7 | C10: =B10/B$20 -> 0.010509976 | D10: =B10/GER_EXECUTIVO!G$2 -> 34.457494
A11: ACABAMENTOS INTERNOS EM PAREDE | B11: 2326498.1 | C11: =B11/B$20 -> 0.054700507 | D11: =B11/GER_EXECUTIVO!G$2 -> 179.33842
A12: REVESTIMENTOS INTERNOS DE TETO | B12: 819178.47 | C12: =B12/B$20 -> 0.019260483 | D12: =B12/GER_EXECUTIVO!G$2 -> 63.146482
A13: PISOS E PAVIMENTAÇÕES | B13: 2749284.5 | C13: =B13/B$20 -> 0.06464104 | D13: =B13/GER_EXECUTIVO!G$2 -> 211.92897
A14: SISTEMAS DE PINTURA INTERNA | B14: 1614904 | C14: =B14/B$20 -> 0.037969541 | D14: =B14/GER_EXECUTIVO!G$2 -> 124.48509
... A19: IMPREVISTOS | B19: 740302.05 | C19: =B19/B$20 -> 0.017405945 | D19: =B19/GER_EXECUTIVO!G$2 -> 57.066283
A20: TOTAL | B20: =SUM(B2:B19) -> 42531564 | C20: =SUM(C2:C19) -> 1 | D20: =SUM(D2:D19) -> 3278.5513
A21: CUB/SC | B21: 2868.91 | C21: 45627 | D21: =ROUND(D20/B21,2)&" CUB" -> 1,14 CUB
A24: Rótulos de Linha | B24: Soma de %
A25: TOTAL | B25: 1
A26: SUPRAESTRUTURA | B26: 0.22200015
A27: GERENCIAMENTO TÉCNICO E ADMINISTRATIVO | B27: 0.10897056
A28: ESQUADRIAS, VIDROS E FERRAGENS | B28: 0.098000665
A29: INSTALAÇÕES ELÉTRICAS, HIDRÁULICAS, GLP E PREVENTIVAS | B29: 0.093310563
A30: PISOS E PAVIMENTAÇÕES | B30: 0.066228588
A31: INFRAESTRUTURA | B31: 0.056786881
A32: ACABAMENTOS INTERNOS EM PAREDE | B32: 0.056043921
A33: REVESTIMENTOS E ACABAMENTOS DE FACHADA | B33: 0.053151547
A34: SERVIÇOS COMPLEMENTARES | B34: 0.051079687
A35: ALVENARIA | B35: 0.042368516
A36: SISTEMAS DE PINTURA INTERNA | B36: 0.038902052
... A44: Total Geral | B44: 2

Sheet Planilha1
A3: ETAPA | C3: VALOR ORÇADO | E3: VALOR ORÇADO | F3: VALOR / m²
A4: GERENCIAMENTO TÉCNICO E ADMINISTRATIVO | E4: 4657196.7 | F4: 359.00063
A5: MOVIMENTAÇÃO DE TERRA | E5: 239452.48 | F5: 18.458226
A6: INFRAESTRUTURA | E6: 2349044 | F6: 181.07637
A7: SUPRAESTRUTURA | E7: 9440921.2 | F7: 727.75467
A8: ALVENARIA | E8: 1758804 | F8: 135.57764
A9: INSTALAÇÕES ELÉTRICAS, HIDRÁULICAS, GLP E PREVENTIVAS | E9: 4133556.8 | F9: 318.63578
A10: EQUIPAMENTOS E SISTEMAS ESPECIAIS | E10: 1413762.4 | F10: 108.98007
A11: CLIMATIZAÇÃO, EXAUSTÃO MECÂNICA E PRESSURIZAÇÃO | E11: 723400 | F11: 55.763386
A12: IMPERMEABILIZAÇÃO | E12: 438426.64 | F12: 33.796176
A13: ACABAMENTOS INTERNOS EM PAREDE | E13: 2326498.1 | F13: 179.33842
A14: REVESTIMENTOS INTERNOS DE TETO | E14: 819178.47 | F14: 63.146482
A15: PISOS E PAVIMENTAÇÕES | E15: 2749284.5 | F15: 211.92897
... A22: TOTAL | E22: 42220816 | F22: 3254.5972
A23: CUB/SC | E23: 2868.91 | F23: 1,13 CUB

Sheet ANÁLISE_CUSTOS
A1: ETAPA | B1: PORTO RUBY | D1: OBRAS DE REFERÊNCIA
B2: VALOR SEM IMPREVISTOS | C2: VALOR / m² | D2: VALOR / m²
A3: MOVIMENTAÇÃO DE TERRA | B3: =GER_EXECUTIVO!B3 -> 309995.09 | C3: =B3/GER_EXECUTIVO!$G$2 -> 23.896013 | D3: =FIXED(CÁLCULO_MÉDIAS!X11,2,FALSE)&" "&"-"&FIXED(CÁLCULO_MÉDIAS!Y11,2,FALSE) -> 10,00 -22,00
A4: =GER_EXECUTIVO!A4 -> INFRAESTRUTURA | B4: =GER_EXECUTIVO!B4 -> 2385378 | C4: =B4/GER_EXECUTIVO!$G$2 -> 183.87718 | D4: =FIXED(CÁLCULO_MÉDIAS!X12,2,FALSE)&" "&"-"&FIXED(CÁLCULO_MÉDIAS!Y12,2,FALSE) -> 175,00 -210,00
A5: =GER_EXECUTIVO!A5 -> SUPRAESTRUTURA | B5: =GER_EXECUTIVO!B5 -> 9440921.2 | C5: =B5/GER_EXECUTIVO!$G$2 -> 727.75467 | D5: =FIXED(CÁLCULO_MÉDIAS!X13,2,FALSE)&" "&"-"&FIXED(CÁLCULO_MÉDIAS!Y13,2,FALSE) -> 690,00 -790,00
A6: =GER_EXECUTIVO!A6 -> ALVENARIA | B6: =GER_EXECUTIVO!B6 -> 1758804 | C6: =B6/GER_EXECUTIVO!$G$2 -> 135.57764 | D6: =FIXED(CÁLCULO_MÉDIAS!X14,2,FALSE)&" "&"-"&FIXED(CÁLCULO_MÉDIAS!Y14,2,FALSE) -> 120,00 -160,00
A7: =GER_EXECUTIVO!A7 -> INSTALAÇÕES ELÉTRICAS, HIDRÁULICAS, GLP E PREVENTIVAS | B7: =GER_EXECUTIVO!B7+GER_EXECUTIVO!B16 -> 4263495.7 | C7: =B7/GER_EXECUTIVO!$G$2 -> 328.65213 | D7: =FIXED(CÁLCULO_MÉDIAS!X15,2,FALSE)&" "&"-"&FIXED(CÁLCULO_MÉDIAS!Y15,2,FALSE) -> 290,00 -360,00
A8: =GER_EXECUTIVO!A8 -> EQUIPAMENTOS E SISTEMAS ESPECIAIS | B8: =GER_EXECUTIVO!B8+GER_EXECUTIVO!B9 -> 2137162.4 | C8: =B8/GER_EXECUTIVO!$G$2 -> 164.74345 | D8: =FIXED(CÁLCULO_MÉDIAS!X16,2,FALSE)&" "&"-"&FIXED(CÁLCULO_MÉDIAS!Y16,2,FALSE) -> 125,00 -230,00
A9: =GER_EXECUTIVO!A10 -> IMPERMEABILIZAÇÃO | B9: =GER_EXECUTIVO!B10 -> 447005.7 | C9: =B9/GER_EXECUTIVO!$G$2 -> 34.457494 | D9: =FIXED(CÁLCULO_MÉDIAS!X17,2,FALSE)&" "&"-"&FIXED(CÁLCULO_MÉDIAS!Y17,2,FALSE) -> 45,00 -65,00
A10: REVESTIMENTOS INTERNOS DE PISO E PAREDE | B10: ='[2]Obra '!$C$58+'[2]Obra '!$C$60 -> 2212511.2 | C10: =B10/GER_EXECUTIVO!$G$2 -> 170.55172 | D10: =FIXED(CÁLCULO_MÉDIAS!X18,2,FALSE)&" "&"-"&FIXED(CÁLCULO_MÉDIAS!Y18,2,FALSE) -> 150,00 -200,00
A11: REVESTIMENTOS E ACABAMENTOS INTERNOS EM TETO | B11: =GER_EXECUTIVO!B12 -> 819178.47 | C11: =B11/GER_EXECUTIVO!$G$2 -> 63.146482 | D11: =FIXED(CÁLCULO_MÉDIAS!X19,2,FALSE)&" "&"-"&FIXED(CÁLCULO_MÉDIAS!Y19,2,FALSE) -> 50,00 -80,00
A12: ACABAMENTOS EM PISO E PAREDE | B12: ='[2]Obra '!$C$59+'[2]Obra '!$C$61 -> 2863271.5 | C12: =B12/GER_EXECUTIVO!$G$2 -> 220.71566 | D12: =FIXED(CÁLCULO_MÉDIAS!X20,2,FALSE)&" "&"-"&FIXED(CÁLCULO_MÉDIAS!Y20,2,FALSE) -> 180,00 -220,00
A13: =GER_EXECUTIVO!A14 -> SISTEMAS DE PINTURA INTERNA | B13: =GER_EXECUTIVO!B14 -> 1614904 | C13: =B13/GER_EXECUTIVO!$G$2 -> 124.48509 | D13: =FIXED(CÁLCULO_MÉDIAS!X21,2,FALSE)&" "&"-"&FIXED(CÁLCULO_MÉDIAS!Y21,2,FALSE) -> 120,00 -145,00
A14: =GER_EXECUTIVO!A15 -> ESQUADRIAS, VIDROS E FERRAGENS | B14: =GER_EXECUTIVO!B15 -> 4068208.6 | C14: =B14/GER_EXECUTIVO!$G$2 -> 313.59841 | D14: =FIXED(CÁLCULO_MÉDIAS!X22,2,FALSE)&" "&"-"&FIXED(CÁLCULO_MÉDIAS!Y22,2,FALSE) -> 260,00 -340,00
A15: REVESTIMENTOS E ACABAMENTOS DE FACHADA | B15: =GER_EXECUTIVO!B17 -> 2453734.2 | C15: =B15/GER_EXECUTIVO!$G$2 -> 189.14643 | D15: =FIXED(CÁLCULO_MÉDIAS!X24,2,FALSE)&" "&"-"&FIXED(CÁLCULO_MÉDIAS!Y24,2,FALSE) -> 110,00 -170,00
A16: SERVIÇOS COMPLEMENTARES | B16: =GER_EXECUTIVO!B18 -> 2240532.6 | C16: =B16/GER_EXECUTIVO!$G$2 -> 172.71175 | D16: =FIXED(CÁLCULO_MÉDIAS!X25,2,FALSE)&" "&"-"&FIXED(CÁLCULO_MÉDIAS!Y25,2,FALSE) -> 120,00 -180,00
A17: TOTAL | B17: =SUM(B3:B16) -> 37015103 | C17: =SUM(C3:C16) -> 2853.3141 | D17: =FIXED(CÁLCULO_MÉDIAS!X26,2,FALSE)&" "&"-"&FIXED(CÁLCULO_MÉDIAS!Y26,2,FALSE) -> 2.450,00 -3.187,00

Sheet AREAS PRIVATIVAS
A2: DESCRIÇÃO | C2: ÁREA (m²) | D2: VALOR TOTAL
A3: VALOR POR ÁREA PRIVATIVA (R$/m²) | C3: =(C4+C7+C5+C6+C8)*15 -> 6651.9 | D3: =#REF!/'AREAS PRIVATIVAS'!C3 -> #REF! | F3: =C3/#REF! -> #REF!
A4: VALOR POR UNIDADE 01 | C4: 106.11 | D4: =$D$3*C4 -> #REF!
A5: VALOR POR UNIDADE 02 | C5: 96.64 | D5: =$D$3*C5 -> #REF!
A6: VALOR POR UNIDADE 03 | C6: 82.98 | D6: =$D$3*C6 -> #REF!
A7: VALOR POR UNIDADE 04 | C7: 78.1 | D7: =$D$3*C7 -> #REF!
A8: VALOR POR UNIDADE 05 | C8: 79.63 | D8: =$D$3*C8 -> #REF!
A10: DESCRIÇÃO | B10: QUANTIDADE | C10: ÁREA (m²) | D10: VALOR TOTAL
A11: APARTAMENTO 01 | B11: 18 | C11: 115.08 | D11: =$D$27*C11 -> 850442.1
A12: APARTAMENTO 02 | B12: 18 | C12: 115.06 | D12: =$D$27*C12 -> 850294.3
A13: COBERTURA INFERIOR 01 | B13: 1 | C13: 114.75 | D13: =$D$27*C13 -> 848003.4
A14: COBERTURA INFERIOR 02 | B14: 1 | C14: 115.45 | D14: =$D$27*C14 -> 853176.4
A15: COBERTURA SUPERIOR 01 | B15: 1 | C15: 106.39 | D15: =$D$27*C15 -> 786222.93
A16: COBERTURA SUPERIOR 02 | B16: 1 | C16: 106.49 | D16: =$D$27*C16 -> 786961.93
A17: COBERTURA TERRAÇO 01 | B17: 1 | C17: 71.59 | D17: =$D$27*C17 -> 529050.66
A18: COBERTURA TERRAÇO 02 | B18: 1 | C18: 71.85 | D18: =$D$27*C18 -> 530972.06
A19: DUPLEX DIFERENCIADO INFERIOR 01 | B19: 1 | C19: 115.32 | D19: =$D$27*C19 -> 852215.7
A20: DUPLEX DIFERENCIADO INFERIOR 02 | B20: 1 | C20: 115.47 | D20: =$D$27*C20 -> 853324.2
A21: DUPLEX DIFERENCIADO SUPERIOR 01 | B21: 1 | C21: 81.15 | D21: =$D$27*C21 -> 599699.13
A22: DUPLEX DIFERENCIADO SUPERIOR 02 | B22: 1 | C22: 80.86 | D22: =$D$27*C22 -> 597556.03
... A26: DUPLEX SUPERIOR 02 | B26: 2 | C26: 81.15 | D26: =$D$27*C26 -> 599699.13
A27: TOTAL | B27: =SUM(B11:B26) -> 54 | C27: 5755.28 | D27: =GER_EXECUTIVO!B20/'AREAS PRIVATIVAS'!C27 -> 7390.0078

Sheet CÁLCULO_MÉDIAS
D1: =7000/D5 -> 1.1660817
C3: DATA BASE | D3: 44958 | E3: DATA BASE | F3: 45047 | G3: DATA BASE | H3: 45017 | I3: DATA BASE | J3: 44896 | K3: DATA BASE | L3: 45017 | M3: DATA BASE | N3: 44927 | O3: DATA BASE | P3: 44682 | Q3: DATA BASE | R3: 45017 | S3: DATA BASE | T3: 45323 | U3: DATA BASE | V3: 45108
C4: CUB | D4: 2662.47 | E4: CUB | F4: 2688.94 | G4: CUB | H4: 2680.84 | I4: CUB | J4: 2643.16 | K4: CUB | L4: 2680.84 | M4: CUB | N4: 2651.17 | O4: CUB | P4: 2470.83 | Q4: CUB | R4: 2680.84 | S4: CUB | T4: 2754 | U4: CUB | V4: 2747.9
C5: M2 | D5: 6003.01 | F5: 10520.39
C6: PAVIMENTOS
C8: DOM | E8: LIBERATO | G8: PAESSAGGIO | I8: M VILLAGE | K8: LA VIE - MG3 | M8: NM | O8: CANTO GRANDE | Q8: OPUS | S8: RAVELLO | U8: MAIORI | X8: MÉDIAS
C9: VALOR / M2 | D9: INDEXADO | E9: VALOR / M2 | F9: INDEXADO | G9: VALOR / M2 | H9: INDEXADO | I9: VALOR / M2 | J9: INDEXADO | K9: VALOR / M2 | L9: INDEXADO | M9: VALOR / M2 | N9: INDEXADO | O9: VALOR / M2 | P9: INDEXADO | Q9: VALOR / M2 | R9: INDEXADO | S9: VALOR / M2 | T9: INDEXADO | U9: VALOR / M2 | V9: INDEXADO | X9: MÍNIMA | Y9: MÁXIMA
B10: GERENCIAMENTO TÉCNICO E ADMINISTRATIVO | C10: 425.96974 | D10: =(GER_EXECUTIVO!$B$21/CÁLCULO_MÉDIAS!D$4)*C10 -> 458.99816 | E10: 283.33076 | F10: =(GER_EXECUTIVO!$B$21/CÁLCULO_MÉDIAS!F$4)*E10 -> 302.29401 | G10: =306.853550565509+12.39 -> 319.24355 | H10: =(GER_EXECUTIVO!$B$21/CÁLCULO_MÉDIAS!H$4)*G10 -> 341.63957 | I10: 400.33 | J10: =(#REF!/CÁLCULO_MÉDIAS!J$4)*I10 -> #REF! | K10: 351.39718 | L10: =(#REF!/CÁLCULO_MÉDIAS!L$4)*K10 -> #REF! | M10: 507.7761 | N10: =(#REF!/CÁLCULO_MÉDIAS!N$4)*M10 -> #REF! | O10: 853.40172 | P10: =(#REF!/CÁLCULO_MÉDIAS!P$4)*O10 -> #REF! | Q10: 515.91027 | R10: =(#REF!/CÁLCULO_MÉDIAS!R$4)*Q10 -> #REF! | S10: 353.33 | T10: =(GER_EXECUTIVO!$B$21/CÁLCULO_MÉDIAS!T$4)*S10 -> 368.07261 | U10: 419.36861 | V10: =(GER_EXECUTIVO!$B$21/CÁLCULO_MÉDIAS!V$4)*U10 -> 437.83646 | X10: 300 | Y10: 400
B11: MOVIMENTAÇÃO DE TERRA | C11: 19.58779 | D11: =(GER_EXECUTIVO!$B$21/CÁLCULO_MÉDIAS!D$4)*C11 -> 21.106569 | F11: =(GER_EXECUTIVO!$B$21/CÁLCULO_MÉDIAS!F$4)*E11 -> 0 | G11: 26.515285 | H11: =(GER_EXECUTIVO!$B$21/CÁLCULO_MÉDIAS!H$4)*G11 -> 28.375422 | I11: 73.6 | J11: =(#REF!/CÁLCULO_MÉDIAS!J$4)*I11 -> #REF! | K11: 11.107321 | L11: =(#REF!/CÁLCULO_MÉDIAS!L$4)*K11 -> #REF! | M11: 27.516026 | N11: =(#REF!/CÁLCULO_MÉDIAS!N$4)*M11 -> #REF! | O11: 2.423133 | P11: =(#REF!/CÁLCULO_MÉDIAS!P$4)*O11 -> #REF! | R11: =(#REF!/CÁLCULO_MÉDIAS!R$4)*Q11 -> #REF! | S11: 6.8428238 | T11: =(GER_EXECUTIVO!$B$21/CÁLCULO_MÉDIAS!T$4)*S11 -> 7.1283391 | U11: 7.3706628 | V11: =(GER_EXECUTIVO!$B$21/CÁLCULO_MÉDIAS!V$4)*U11 -> 7.6952466 | X11: 10 | Y11: 22
B12: INFRAESTRUTURA | C12: 195.5904 | D12: =(GER_EXECUTIVO!$B$21/CÁLCULO_MÉDIAS!D$4)*C12 -> 210.75589 | E12: 171.5507 | F12: =(GER_EXECUTIVO!$B$21/CÁLCULO_MÉDIAS!F$4)*E12 -> 183.03254 | G12: =268.371509227372+41.56 -> 309.93151 | H12: =(GER_EXECUTIVO!$B$21/CÁLCULO_MÉDIAS!H$4)*G12 -> 331.67425 | I12: 475.12 | J12: =(#REF!/CÁLCULO_MÉDIAS!J$4)*I12 -> #REF! | K12: 156.76554 | L12: =(#REF!/CÁLCULO_MÉDIAS!L$4)*K12 -> #REF! | M12: 176.17907 | N12: =(#REF!/CÁLCULO_MÉDIAS!N$4)*M12 -> #REF! | O12: 146.44487 | P12: =(#REF!/CÁLCULO_MÉDIAS!P$4)*O12 -> #REF! | Q12: 112.98609 | R12: =(#REF!/CÁLCULO_MÉDIAS!R$4)*Q12 -> #REF! | S12: 167.92237 | T12: =(GER_EXECUTIVO!$B$21/CÁLCULO_MÉDIAS!T$4)*S12 -> 174.92889 | U12: 183.12103 | V12: =(GER_EXECUTIVO!$B$21/CÁLCULO_MÉDIAS!V$4)*U12 -> 191.18518 | X12: 175 | Y12: 210
B13: SUPRAESTRUTURA | C13: 730.88829 | D13: =(GER_EXECUTIVO!$B$21/CÁLCULO_MÉDIAS!D$4)*C13 -> 787.55919 | E13: 648.94588 | F13: =(GER_EXECUTIVO!$B$21/CÁLCULO_MÉDIAS!F$4)*E13 -> 692.37964 | G13: =424.075395917568+352.64 -> 776.7154 | H13: =(GER_EXECUTIVO!$B$21/CÁLCULO_MÉDIAS!H$4)*G13 -> 831.20461 | I13: 724.14 | J13: =(#REF!/CÁLCULO_MÉDIAS!J$4)*I13 -> #REF! | K13: 611.50353 | L13: =(#REF!/CÁLCULO_MÉDIAS!L$4)*K13 -> #REF! | M13: 601.70734 | N13: =(#REF!/CÁLCULO_MÉDIAS!N$4)*M13 -> #REF! | O13: 506.89276 | P13: =(#REF!/CÁLCULO_MÉDIAS!P$4)*O13 -> #REF! | Q13: 624.69265 | R13: =(#REF!/CÁLCULO_MÉDIAS!R$4)*Q13 -> #REF! | S13: 637.8498 | T13: =(GER_EXECUTIVO!$B$21/CÁLCULO_MÉDIAS!T$4)*S13 -> 664.46393 | U13: 683.35962 | V13: =(GER_EXECUTIVO!$B$21/CÁLCULO_MÉDIAS!V$4)*U13 -> 713.45291 | X13: 690 | Y13: 790
B14: ALVENARIA | C14: 119.11837 | D14: =(GER_EXECUTIVO!$B$21/CÁLCULO_MÉDIAS!D$4)*C14 -> 128.35446 | E14: 146.27237 | F14: =(GER_EXECUTIVO!$B$21/CÁLCULO_MÉDIAS!F$4)*E14 -> 156.06234 | G14: =45.9182137373762+52.78 -> 98.698214 | H14: =(GER_EXECUTIVO!$B$21/CÁLCULO_MÉDIAS!H$4)*G14 -> 105.62223 | I14: 168.14 | J14: =(#REF!/CÁLCULO_MÉDIAS!J$4)*I14 -> #REF! | K14: 149.60861 | L14: =(#REF!/CÁLCULO_MÉDIAS!L$4)*K14 -> #REF! | M14: 128.62893 | N14: =(#REF!/CÁLCULO_MÉDIAS!N$4)*M14 -> #REF! | O14: 125.20191 | P14: =(#REF!/CÁLCULO_MÉDIAS!P$4)*O14 -> #REF! | Q14: 98.954851 | R14: =(#REF!/CÁLCULO_MÉDIAS!R$4)*Q14 -> #REF! | S14: 156.41942 | T14: =(GER_EXECUTIVO!$B$21/CÁLCULO_MÉDIAS!T$4)*S14 -> 162.94599 | U14: 122.17231 | V14: =(GER_EXECUTIVO!$B$21/CÁLCULO_MÉDIAS!V$4)*U14 -> 127.55244 | X14: 120 | Y14: 160
B15: INSTALAÇÕES ELÉTRICAS, HIDRÁULICAS, GLP E PREVENTIVAS | C15: 311.09537 | D15: =(GER_EXECUTIVO!$B$21/CÁLCULO_MÉDIAS!D$4)*C15 -> 335.21678 | E15: 273.47993 | F15: =(GER_EXECUTIVO!$B$21/CÁLCULO_MÉDIAS!F$4)*E15 -> 291.78386 | G15: =133.232025739994+119 -> 252.23203 | H15: =(GER_EXECUTIVO!$B$21/CÁLCULO_MÉDIAS!H$4)*G15 -> 269.92696 | I15: 325.69 | J15: =(#REF!/CÁLCULO_MÉDIAS!J$4)*I15 -> #REF! | K15: 303.91748 | L15: =(#REF!/CÁLCULO_MÉDIAS!L$4)*K15 -> #REF! | M15: 321.44125 | N15: =(#REF!/CÁLCULO_MÉDIAS!N$4)*M15 -> #REF! | O15: 367.37491 | P15: =(#REF!/CÁLCULO_MÉDIAS!P$4)*O15 -> #REF! | Q15: 338.5 | R15: =(#REF!/CÁLCULO_MÉDIAS!R$4)*Q15 -> #REF! | S15: 334.62649 | T15: =(GER_EXECUTIVO!$B$21/CÁLCULO_MÉDIAS!T$4)*S15 -> 348.5887 | U15: 330.15727 | V15: =(GER_EXECUTIVO!$B$21/CÁLCULO_MÉDIAS!V$4)*U15 -> 344.6965 | X15: 290 | Y15: 360
B16: EQUIPAMENTOS E SISTEMAS ESPECIAIS | C16: 234.95757 | D16: =(GER_EXECUTIVO!$B$21/CÁLCULO_MÉDIAS!D$4)*C16 -> 253.17548 | E16: 153.14326 | F16: =(GER_EXECUTIVO!$B$21/CÁLCULO_MÉDIAS!F$4)*E16 -> 163.39309 | G16: 247.28447 | H16: =(GER_EXECUTIVO!$B$21/CÁLCULO_MÉDIAS!H$4)*G16 -> 264.63231 | I16: 126.03 | J16: =(#REF!/CÁLCULO_MÉDIAS!J$4)*I16 -> #REF! | K16: 233.00073 | L16: =(#REF!/CÁLCULO_MÉDIAS!L$4)*K16 -> #REF! | M16: 177.07278 | N16: =(#REF!/CÁLCULO_MÉDIAS!N$4)*M16 -> #REF! | O16: 292.94778 | P16: =(#REF!/CÁLCULO_MÉDIAS!P$4)*O16 -> #REF! | Q16: 195.68218 | R16: =(#REF!/CÁLCULO_MÉDIAS!R$4)*Q16 -> #REF! | S16: 120.27165 | T16: =(GER_EXECUTIVO!$B$21/CÁLCULO_MÉDIAS!T$4)*S16 -> 125.28996 | U16: 147.25896 | V16: =(GER_EXECUTIVO!$B$21/CÁLCULO_MÉDIAS!V$4)*U16 -> 153.74385 | X16: 125 | Y16: 230
B17: IMPERMEABILIZAÇÃO | C17: 40.38554 | D17: =(GER_EXECUTIVO!$B$21/CÁLCULO_MÉDIAS!D$4)*C17 -> 43.516914 | E17: 69.707842 | F17: =(GER_EXECUTIVO!$B$21/CÁLCULO_MÉDIAS!F$4)*E17 -> 74.373368 | G17: =21.1585217854063+29.7 -> 50.858522 | H17: =(GER_EXECUTIVO!$B$21/CÁLCULO_MÉDIAS!H$4)*G17 -> 54.426419 | I17: 88.82 | J17: =(#REF!/CÁLCULO_MÉDIAS!J$4)*I17 -> #REF! | K17: 73.418172 | L17: =(#REF!/CÁLCULO_MÉDIAS!L$4)*K17 -> #REF! | M17: 128.04192 | N17: =(#REF!/CÁLCULO_MÉDIAS!N$4)*M17 -> #REF! | O17: 49.030443 | P17: =(#REF!/CÁLCULO_MÉDIAS!P$4)*O17 -> #REF! | Q17: 43.49527 | R17: =(#REF!/CÁLCULO_MÉDIAS!R$4)*Q17 -> #REF! | S17: 59.845886 | T17: =(GER_EXECUTIVO!$B$21/CÁLCULO_MÉDIAS!T$4)*S17 -> 62.342941 | U17: 73.241233 | V17: =(GER_EXECUTIVO!$B$21/CÁLCULO_MÉDIAS!V$4)*U17 -> 76.466577 | X17: 45 | Y17: 65
B18: REVESTIMENTOS INTERNOS EM PISO E PAREDE | C18: 171.46501 | D18: =(GER_EXECUTIVO!$B$21/CÁLCULO_MÉDIAS!D$4)*C18 -> 184.7599 | E18: 152.31227 | F18: =(GER_EXECUTIVO!$B$21/CÁLCULO_MÉDIAS!F$4)*E18 -> 162.50649 | G18: =61.5070901205645+125.46 -> 186.96709 | H18: =(GER_EXECUTIVO!$B$21/CÁLCULO_MÉDIAS!H$4)*G18 -> 200.08346 | I18: 208.78 | J18: =(#REF!/CÁLCULO_MÉDIAS!J$4)*I18 -> #REF! | L18: =(#REF!/CÁLCULO_MÉDIAS!L$4)*K18 -> #REF! | M18: 192.52394 | N18: =(#REF!/CÁLCULO_MÉDIAS!N$4)*M18 -> #REF! | O18: 179.25884 | P18: =(#REF!/CÁLCULO_MÉDIAS!P$4)*O18 -> #REF! | Q18: 140.41605 | R18: =(#REF!/CÁLCULO_MÉDIAS!R$4)*Q18 -> #REF! | S18: 165.42047 | T18: =(GER_EXECUTIVO!$B$21/CÁLCULO_MÉDIAS!T$4)*S18 -> 172.3226 | U18: 163.65373 | V18: =(GER_EXECUTIVO!$B$21/CÁLCULO_MÉDIAS!V$4)*U18 -> 170.86059 | X18: 150 | Y18: 200
B19: REVESTIMENTOS E ACABAMENTOS INTERNOS EM TETO | C19: 82.252956 | D19: =(GER_EXECUTIVO!$B$21/CÁLCULO_MÉDIAS!D$4)*C19 -> 88.630606 | E19: 54.81864 | F19: =(GER_EXECUTIVO!$B$21/CÁLCULO_MÉDIAS!F$4)*E19 -> 58.487636 | G19: =54.2873850783883+15.35 -> 69.637385 | H19: =(GER_EXECUTIVO!$B$21/CÁLCULO_MÉDIAS!H$4)*G19 -> 74.522683 | I19: 69.87 | J19: =(#REF!/CÁLCULO_MÉDIAS!J$4)*I19 -> #REF! | K19: 79.667723 | L19: =(#REF!/CÁLCULO_MÉDIAS!L$4)*K19 -> #REF! | M19: 66.141025 | N19: =(#REF!/CÁLCULO_MÉDIAS!N$4)*M19 -> #REF! | O19: 114.72652 | P19: =(#REF!/CÁLCULO_MÉDIAS!P$4)*O19 -> #REF! | Q19: 43.38056 | R19: =(#REF!/CÁLCULO_MÉDIAS!R$4)*Q19 -> #REF! | S19: 52.622755 | T19: =(GER_EXECUTIVO!$B$21/CÁLCULO_MÉDIAS!T$4)*S19 -> 54.818427 | U19: 53.764127 | V19: =(GER_EXECUTIVO!$B$21/CÁLCULO_MÉDIAS!V$4)*U19 -> 56.131752 | X19: 50 | Y19: 80
B20: ACABAMENTOS EM PISO E PAREDE | C20: 171.08275 | D20: =(GER_EXECUTIVO!$B$21/CÁLCULO_MÉDIAS!D$4)*C20 -> 184.348 | E20: 210.03147 | F20: =(GER_EXECUTIVO!$B$21/CÁLCULO_MÉDIAS!F$4)*E20 -> 224.08882 | G20: =128.113840140444+57.38 -> 185.49384 | H20: =(GER_EXECUTIVO!$B$21/CÁLCULO_MÉDIAS!H$4)*G20 -> 198.50686 | I20: 169.91 | J20: =(#REF!/CÁLCULO_MÉDIAS!J$4)*I20 -> #REF! | L20: =(#REF!/CÁLCULO_MÉDIAS!L$4)*K20 -> #REF! | M20: 187.43824 | N20: =(#REF!/CÁLCULO_MÉDIAS!N$4)*M20 -> #REF! | O20: 185.67447 | P20: =(#REF!/CÁLCULO_MÉDIAS!P$4)*O20 -> #REF! | Q20: 235.68857 | R20: =(#REF!/CÁLCULO_MÉDIAS!R$4)*Q20 -> #REF! | S20: 139.61447 | T20: =(GER_EXECUTIVO!$B$21/CÁLCULO_MÉDIAS!T$4)*S20 -> 145.43985 | U20: 189.08185 | V20: =(GER_EXECUTIVO!$B$21/CÁLCULO_MÉDIAS!V$4)*U20 -> 197.4085 | X20: 180 | Y20: 220
B21: PINTURA INTERNA | C21: 131.71985 | D21: =(GER_EXECUTIVO!$B$21/CÁLCULO_MÉDIAS!D$4)*C21 -> 141.93301 | E21: 125.38088 | F21: =(GER_EXECUTIVO!$B$21/CÁLCULO_MÉDIAS!F$4)*E21 -> 133.77259 | G21: =35.9030401086365+97.72 -> 133.62304 | H21: =(GER_EXECUTIVO!$B$21/CÁLCULO_MÉDIAS!H$4)*G21 -> 142.99715 | I21: 91.97 | J21: =(#REF!/CÁLCULO_MÉDIAS!J$4)*I21 -> #REF! | K21: 123.72005 | L21: =(#REF!/CÁLCULO_MÉDIAS!L$4)*K21 -> #REF! | M21: 135.47557 | N21: =(#REF!/CÁLCULO_MÉDIAS!N$4)*M21 -> #REF! | O21: 147.81829 | P21: =(#REF!/CÁLCULO_MÉDIAS!P$4)*O21 -> #REF! | Q21: 17.510173 | R21: =(#REF!/CÁLCULO_MÉDIAS!R$4)*Q21 -> #REF! | S21: 136.57496 | T21: =(GER_EXECUTIVO!$B$21/CÁLCULO_MÉDIAS!T$4)*S21 -> 142.27352 | U21: 134.65857 | V21: =(GER_EXECUTIVO!$B$21/CÁLCULO_MÉDIAS!V$4)*U21 -> 140.58857 | X21: 120 | Y21: 145
B22: ESQUADRIAS, VIDROS E FERRAGENS | C22: 323.47432 | D22: =(GER_EXECUTIVO!$B$21/CÁLCULO_MÉDIAS!D$4)*C22 -> 348.55555 | E22: 243.33429 | F22: =(GER_EXECUTIVO!$B$21/CÁLCULO_MÉDIAS!F$4)*E22 -> 259.62059 | G22: =250.558807445514+9.23 -> 259.78881 | H22: =(GER_EXECUTIVO!$B$21/CÁLCULO_MÉDIAS!H$4)*G22 -> 278.01387 | I22: 334.99 | J22: =(#REF!/CÁLCULO_MÉDIAS!J$4)*I22 -> #REF! | K22: 274.28815 | L22: =(#REF!/CÁLCULO_MÉDIAS!L$4)*K22 -> #REF! | M22: 269.57662 | N22: =(#REF!/CÁLCULO_MÉDIAS!N$4)*M22 -> #REF! | O22: 660.96994 | P22: =(#REF!/CÁLCULO_MÉDIAS!P$4)*O22 -> #REF! | Q22: 73.435461 | R22: =(#REF!/CÁLCULO_MÉDIAS!R$4)*Q22 -> #REF! | S22: 223.83737 | T22: =(GER_EXECUTIVO!$B$21/CÁLCULO_MÉDIAS!T$4)*S22 -> 233.17693 | U22: 246.44936 | V22: =(GER_EXECUTIVO!$B$21/CÁLCULO_MÉDIAS!V$4)*U22 -> 257.30231 | X22: 260 | Y22: 340
B23: COBERTURA | C23: 5.0049675 | D23: =(GER_EXECUTIVO!$B$21/CÁLCULO_MÉDIAS!D$4)*C23 -> 5.3930378 | E23: 12.639948 | F23: =(GER_EXECUTIVO!$B$21/CÁLCULO_MÉDIAS!F$4)*E23 -> 13.485936 | G23: =2.57125170509111+1.44 -> 4.0112517 | H23: =(GER_EXECUTIVO!$B$21/CÁLCULO_MÉDIAS!H$4)*G23 -> 4.2926546 | I23: 42.32 | J23: =(#REF!/CÁLCULO_MÉDIAS!J$4)*I23 -> #REF! | L23: =(#REF!/CÁLCULO_MÉDIAS!L$4)*K23 -> #REF! | M23: 29.418583 | N23: =(#REF!/CÁLCULO_MÉDIAS!N$4)*M23 -> #REF! | O23: 16.604139 | P23: =(#REF!/CÁLCULO_MÉDIAS!P$4)*O23 -> #REF! | Q23: 289.35719 | R23: =(#REF!/CÁLCULO_MÉDIAS!R$4)*Q23 -> #REF! | S23: 0 | T23: =(GER_EXECUTIVO!$B$21/CÁLCULO_MÉDIAS!T$4)*S23 -> 0 | U23: 14.67023 | V23: =(GER_EXECUTIVO!$B$21/CÁLCULO_MÉDIAS!V$4)*U23 -> 15.316267 | X23: 5 | Y23: 15
B24: REVESTIMENTOS E ACABAMENTOS DE FACHADA | C24: 165.68145 | D24: =(GER_EXECUTIVO!$B$21/CÁLCULO_MÉDIAS!D$4)*C24 -> 178.5279 | E24: 102.99303 | F24: =(GER_EXECUTIVO!$B$21/CÁLCULO_MÉDIAS!F$4)*E24 -> 109.88633 | G24: =150.750039454126+64.44 -> 215.19004 | H24: =(GER_EXECUTIVO!$B$21/CÁLCULO_MÉDIAS!H$4)*G24 -> 230.28635 | I24: 128.59 | J24: =(#REF!/CÁLCULO_MÉDIAS!J$4)*I24 -> #REF! | K24: 83.253869 | L24: =(#REF!/CÁLCULO_MÉDIAS!L$4)*K24 -> #REF! | M24: 187.5572 | N24: =(#REF!/CÁLCULO_MÉDIAS!N$4)*M24 -> #REF! | O24: 134.24254 | P24: =(#REF!/CÁLCULO_MÉDIAS!P$4)*O24 -> #REF! | Q24: 93.244353 | R24: =(#REF!/CÁLCULO_MÉDIAS!R$4)*Q24 -> #REF! | S24: 162.49166 | T24: =(GER_EXECUTIVO!$B$21/CÁLCULO_MÉDIAS!T$4)*S24 -> 169.27158 | U24: 132.67687 | V24: =(GER_EXECUTIVO!$B$21/CÁLCULO_MÉDIAS!V$4)*U24 -> 138.5196 | X24: 110 | Y24: 170
B25: SERVIÇOS COMPLEMENTARES | C25: 142.84172 | D25: =(GER_EXECUTIVO!$B$21/CÁLCULO_MÉDIAS!D$4)*C25 -> 153.91724 | E25: 116.34736 | F25: =(GER_EXECUTIVO!$B$21/CÁLCULO_MÉDIAS!F$4)*E25 -> 124.13446 | G25: =154.053109535665+12.4 -> 166.45311 | H25: =(GER_EXECUTIVO!$B$21/CÁLCULO_MÉDIAS!H$4)*G25 -> 178.13036 | I25: 206.87 | J25: =(#REF!/CÁLCULO_MÉDIAS!J$4)*I25 -> #REF! | K25: 123.04168 | L25: =(#REF!/CÁLCULO_MÉDIAS!L$4)*K25 -> #REF! | M25: 81.265859 | N25: =(#REF!/CÁLCULO_MÉDIAS!N$4)*M25 -> #REF! | O25: 222.14638 | P25: =(#REF!/CÁLCULO_MÉDIAS!P$4)*O25 -> #REF! | Q25: 217.60741 | R25: =(#REF!/CÁLCULO_MÉDIAS!R$4)*Q25 -> #REF! | S25: 165.47821 | T25: =(GER_EXECUTIVO!$B$21/CÁLCULO_MÉDIAS!T$4)*S25 -> 172.38275 | U25: 123.27583 | V25: =(GER_EXECUTIVO!$B$21/CÁLCULO_MÉDIAS!V$4)*U25 -> 128.70456 | X25: 120 | Y25: 180
B26: TOTAL | C26: =SUM(C10:C25) -> 3271.1161 | D26: =SUM(D10:D25) -> 3524.7487 | E26: =SUM(E10:E25) -> 2764.2886 | F26: =SUM(F10:F25) -> 2949.3017 | G26: =SUM(G10:G25) -> 3302.6435 | H26: =SUM(H10:H25) -> 3534.3352 | I26: =SUM(I10:I25) -> 3635.17 | J26: =SUM(J10:J25) -> #REF! | ... V26: =SUM(V10:V25) -> 3157.4613 | X26: =SUM(X11:X25) -> 2450 | Y26: =SUM(Y11:Y25) -> 3187
C29: 0.219 | E29: 0.2291 | G29: 0.2346
D31: =D22*0.6 -> 209.13333 | F31: =F22*0.6 -> 155.77235 | H31: =H22*0.6 -> 166.80832 | L31: =L22*0.6 -> #REF! | T31: =T22*0.6 -> 139.90616 | V31: =V22*0.6 -> 154.38139
D33: =D21*1.27 -> 180.25492 | F33: =F21*1.27 -> 169.89119 | H33: =H21*1.27 -> 181.60638 | L33: =L21*1.27 -> #REF! | T33: =T21*1.27 -> 180.68737 | V33: =V21*1.27 -> 178.54748

Sheet Versões
A1: ETAPA | B1: R00 | D1: R01 | F1: DIFERENÇA
B2: VALOR | C2: VALOR / m² | D2: VALOR | E2: VALOR / m² | F2: VALOR | G2: VALOR / m² | H2: Observação
A3: GERENCIAMENTO TÉCNICO E ADMINISTRATIVO | B3: 4523591.6 | C3: 359.00063 | D3: 4776159.4 | E3: 368.17089 | F3: =D3-B3 -> 252567.82 | G3: =E3-C3 -> 9.170256 | H3: Alteração das áreas conforme e-mail encaminhado no dia 22/01/2025
A4: MOVIMENTAÇÃO DE TERRA | B4: 192234.68 | C4: 18.458226 | D4: 309995.09 | E4: 23.896013 | F4: =D4-B4 -> 117760.41 | G4: =E4-C4 -> 5.4377863 | H4: Revisão de quantitativos conforme alinhado na reunião de apresentação
A5: INFRAESTRUTURA | B5: 2357339.9 | C5: 181.07637 | D5: 2385378 | E5: 183.87718 | F5: =D5-B5 -> 28038.126 | G5: =E5-C5 -> 2.8008121 | H5: Revisão de quantitativos e preços conforme alinhado na reunião de apresentação
A6: SUPRAESTRUTURA | B6: 9215681.8 | C6: 727.75467 | D6: 9440921.2 | E6: 727.75467 | F6: =D6-B6 -> 225239.43 | G6: =E6-C6 -> 0
A7: ALVENARIA | B7: 1758804 | C7: 135.57764 | D7: 1758804 | E7: 135.57764 | F7: =D7-B7 -> 0 | G7: =E7-C7 -> 0
A8: INSTALAÇÕES ELÉTRICAS, HIDRÁULICAS, GLP E PREVENTIVAS | B8: 3873512.9 | C8: 318.63578 | D8: 3847706.2 | E8: 296.60095 | F8: =D8-B8 -> -25806.66 | G8: =E8-C8 -> -22.034828 | H8: Retirada de estação de tratamento de lodo ativado, inserção de barramento blindado, conforme alinhado em reunião.
A9: EQUIPAMENTOS E SISTEMAS ESPECIAIS | B9: 1413762.4 | C9: 108.98007 | D9: 1413762.4 | E9: 108.98007 | F9: =D9-B9 -> 0 | G9: =E9-C9 -> 0
A10: CLIMATIZAÇÃO, EXAUSTÃO MECÂNICA E PRESSURIZAÇÃO | B10: 723400 | C10: 55.763386 | D10: 723400 | E10: 55.763386 | F10: =D10-B10 -> 0 | G10: =E10-C10 -> 0
A11: IMPERMEABILIZAÇÃO | B11: 438426.64 | C11: 33.796176 | D11: 447005.7 | E11: 34.457494 | F11: =D11-B11 -> 8579.0539 | G11: =E11-C11 -> 0.66131751
A12: ACABAMENTOS INTERNOS EM PAREDE | B12: 2326498.1 | C12: 179.33842 | D12: 2326498.1 | E12: 179.33842 | F12: =D12-B12 -> 0 | G12: =E12-C12 -> 0
A13: REVESTIMENTOS INTERNOS DE TETO | B13: 819178.47 | C13: 63.146482 | D13: 819178.47 | E13: 63.146482 | F13: =D13-B13 -> 0 | G13: =E13-C13 -> 0
A14: PISOS E PAVIMENTAÇÕES | B14: 2749284.5 | C14: 211.92897 | D14: 2749284.5 | E14: 211.92897 | F14: =D14-B14 -> 0 | G14: =E14-C14 -> 0
A15: SISTEMAS DE PINTURA INTERNA | B15: 1614904 | C15: 124.48509 | D15: 1614904 | E15: 124.48509 | F15: =D15-B15 -> 0 | G15: =E15-C15 -> 0
A16: ESQUADRIAS, VIDROS E FERRAGENS | B16: 4068208.6 | C16: 313.59841 | D16: 4068208.6 | E16: 313.59841 | F16: =D16-B16 -> 0 | G16: =E16-C16 -> 0
A17: LOUÇAS E METAIS | B17: 385107.49 | C17: 30.13917 | D17: 415789.45 | E17: 32.051185 | F17: =D17-B17 -> 30681.96 | G17: =E17-C17 -> 1.912015 | H17: Entrega de monocomando nos chuveiros das áreas privativas
A18: REVESTIMENTOS E ACABAMENTOS DE FACHADA | B18: 2206429.8 | C18: 170.08293 | D18: 2453734.2 | E18: 189.14643 | F18: =D18-B18 -> 247304.48 | G18: =E18-C18 -> 19.063499
A19: SERVIÇOS COMPLEMENTARES | B19: 2120422.6 | C19: 166.05843 | D19: 2240532.6 | E19: 172.71175 | F19: =D19-B19 -> 120110 | G19: =E19-C19 -> 6.6533246
A20: IMPREVISTOS | B20: 725263.92 | C20: 56.776404 | D20: 740302.05 | E20: 57.066283 | F20: =D20-B20 -> 15038.136 | G20: =E20-C20 -> 0.28987853
A21: TOTAL | B21: =SUM(B3:B20) -> 41512051 | C21: =SUM(C3:C20) -> 3254.5972 | D21: =SUM(D3:D20) -> 42531564 | E21: =SUM(E3:E20) -> 3278.5513 | F21: =SUM(F3:F20) -> 1019512.8 | G21: =SUM(G3:G20) -> 23.954061
