Workbook

Sheet Gerenciamento executivo 
A1: ETAPA | B1: ARBOL 640 | D1: OBRA SIMILAR
B2: VALOR | C2: VALOR / m² | D2: VALOR / m² | E2: Valor 1 | F2: Valor 2
A3: MOVIMENTAÇÃO DE TERRA | B3: ='Executivo - CASAS'!B3 -> 61586.92 | C3: ='Executivo - CASAS'!D3 -> 14.076689 | D3: 10,00 - 20,00 | E3: 4.5 | F3: 3
A4: INFRAESTRUTURA | B4: ='Executivo - CASAS'!B4 -> 1089933.7 | C4: ='Executivo - CASAS'!D4 -> 249.12201 | D4: 200,00 - 250,00 | E4: 100 | F4: 50
A5: SUPRAESTRUTURA | B5: ='Executivo - CASAS'!B5 -> 2271107.1 | C5: ='Executivo - CASAS'!D5 -> 519.09833 | D5: 520,00 - 580,00 | E5: 520 | F5: 60
A6: ALVENARIA | B6: ='Executivo - CASAS'!B6 -> 567232.97 | C6: ='Executivo - CASAS'!D6 -> 129.65029 | D6: 120,00 - 180,00 | E6: 85 | F6: =110-85 -> 25
A7: INSTALAÇÕES ELÉTRICAS, HIDRÁULICAS, GLP E PREVENTIVAS | B7: ='Executivo - CASAS'!B7 -> 1197857.4 | C7: ='Executivo - CASAS'!D7 -> 273.78973 | D7: 270,00 - 300,00 | E7: 270 | F7: 30
A8: SISTEMAS E EQUIPAMENTOS ESPECIAIS | B8: ='Executivo - CASAS'!B8 -> 363820.65 | C8: ='Executivo - CASAS'!D8 -> 83.157105 | D8: 70,00 - 90,00 | E8: 100 | F8: 80
A9: IMPERMEABILIZAÇÃO | B9: ='Executivo - CASAS'!B9 -> 80633.54 | C9: ='Executivo - CASAS'!D9 -> 18.430102 | D9: 35,00 - 45,00 | E9: 35 | F9: 10
A10: REVESTIMENTOS INTERNOS EM PISO E PAREDE | B10: ='Executivo - CASAS'!B10 -> 455830.56 | C10: ='Executivo - CASAS'!D10 -> 104.18746 | D10: 90,00 - 120,00 | E10: 140 | F10: 30
A11: REVESTIMENTOS E ACABAMENTOS INTERNOS EM TETO | B11: ='Executivo - CASAS'!B11 -> 199670.68 | C11: ='Executivo - CASAS'!D11 -> 45.637969 | D11: 30,00 - 40,00 | E11: 65 | F11: 10
A12: ACABAMENTOS EM PISO E PAREDE | B12: ='Executivo - CASAS'!B12 -> 639143.7 | C12: ='Executivo - CASAS'!D12 -> 146.08665 | D12: 160,00 - 180,00 | E12: 130 | F12: 30
A13: PINTURA INTERNA | B13: ='Executivo - CASAS'!B13 -> 409953.13 | C13: ='Executivo - CASAS'!D13 -> 93.701431 | D13: 80,00 - 100,00 | E13: 90 | F13: 115
A14: ESQUADRIAS, VIDROS E FERRAGENS | B14: ='Executivo - CASAS'!B14 -> 1230287.7 | C14: ='Executivo - CASAS'!D14 -> 281.2022 | D14: 250,00 - 300,00 | E14: 165 | F14: =200-E14 -> 35
A15: COBERTURA | B15: ='Executivo - CASAS'!B15 -> 268942.91 | C15: ='Executivo - CASAS'!D15 -> 61.47126 | D15: 50,00 - 80,00 | E15: 85 | F15: =120-85 -> 35
A16: REVESTIMENTOS E ACABAMENTOS DE FACHADA | B16: ='Executivo - CASAS'!B16 -> 513331.78 | C16: ='Executivo - CASAS'!D16 -> 117.3303 | D16: 85,00 - 120,00 | E16: 85 | F16: =120-85 -> 35
A17: LIMPEZA FINAL DE OBRA | B17: ='Executivo - CASAS'!B17 -> 25000 | C17: ='Executivo - CASAS'!D17 -> 5.7141551 | D17: 5,00 - 10,00
A18: PORTARIA | B18: ='Executivo - CASAS'!B18 -> 85644.36 | C18: ='Executivo - CASAS'!D18 -> 19.575406 | D18: 20,00 - 40,00
A19: SALAO DE FESTAS | B19: ='Executivo - CASAS'!B19 -> 254539.66 | C19: ='Executivo - CASAS'!D19 -> 58.179164 | D19: 60,00 - 90,00
A20: MUROS E FECHAMENTOS | B20: ='Executivo - CASAS'!B20 -> 196088.11 | C20: ='Executivo - CASAS'!D20 -> 44.819115 | D20: 20,00 - 40,00
A21: URBANIZAÇÃO | B21: ='Executivo - CASAS'!B21 -> 1026457.3 | C21: ='Executivo - CASAS'!D21 -> 234.61346 | D21: 100,00 - 130,00
A22: SERVIÇOS COMPLEMENTARES | B22: ='Executivo - CASAS'!B22 -> 386000 | C22: ='Executivo - CASAS'!D22 -> 88.226555 | D22: 80,00 - 140,00
A23: TOTAL | B23: =SUM(B3:B22) -> 11323062 | C23: =SUM(C3:C22) -> 2588.0694 | D23: 2400,00 - 3000,00

Sheet Executivo - CASAS
A1: ETAPA | B1: VALOR ORÇADO | C1: % | D1: VALOR / m² | E1: VALOR / CASA
A2: DESPESAS INDIRETAS | B2: 1188702.8 | C2: =B2/B$24 -> 0.093581696 | D2: =B2/'Executivo - CASAS'!H$10 -> 271.69728 | E2: =B2/H$7 -> 28302.447 | G2: 240-320
A3: MOVIMENTAÇÃO DE TERRA - RESIDÊNCIAS | B3: 61586.92 | C3: =B3/B$24 -> 0.0048484857 | D3: =B3/'Executivo - CASAS'!H$10 -> 14.076689 | E3: =B3/H$7 -> 1466.3552
A4: INFRAESTRUTURA | B4: 1089933.7 | C4: =B4/B$24 -> 0.085806011 | D4: =B4/'Executivo - CASAS'!H$10 -> 249.12201 | E4: =B4/H$7 -> 25950.802
A5: SUPRAESTRUTURA | B5: 2271107.1 | C5: =B5/B$24 -> 0.17879495 | D5: =B5/'Executivo - CASAS'!H$10 -> 519.09833 | E5: =B5/H$7 -> 54073.979
A6: ALVENARIA | B6: 567232.97 | C6: =B6/B$24 -> 0.044655926 | D6: =B6/'Executivo - CASAS'!H$10 -> 129.65029 | E6: =B6/H$7 -> 13505.547
A7: INSTALAÇÕES ELÉTRICAS, HIDRÁULICAS, GLP E PREVENTIVAS | B7: =577534+544485.83+75837.6 -> 1197857.4 | C7: =B7/B$24 -> 0.094302404 | D7: =B7/'Executivo - CASAS'!H$10 -> 273.78973 | E7: =B7/H$7 -> 28520.415 | H7: 42
A8: SISTEMAS E EQUIPAMENTOS ESPECIAIS | B8: =293800+70020.65 -> 363820.65 | C8: =B8/B$24 -> 0.028642108 | D8: =B8/'Executivo - CASAS'!H$10 -> 83.157105 | E8: =B8/H$7 -> 8662.3964
A9: IMPERMEABILIZAÇÃO | B9: 80633.54 | C9: =B9/B$24 -> 0.006347948 | D9: =B9/'Executivo - CASAS'!H$10 -> 18.430102 | E9: =B9/H$7 -> 1919.8462
A10: REVESTIMENTOS INTERNOS EM PISO E PAREDE | B10: 455830.56 | C10: =B10/B$24 -> 0.035885671 | D10: =B10/'Executivo - CASAS'!H$10 -> 104.18746 | E10: =B10/H$7 -> 10853.109 | H10: 4375.1 | I10: REVESTIMENTOS INTERNOS EM PISO E PAREDE
A11: REVESTIMENTOS E ACABAMENTOS INTERNOS EM TETO | B11: 199670.68 | C11: =B11/B$24 -> 0.015719254 | D11: =B11/'Executivo - CASAS'!H$10 -> 45.637969 | E11: =B11/H$7 -> 4754.0638 | I11: REVESTIMENTOS E ACABAMENTOS INTERNOS EM TETO
A12: ACABAMENTOS EM PISO E PAREDE | B12: 639143.7 | C12: =B12/B$24 -> 0.050317163 | D12: =B12/'Executivo - CASAS'!H$10 -> 146.08665 | E12: =B12/H$7 -> 15217.707 | I12: ACABAMENTOS EM PISO E PAREDE
A13: PINTURA INTERNA | B13: 409953.13 | C13: =B13/B$24 -> 0.032273929 | D13: =B13/'Executivo - CASAS'!H$10 -> 93.701431 | E13: =B13/H$7 -> 9760.7888 | I13: PINTURA INTERNA
A14: ESQUADRIAS, VIDROS E FERRAGENS | B14: 1230287.7 | C14: =B14/B$24 -> 0.096855509 | D14: =B14/'Executivo - CASAS'!H$10 -> 281.2022 | E14: =B14/H$7 -> 29292.565 | I14: ESQUADRIAS, VIDROS E FERRAGENS
A15: COBERTURA | B15: 268942.91 | C15: =B15/B$24 -> 0.021172773 | D15: =B15/'Executivo - CASAS'!H$10 -> 61.47126 | E15: =B15/H$7 -> 6403.4026 | I15: COBERTURA
A16: REVESTIMENTOS E ACABAMENTOS DE FACHADA | B16: 513331.78 | C16: =B16/B$24 -> 0.040412506 | D16: =B16/'Executivo - CASAS'!H$10 -> 117.3303 | E16: =B16/H$7 -> 12222.185 | I16: COBERTURA
A17: LIMPEZA FINAL DE OBRA | B17: 25000 | C17: =B17/B$24 -> 0.0019681475 | D17: =B17/'Executivo - CASAS'!H$10 -> 5.7141551 | E17: =B17/H$7 -> 595.2381
A18: PORTARIA | B18: 85644.36 | C18: =B18/B$24 -> 0.0067424293 | D18: =B18/'Executivo - CASAS'!H$10 -> 19.575406 | E18: =B18/H$7 -> 2039.1514
A19: SALAO DE FESTAS | B19: 254539.66 | C19: =B19/B$24 -> 0.020038864 | D19: =B19/'Executivo - CASAS'!H$10 -> 58.179164 | E19: =B19/H$7 -> 6060.4681 | J19: 4375.1
A20: MUROS E FECHAMENTOS | B20: 196088.11 | C20: =B20/B$24 -> 0.015437213 | D20: =B20/'Executivo - CASAS'!H$10 -> 44.819115 | E20: =B20/H$7 -> 4668.7645 | J20: 42
A21: URBANIZAÇÃO | B21: 1026457.3 | C21: =B21/B$24 -> 0.080808778 | D21: =B21/'Executivo - CASAS'!H$10 -> 234.61346 | E21: =B21/H$7 -> 24439.46
A22: SERVIÇOS COMPLEMENTARES | B22: 386000 | C22: =B22/B$24 -> 0.030388197 | D22: =B22/'Executivo - CASAS'!H$10 -> 88.226555 | E22: =B22/H$7 -> 9190.4762 | I22: REVESTIMENTOS E ACABAMENTOS DE FACHADA
A23: IMPREVISTOS E CONTINGÊNCIAS | B23: 190534.94 | C23: =B23/B$24 -> 0.015000034 | D23: =B23/'Executivo - CASAS'!H$10 -> 43.549847 | E23: =B23/H$7 -> 4536.5461 | I23: REVESTIMENTOS E ACABAMENTOS DE FACHADA
A24: TOTAL | B24: =SUM(B2:B23) -> 12702300 | C24: =SUM(C2:C23) -> 1 | D24: =SUM(D2:D23) -> 2903.3165 | E24: =SUM(E2:E23) -> 302435.71
A25: CUB/PR | B25: 2003.3 | C25: 44531 | D25: =+D24/B25 -> 1.449267 | E25: CUBs

Sheet CASA 01
A1: ÍNDICE | B1: ETAPA | C1: VALOR ORÇADO
A2: 01 | B2: MOVIMENTAÇÃO DE TERRA | C2: 41057.94
A3: 02 | B3: INFRAESTRUTURA | C3: 726292.54
A4: 03 | B4: SUPRAESTRUTURA | C4: 1391878.9
A5: 04 | B5: ALVENARIA, VEDAÇÕES E DIVISÓRIAS | C5: 377900.81
A6: 05 | B6: SISTEMAS E INSTALAÇÕES ELÉTRICAS | C6: 384592
A7: 06 | B7: SISTEMAS E INSTALAÇÕES HIDROSSANITÁRIAS E DRENAGEM | C7: 364790.55
A8: 07 | B8: INSTALAÇÕES PREVENTIVAS E GLP | C8: 50358.4
A9: 08 | B9: CLIMATIZAÇÃO E EXAUSTÃO | C9: 195750
A10: 09 | B10: IMPERMEABILIZAÇÃO E TRATAMENTOS | C10: 50652.94
A11: 10 | B11: REVESTIMENTOS INTERNOS EM PISO E PAREDE | C11: 297676.24
A12: 11 | B12: REVESTIMENTOS E ACABAMENTOS INTERNOS EM TETO | C12: 133113.71
A13: 12 | B13: ACABAMENTOS EM PISO E PAREDE | C13: 415355.06
A14: 13 | B14: SISTEMAS DE PINTURA INTERNA | C14: 273725.54 | F14: 20299.08
A15: 14 | B15: ESQUADRIAS, VIDROS E FERRAGENS | C15: 823914.34 | F15: 30907.43
A16: 15 | B16: COBERTURA | C16: 179295.28 | F16: 70655.17
A17: 16 | B17: REVESTIMENTOS E ACABAMENTOS EM FACHADA | C17: 319920.76 | F17: 57433.6
A18: 17 | B18: EQUIPAMENTOS E SISTEMAS ESPECIAIS | C18: 46680.43
A19: TOTAL | C19: =SUM(C2:C18) -> 6072955.5
A20: VALOR / UNIDADE | B20: 2381.05 | C20: =C19/28 -> 216891.27

Sheet CASA 02
A1: ÍNDICE | B1: ETAPA | C1: VALOR ORÇADO
A2: 01 | B2: MOVIMENTAÇÃO DE TERRA | C2: 10264.36
A3: 02 | B3: INFRAESTRUTURA | C3: 181566.03
A4: 03 | B4: SUPRAESTRUTURA | C4: 402577.06
A5: 04 | B5: ALVENARIA, VEDAÇÕES E DIVISÓRIAS | C5: 94491.44
A6: 05 | B6: SISTEMAS E INSTALAÇÕES ELÉTRICAS | C6: 96446
A7: 06 | B7: SISTEMAS E INSTALAÇÕES HIDROSSANITÁRIAS E DRENAGEM | C7: 89497.64
A8: 07 | B8: INSTALAÇÕES PREVENTIVAS E GLP | C8: 12589.6
A9: 08 | B9: CLIMATIZAÇÃO E EXAUSTÃO | C9: 49000
A10: 09 | B10: IMPERMEABILIZAÇÃO E TRATAMENTOS | C10: 14919.73
A11: 10 | B11: REVESTIMENTOS INTERNOS EM PISO E PAREDE | C11: 79281.34
A12: 11 | B12: REVESTIMENTOS E ACABAMENTOS INTERNOS EM TETO | C12: 33278.48
A13: 12 | B13: ACABAMENTOS EM PISO E PAREDE | C13: 103839.23
... A18: 17 | B18: EQUIPAMENTOS E SISTEMAS ESPECIAIS | C18: 11670.11
A19: TOTAL | C19: =SUM(C2:C18) -> 1595613.6
A20: VALOR / UNIDADE | B20: 2381.05 | C20: =C19/7 -> 227944.8

Sheet CASA 03
A1: ÍNDICE | B1: ETAPA | C1: VALOR ORÇADO
A2: 01 | B2: MOVIMENTAÇÃO DE TERRA | C2: 7331.83
A3: 02 | B3: INFRAESTRUTURA | C3: 130190.97
A4: 03 | B4: SUPRAESTRUTURA | C4: 309708.63
A5: 04 | B5: ALVENARIA, VEDAÇÕES E DIVISÓRIAS | C5: 67985.36
A6: 05 | B6: SISTEMAS E INSTALAÇÕES ELÉTRICAS | C6: 68840
A7: 06 | B7: SISTEMAS E INSTALAÇÕES HIDROSSANITÁRIAS E DRENAGEM | C7: 64055.46
A8: 07 | B8: INSTALAÇÕES PREVENTIVAS E GLP | C8: 9064
A9: 08 | B9: CLIMATIZAÇÃO E EXAUSTÃO | C9: 35000 | F9: 3624.84
A10: 09 | B10: IMPERMEABILIZAÇÃO E TRATAMENTOS | C10: 10757.82 | F10: 5519.18
A11: 10 | B11: REVESTIMENTOS INTERNOS EM PISO E PAREDE | C11: 56336.41 | F11: 12616.99
A12: 11 | B12: REVESTIMENTOS E ACABAMENTOS INTERNOS EM TETO | C12: 23770.41 | F12: 10256
A13: 12 | B13: ACABAMENTOS EM PISO E PAREDE | C13: 87873.83
A14: 13 | B14: SISTEMAS DE PINTURA INTERNA | C14: 48308.63
A15: 14 | B15: ESQUADRIAS, VIDROS E FERRAGENS | C15: 137083.13
A16: 15 | B16: COBERTURA | C16: 32017.01
A17: 16 | B17: REVESTIMENTOS E ACABAMENTOS EM FACHADA | C17: 69012.42
A18: 17 | B18: EQUIPAMENTOS E SISTEMAS ESPECIAIS | C18: 8335.79
A19: TOTAL | C19: =SUM(C2:C18) -> 1165671.7
A20: VALOR / UNIDADE | B20: 2381.05 | C20: =C19/5 -> 233134.34

Sheet CASA 04
A1: ÍNDICE | B1: ETAPA | C1: VALOR ORÇADO
A2: 01 | B2: MOVIMENTAÇÃO DE TERRA | C2: 2932.79
A3: 02 | B3: INFRAESTRUTURA | C3: 51879.15
A4: 03 | B4: SUPRAESTRUTURA | C4: 166942.47
A5: 04 | B5: ALVENARIA, VEDAÇÕES E DIVISÓRIAS | C5: 26855.36
A6: 05 | B6: SISTEMAS E INSTALAÇÕES ELÉTRICAS | C6: 27656
A7: 06 | B7: SISTEMAS E INSTALAÇÕES HIDROSSANITÁRIAS E DRENAGEM | C7: 26142.18
A8: 07 | B8: INSTALAÇÕES PREVENTIVAS E GLP | C8: 3825.6
A9: 08 | B9: CLIMATIZAÇÃO E EXAUSTÃO | C9: 14050
A10: 09 | B10: IMPERMEABILIZAÇÃO E TRATAMENTOS | C10: 4303.05
A11: 10 | B11: REVESTIMENTOS INTERNOS EM PISO E PAREDE | C11: 22536.57 | F11: 1449.93
A12: 11 | B12: REVESTIMENTOS E ACABAMENTOS INTERNOS EM TETO | C12: 9508.08 | F12: 2207.67
A13: 12 | B13: ACABAMENTOS EM PISO E PAREDE | C13: 32075.58 | F13: 5046.8
A14: 13 | B14: SISTEMAS DE PINTURA INTERNA | C14: 19323.13 | F14: 4102.4
A15: 14 | B15: ESQUADRIAS, VIDROS E FERRAGENS | C15: 63311.67
A16: 15 | B16: COBERTURA | C16: 12806.8
A17: 16 | B17: REVESTIMENTOS E ACABAMENTOS EM FACHADA | C17: 27604.27
A18: 17 | B18: EQUIPAMENTOS E SISTEMAS ESPECIAIS | C18: 3334.32
A19: TOTAL | C19: =SUM(C2:C18) -> 515087.02
A20: VALOR / UNIDADE | B20: 2381.05 | C20: =C19/2 -> 257543.51

Sheet COMPARATIVO
C7: INCC-fev/2015 | D7: INCC - dez/21
B8: 15840.06 | C8: 611.447 | D8: 962.321
A11: infra | B11: =1841655.12 -> 1841655.1 | C11: =B11/$C$8*$D$8 -> 2898474.3 | D11: =C11/$B$8 -> 182.98379
A12: supra | B12: 2756416.1 | C12: =B12/$C$8*$D$8 -> 4338163.6 | D12: =C12/$B$8 -> 273.87293
A13: alvenaria | B13: 1839663.1 | C13: =B13/$C$8*$D$8 -> 2895339.2 | D13: =C13/$B$8 -> 182.78587
A14: esquadria | B14: =2462981.32+586790 -> 3049771.3 | C14: =B14/$C$8*$D$8 -> 4799858.3 | D14: =C14/$B$8 -> 303.02021
A15: cobertra | B15: 1144186.7 | C15: =B15/$C$8*$D$8 -> 1800769.2 | D15: =C15/$B$8 -> 113.68449
A16: imper | B16: 517724.31 | C16: =B16/$C$8*$D$8 -> 814816.29 | D16: =C16/$B$8 -> 51.440227
A17: forro | B17: 495896.82 | C17: =B17/$C$8*$D$8 -> 780463.27 | D17: =C17/$B$8 -> 49.271484
A18: revestimento | B18: =1163122.54+565392.21+740818.05 -> 2469332.8 | C18: =B18/$C$8*$D$8 -> 3886339.8 | D18: =C18/$B$8 -> 245.34881
A19: acabamento | B19: =681439.76+1213267.51 -> 1894707.3 | C19: =B19/$C$8*$D$8 -> 2981970 | D19: =C19/$B$8 -> 188.25497
A20: fachada | B20: =2027954.06+539567.58 -> 2567521.6 | C20: =B20/$C$8*$D$8 -> 4040873.5 | D20: =C20/$B$8 -> 255.10469
A21: Instalações | B21: =2231754.43+1511403 -> 3743157.4 | C21: =B21/$C$8*$D$8 -> 5891138.6 | D21: =C21/$B$8 -> 371.9139
A22: Especiais | B22: 680320 | C22: =B22/$C$8*$D$8 -> 1070716.2 | D22: =C22/$B$8 -> 67.595465
A23: Pintura | B23: =884636.98+129243.44 -> 1013880.4 | C23: =B23/$C$8*$D$8 -> 1595687.6 | D23: =C23/$B$8 -> 100.73747
A24: Complementares | B24: 133610 | C24: =B24/$C$8*$D$8 -> 210281.04 | D24: =C24/$B$8 -> 13.275268
A25: Muros e fechamentos | B25: 1230157.3 | C25: =B25/$C$8*$D$8 -> 1936073.2 | D25: =C25/$B$8 -> 122.22638
A26: Guarita | B26: 451764.67 | C26: =B26/$C$8*$D$8 -> 711006.23 | D26: =C26/$B$8 -> 44.886587
A27: Lazer | B27: 1207443 | C27: =B27/$C$8*$D$8 -> 1900324.6 | D27: =C27/$B$8 -> 119.96953
A28: Urbanização | B28: 4272695.8 | C28: =B28/$C$8*$D$8 -> 6724548.3 | D28: =C28/$B$8 -> 424.52796
A29: indiretas | B29: 5685033.8 | C29: =B29/$C$8*$D$8 -> 8947345.3 | D29: =C29/$B$8 -> 564.85552
