Workbook
Name \0: #REF!
Name \0: #REF!
Name \0: #REF!
Name \1: #REF!
Name \a: #REF!
Name \a: #REF!
Name \a: #REF!
Name \b: #REF!
Name \c: #REF!
Name \d: #REF!
Name \e: #REF!
Name \i: #REF!
Name \J: #REF!
Name \k: #REF!
Name \l: #N/A
Name \m: #REF!
Name \m: #REF!
Name \m: #REF!
Name \o: #REF!
Name \p: #REF!
Name \r: #REF!
Name \T: #REF!
Name \z: #REF!
Name _\0: #REF!
Name _\1: #REF!
Name _\a: #REF!
Name _\b: #REF!
Name _\c: #REF!
Name _\d: #REF!
Name _\e: #REF!
Name _\i: #REF!
Name _\J: #REF!
Name _\k: #REF!
Name _\l: #N/A
Name _\m: #REF!
Name _\o: #REF!
Name _\p: #REF!
Name _\r: #REF!
Name _\T: #REF!
Name _\z: #REF!
Name ______ACR10: #REF!
Name ______ACR15: #REF!
Name ______acr20: #REF!
Name ______acr5: #REF!
Name ______ARQ1: #REF!
Name ______QT100: #REF!
Name ______QT2: #REF!
Name ______QT3: #REF!
Name ______QT4: #REF!
Name ______QT50: #REF!
Name ______QT75: #REF!
Name _____ACR10: #REF!
Name _____ACR15: #REF!
Name _____acr20: #REF!
Name _____acr5: #REF!
Name _____ARQ1: #REF!
Name _____QT100: #REF!
Name _____QT2: #REF!
Name _____QT3: #REF!
Name _____QT4: #REF!

Sheet PREÇO
B1: Projeto | C1: ='CLIMATIZAÇÃO E EXAUSTÃO'!D1 -> Senna Tower
B2: Empresa | C2: ='CLIMATIZAÇÃO E EXAUSTÃO'!D2 -> FG
B3: Revisão | C3: ='CLIMATIZAÇÃO E EXAUSTÃO'!D3 -> R00 - Letícia
A4: ='CLIMATIZAÇÃO E EXAUSTÃO'!A4 -> CLIMATIZAÇÃO E EXAUSTÃO
C5: Descrição | D5: Unidade | E5: Custo unitário

Sheet CLIMATIZAÇÃO E EXAUSTÃO
C1: Projeto | D1: Senna Tower
C2: Empresa | D2: FG
C3: Revisão | D3: R00 - Letícia
A4: CLIMATIZAÇÃO E EXAUSTÃO
A5: TORRE | B5: PAVIMENTO | C5: GRUPO/EAP | D5: Arquivo | E5: Descrição | F5: Referência | G5: Modelo | H5: Quantidade | I5: Repetição | J5: Perda | K5: Qte com perda | L5: Unidade | M5: Custo unitário | N5: Custo Total | P5: Torre | Q5: EAP | R5: Exaustão forçada e renovação de ar (material) | S5: Exaustão forçada - Ventokit apartamentos (material) | T5: Desumidificador (material | U5: Ventilação garagem (material) | V5: Exaustor para coifa | W5: Infraestrutura de climatização área comum (material) | X5: Infraestrutura de climatização embasamento (material) | Y5: Infraestrutura de climatização torre (material) | Z5: TOTAL
A6: GERAL | B6: SUBSOLO | N6: =IF(SUM(H6:M6)=0,SUMIFS($N7:$N$759,$B7:$B$759,$B6,$A7:$A$759,$A6),K6*M6) -> #N/A | P6: GERAL | Q6: {=_xlfn.UNIQUE(_xlfn._xlws.FILTER($E$6:$E$1048576,$E$6:$E$1048576<>""))} -> Controlador com sensor de monóxido de carbono. Interligado por wifi integrado ao sistema de ventilação do subsolo. | R6: =SUMIFS($K$6:$K$426,$E$6:$E$426,$Q6,$C$6:$C$426,R$5,$A$6:$A$426,$P6) -> 0 | S6: =SUMIFS($K$6:$K$426,$E$6:$E$426,$Q6,$C$6:$C$426,S$5,$A$6:$A$426,$P6) -> 0 | T6: =SUMIFS($K$6:$K$426,$E$6:$E$426,$Q6,$C$6:$C$426,T$5,$A$6:$A$426,$P6) -> 0 | U6: =SUMIFS($K$6:$K$426,$E$6:$E$426,$Q6,$C$6:$C$426,U$5,$A$6:$A$426,$P6) -> 384 | V6: =SUMIFS($K$6:$K$426,$E$6:$E$426,$Q6,$C$6:$C$426,V$5,$A$6:$A$426,$P6) -> 0 | W6: =SUMIFS($K$6:$K$426,$E$6:$E$426,$Q6,$C$6:$C$426,W$5,$A$6:$A$426,$P6) -> 0 | X6: =SUMIFS($K$6:$K$426,$E$6:$E$426,$Q6,$C$6:$C$426,X$5,$A$6:$A$426,$P6) -> 0 | Y6: =SUMIFS($K$6:$K$426,$E$6:$E$426,$Q6,$C$6:$C$426,Y$5,$A$6:$A$426,$P6) -> 0 | Z6: =SUM(R6:Y6) -> 384
A7: =A6 -> GERAL | B7: =B6 -> SUBSOLO | C7: Ventilação garagem (material) | D7: SEN-AP-EXT-001-SUB-R00.pdf | E7: Controlador com sensor de monóxido de carbono. Interligado por wifi integrado ao sistema de ventilação do subsolo. | F7: Storge | G7: STG02-MINI | H7: 48 | I7: 1 | J7: 0 | K7: =(H7+J7*H7)*I7 -> 48 | L7: un | M7: =_xlfn.XLOOKUP($E7,PREÇO!$C$6:$C$89,PREÇO!$E$6:$E$89) -> #N/A | N7: =IF(SUM(H7:M7)=0,SUMIFS($N8:$N$759,$B8:$B$759,$B7,$A8:$A$759,$A7),K7*M7) -> #N/A | P7: GERAL | Q7: Ventilador de indução direcionador de ar compacto com motor eletrônico, com drive STG02-DRV, comunicação por wifi integrado. | R7: =SUMIFS($K$6:$K$426,$E$6:$E$426,$Q7,$C$6:$C$426,R$5,$A$6:$A$426,$P7) -> 0 | S7: =SUMIFS($K$6:$K$426,$E$6:$E$426,$Q7,$C$6:$C$426,S$5,$A$6:$A$426,$P7) -> 0 | T7: =SUMIFS($K$6:$K$426,$E$6:$E$426,$Q7,$C$6:$C$426,T$5,$A$6:$A$426,$P7) -> 0 | U7: =SUMIFS($K$6:$K$426,$E$6:$E$426,$Q7,$C$6:$C$426,U$5,$A$6:$A$426,$P7) -> 920 | V7: =SUMIFS($K$6:$K$426,$E$6:$E$426,$Q7,$C$6:$C$426,V$5,$A$6:$A$426,$P7) -> 0 | W7: =SUMIFS($K$6:$K$426,$E$6:$E$426,$Q7,$C$6:$C$426,W$5,$A$6:$A$426,$P7) -> 0 | X7: =SUMIFS($K$6:$K$426,$E$6:$E$426,$Q7,$C$6:$C$426,X$5,$A$6:$A$426,$P7) -> 0 | Y7: =SUMIFS($K$6:$K$426,$E$6:$E$426,$Q7,$C$6:$C$426,Y$5,$A$6:$A$426,$P7) -> 0 | Z7: =SUM(R7:Y7) -> 920
A8: =A7 -> GERAL | B8: =B7 -> SUBSOLO | C8: Ventilação garagem (material) | D8: SEN-AP-EXT-001-SUB-R00.pdf | E8: Ventilador de indução direcionador de ar compacto com motor eletrônico, com drive STG02-DRV, comunicação por wifi integrado. | F8: Storge | G8: STG-SJF 3000EC | H8: 115 | I8: 1 | J8: 0 | K8: =(H8+J8*H8)*I8 -> 115 | L8: un | M8: =_xlfn.XLOOKUP($E8,PREÇO!$C$6:$C$89,PREÇO!$E$6:$E$89) -> #N/A | N8: =IF(SUM(H8:M8)=0,SUMIFS($N9:$N$759,$B9:$B$759,$B8,$A9:$A$759,$A8),K8*M8) -> #N/A | P8: GERAL | Q8: Ventilador tubo axial com motor eletrônico, vazão máxima de 11.000 m³/h, ruído máximo 76 dB(A) livre, com drive STG02-DRV, comunicação por wifi integrado. | R8: =SUMIFS($K$6:$K$426,$E$6:$E$426,$Q8,$C$6:$C$426,R$5,$A$6:$A$426,$P8) -> 0 | S8: =SUMIFS($K$6:$K$426,$E$6:$E$426,$Q8,$C$6:$C$426,S$5,$A$6:$A$426,$P8) -> 0 | T8: =SUMIFS($K$6:$K$426,$E$6:$E$426,$Q8,$C$6:$C$426,T$5,$A$6:$A$426,$P8) -> 0 | U8: =SUMIFS($K$6:$K$426,$E$6:$E$426,$Q8,$C$6:$C$426,U$5,$A$6:$A$426,$P8) -> 80 | V8: =SUMIFS($K$6:$K$426,$E$6:$E$426,$Q8,$C$6:$C$426,V$5,$A$6:$A$426,$P8) -> 0 | W8: =SUMIFS($K$6:$K$426,$E$6:$E$426,$Q8,$C$6:$C$426,W$5,$A$6:$A$426,$P8) -> 0 | X8: =SUMIFS($K$6:$K$426,$E$6:$E$426,$Q8,$C$6:$C$426,X$5,$A$6:$A$426,$P8) -> 0 | Y8: =SUMIFS($K$6:$K$426,$E$6:$E$426,$Q8,$C$6:$C$426,Y$5,$A$6:$A$426,$P8) -> 0 | Z8: =SUM(R8:Y8) -> 80
A9: =A8 -> GERAL | B9: =B8 -> SUBSOLO | C9: Ventilação garagem (material) | D9: SEN-AP-EXT-001-SUB-R00.pdf | E9: Ventilador tubo axial com motor eletrônico, vazão máxima de 11.000 m³/h, ruído máximo 76 dB(A) livre, com drive STG02-DRV, comunicação por wifi integrado. | F9: Storge | G9: STG-AFSW500 EC | H9: 10 | I9: 1 | J9: 0 | K9: =(H9+J9*H9)*I9 -> 10 | L9: un | M9: =_xlfn.XLOOKUP($E9,PREÇO!$C$6:$C$89,PREÇO!$E$6:$E$89) -> #N/A | N9: =IF(SUM(H9:M9)=0,SUMIFS($N10:$N$759,$B10:$B$759,$B9,$A10:$A$759,$A9),K9*M9) -> #N/A | P9: GERAL | Q9: Ventilador tubo axial com motor eletrônico, vazão máxima de 19.300 m³/h, ruído máximo 81 dB(A) livre, com drive STG02-DRV, comunicação por wifi integrado. | R9: =SUMIFS($K$6:$K$426,$E$6:$E$426,$Q9,$C$6:$C$426,R$5,$A$6:$A$426,$P9) -> 0 | S9: =SUMIFS($K$6:$K$426,$E$6:$E$426,$Q9,$C$6:$C$426,S$5,$A$6:$A$426,$P9) -> 0 | T9: =SUMIFS($K$6:$K$426,$E$6:$E$426,$Q9,$C$6:$C$426,T$5,$A$6:$A$426,$P9) -> 0 | U9: =SUMIFS($K$6:$K$426,$E$6:$E$426,$Q9,$C$6:$C$426,U$5,$A$6:$A$426,$P9) -> 96 | V9: =SUMIFS($K$6:$K$426,$E$6:$E$426,$Q9,$C$6:$C$426,V$5,$A$6:$A$426,$P9) -> 0 | W9: =SUMIFS($K$6:$K$426,$E$6:$E$426,$Q9,$C$6:$C$426,W$5,$A$6:$A$426,$P9) -> 0 | X9: =SUMIFS($K$6:$K$426,$E$6:$E$426,$Q9,$C$6:$C$426,X$5,$A$6:$A$426,$P9) -> 0 | Y9: =SUMIFS($K$6:$K$426,$E$6:$E$426,$Q9,$C$6:$C$426,Y$5,$A$6:$A$426,$P9) -> 0 | Z9: =SUM(R9:Y9) -> 96
A10: =A9 -> GERAL | B10: =B9 -> SUBSOLO | C10: Ventilação garagem (material) | D10: SEN-AP-EXT-001-SUB-R00.pdf | E10: Ventilador tubo axial com motor eletrônico, vazão máxima de 19.300 m³/h, ruído máximo 81 dB(A) livre, com drive STG02-DRV, comunicação por wifi integrado. | F10: Storge | G10: STG-AFSW800 EC | H10: 12 | I10: 1 | J10: 0 | K10: =(H10+J10*H10)*I10 -> 12 | L10: un | M10: =_xlfn.XLOOKUP($E10,PREÇO!$C$6:$C$89,PREÇO!$E$6:$E$89) -> #N/A | N10: =IF(SUM(H10:M10)=0,SUMIFS($N11:$N$759,$B11:$B$759,$B10,$A11:$A$759,$A10),K10*M10) -> #N/A | P10: GERAL | Q10: Ventilador helicocentrífugo, baixo nível de ruído, com elementos acústicos, junta de borracha na sucção e descarga. | R10: =SUMIFS($K$6:$K$426,$E$6:$E$426,$Q10,$C$6:$C$426,R$5,$A$6:$A$426,$P10) -> 45 | S10: =SUMIFS($K$6:$K$426,$E$6:$E$426,$Q10,$C$6:$C$426,S$5,$A$6:$A$426,$P10) -> 2226 | T10: =SUMIFS($K$6:$K$426,$E$6:$E$426,$Q10,$C$6:$C$426,T$5,$A$6:$A$426,$P10) -> 0 | U10: =SUMIFS($K$6:$K$426,$E$6:$E$426,$Q10,$C$6:$C$426,U$5,$A$6:$A$426,$P10) -> 16 | V10: =SUMIFS($K$6:$K$426,$E$6:$E$426,$Q10,$C$6:$C$426,V$5,$A$6:$A$426,$P10) -> 0 | W10: =SUMIFS($K$6:$K$426,$E$6:$E$426,$Q10,$C$6:$C$426,W$5,$A$6:$A$426,$P10) -> 0 | X10: =SUMIFS($K$6:$K$426,$E$6:$E$426,$Q10,$C$6:$C$426,X$5,$A$6:$A$426,$P10) -> 0 | Y10: =SUMIFS($K$6:$K$426,$E$6:$E$426,$Q10,$C$6:$C$426,Y$5,$A$6:$A$426,$P10) -> 0 | Z10: =SUM(R10:Y10) -> 2287
A11: =A10 -> GERAL | B11: =B10 -> SUBSOLO | C11: Exaustão forçada e renovação de ar (material) | D11: SEN-AP-CLI-101-SUB-R01.pdf | E11: Ventilador helicocentrífugo, baixo nível de ruído, com elementos acústicos, junta de borracha na sucção e descarga. | F11: Soler & Palau | G11: TD-160/100 N SILENT | H11: 1 | I11: 1 | J11: 0 | K11: =(H11+J11*H11)*I11 -> 1 | L11: un | M11: =_xlfn.XLOOKUP($E11,PREÇO!$C$6:$C$89,PREÇO!$E$6:$E$89) -> #N/A | N11: =IF(SUM(H11:M11)=0,SUMIFS($N12:$N$759,$B12:$B$759,$B11,$A12:$A$759,$A11),K11*M11) -> #N/A | P11: GERAL | Q11: Ventilador helicocentrífugo com caixa de bornes externa, motor regulável, duas velocidades. | R11: =SUMIFS($K$6:$K$426,$E$6:$E$426,$Q11,$C$6:$C$426,R$5,$A$6:$A$426,$P11) -> 10 | S11: =SUMIFS($K$6:$K$426,$E$6:$E$426,$Q11,$C$6:$C$426,S$5,$A$6:$A$426,$P11) -> 0 | T11: =SUMIFS($K$6:$K$426,$E$6:$E$426,$Q11,$C$6:$C$426,T$5,$A$6:$A$426,$P11) -> 0 | U11: =SUMIFS($K$6:$K$426,$E$6:$E$426,$Q11,$C$6:$C$426,U$5,$A$6:$A$426,$P11) -> 0 | V11: =SUMIFS($K$6:$K$426,$E$6:$E$426,$Q11,$C$6:$C$426,V$5,$A$6:$A$426,$P11) -> 0 | W11: =SUMIFS($K$6:$K$426,$E$6:$E$426,$Q11,$C$6:$C$426,W$5,$A$6:$A$426,$P11) -> 0 | X11: =SUMIFS($K$6:$K$426,$E$6:$E$426,$Q11,$C$6:$C$426,X$5,$A$6:$A$426,$P11) -> 0 | Y11: =SUMIFS($K$6:$K$426,$E$6:$E$426,$Q11,$C$6:$C$426,Y$5,$A$6:$A$426,$P11) -> 0 | Z11: =SUM(R11:Y11) -> 10
A12: =A11 -> GERAL | B12: =B11 -> SUBSOLO | C12: Exaustão forçada e renovação de ar (material) | D12: SEN-AP-CLI-101-SUB-R01.pdf | E12: Ventilador helicocentrífugo com caixa de bornes externa, motor regulável, duas velocidades. | F12: Soler & Palau | G12: TD-250/100 | H12: 1 | I12: 1 | J12: 0 | K12: =(H12+J12*H12)*I12 -> 1 | L12: un | M12: =_xlfn.XLOOKUP($E12,PREÇO!$C$6:$C$89,PREÇO!$E$6:$E$89) -> #N/A | N12: =IF(SUM(H12:M12)=0,SUMIFS($N13:$N$759,$B13:$B$759,$B12,$A13:$A$759,$A12),K12*M12) -> #N/A | P12: GERAL | Q12: Unidade evaporadora tipo Hi-wall, capacidade 12.300 Btu/h, linha VRV, ciclo Q/F. | R12: =SUMIFS($K$6:$K$426,$E$6:$E$426,$Q12,$C$6:$C$426,R$5,$A$6:$A$426,$P12) -> 0 | S12: =SUMIFS($K$6:$K$426,$E$6:$E$426,$Q12,$C$6:$C$426,S$5,$A$6:$A$426,$P12) -> 0 | T12: =SUMIFS($K$6:$K$426,$E$6:$E$426,$Q12,$C$6:$C$426,T$5,$A$6:$A$426,$P12) -> 0 | U12: =SUMIFS($K$6:$K$426,$E$6:$E$426,$Q12,$C$6:$C$426,U$5,$A$6:$A$426,$P12) -> 0 | V12: =SUMIFS($K$6:$K$426,$E$6:$E$426,$Q12,$C$6:$C$426,V$5,$A$6:$A$426,$P12) -> 0 | W12: =SUMIFS($K$6:$K$426,$E$6:$E$426,$Q12,$C$6:$C$426,W$5,$A$6:$A$426,$P12) -> 9 | X12: =SUMIFS($K$6:$K$426,$E$6:$E$426,$Q12,$C$6:$C$426,X$5,$A$6:$A$426,$P12) -> 2 | Y12: =SUMIFS($K$6:$K$426,$E$6:$E$426,$Q12,$C$6:$C$426,Y$5,$A$6:$A$426,$P12) -> 0 | Z12: =SUM(R12:Y12) -> 11
A13: =A12 -> GERAL | B13: =B12 -> SUBSOLO | C13: Infraestrutura de climatização embasamento (material) | D13: SEN-AP-CLI-101-SUB-R01.pdf | E13: Unidade evaporadora tipo Hi-wall, capacidade 12.300 Btu/h, linha VRV, ciclo Q/F. | F13: Daikin | G13: FXAQ32AVM | H13: 2 | I13: 1 | J13: 0 | K13: =(H13+J13*H13)*I13 -> 2 | L13: un | M13: =_xlfn.XLOOKUP($E13,PREÇO!$C$6:$C$89,PREÇO!$E$6:$E$89) -> #N/A | N13: =IF(SUM(H13:M13)=0,SUMIFS($N14:$N$759,$B14:$B$759,$B13,$A14:$A$759,$A13),K13*M13) -> #N/A | P13: GERAL | Q13: Unidade evaporadora tipo Hi-wall, capacidade 24.200 Btu/h, linha VRV, ciclo Q/F. | R13: =SUMIFS($K$6:$K$426,$E$6:$E$426,$Q13,$C$6:$C$426,R$5,$A$6:$A$426,$P13) -> 0 | S13: =SUMIFS($K$6:$K$426,$E$6:$E$426,$Q13,$C$6:$C$426,S$5,$A$6:$A$426,$P13) -> 0 | T13: =SUMIFS($K$6:$K$426,$E$6:$E$426,$Q13,$C$6:$C$426,T$5,$A$6:$A$426,$P13) -> 0 | U13: =SUMIFS($K$6:$K$426,$E$6:$E$426,$Q13,$C$6:$C$426,U$5,$A$6:$A$426,$P13) -> 0 | V13: =SUMIFS($K$6:$K$426,$E$6:$E$426,$Q13,$C$6:$C$426,V$5,$A$6:$A$426,$P13) -> 0 | W13: =SUMIFS($K$6:$K$426,$E$6:$E$426,$Q13,$C$6:$C$426,W$5,$A$6:$A$426,$P13) -> 1 | X13: =SUMIFS($K$6:$K$426,$E$6:$E$426,$Q13,$C$6:$C$426,X$5,$A$6:$A$426,$P13) -> 2 | Y13: =SUMIFS($K$6:$K$426,$E$6:$E$426,$Q13,$C$6:$C$426,Y$5,$A$6:$A$426,$P13) -> 0 | Z13: =SUM(R13:Y13) -> 3
A14: =A13 -> GERAL | B14: =B13 -> SUBSOLO | C14: Infraestrutura de climatização embasamento (material) | D14: SEN-AP-CLI-101-SUB-R01.pdf | E14: Unidade evaporadora tipo Hi-wall, capacidade 24.200 Btu/h, linha VRV, ciclo Q/F. | F14: Daikin | G14: FXAQ63AVM | H14: 2 | I14: 1 | J14: 0 | K14: =(H14+J14*H14)*I14 -> 2 | L14: un | M14: =_xlfn.XLOOKUP($E14,PREÇO!$C$6:$C$89,PREÇO!$E$6:$E$89) -> #N/A | N14: =IF(SUM(H14:M14)=0,SUMIFS($N15:$N$759,$B15:$B$759,$B14,$A15:$A$759,$A14),K14*M14) -> #N/A | P14: GERAL | Q14: Grelha redonda fixa com colarinho de DN Ø100 mm. | R14: =SUMIFS($K$6:$K$426,$E$6:$E$426,$Q14,$C$6:$C$426,R$5,$A$6:$A$426,$P14) -> 3 | S14: =SUMIFS($K$6:$K$426,$E$6:$E$426,$Q14,$C$6:$C$426,S$5,$A$6:$A$426,$P14) -> 0 | T14: =SUMIFS($K$6:$K$426,$E$6:$E$426,$Q14,$C$6:$C$426,T$5,$A$6:$A$426,$P14) -> 0 | U14: =SUMIFS($K$6:$K$426,$E$6:$E$426,$Q14,$C$6:$C$426,U$5,$A$6:$A$426,$P14) -> 0 | V14: =SUMIFS($K$6:$K$426,$E$6:$E$426,$Q14,$C$6:$C$426,V$5,$A$6:$A$426,$P14) -> 0 | W14: =SUMIFS($K$6:$K$426,$E$6:$E$426,$Q14,$C$6:$C$426,W$5,$A$6:$A$426,$P14) -> 0 | X14: =SUMIFS($K$6:$K$426,$E$6:$E$426,$Q14,$C$6:$C$426,X$5,$A$6:$A$426,$P14) -> 0 | Y14: =SUMIFS($K$6:$K$426,$E$6:$E$426,$Q14,$C$6:$C$426,Y$5,$A$6:$A$426,$P14) -> 0 | Z14: =SUM(R14:Y14) -> 3
A15: =A14 -> GERAL | B15: =B14 -> SUBSOLO | C15: Exaustão forçada e renovação de ar (material) | D15: SEN-AP-CLI-101-SUB-R01.pdf | E15: Grelha redonda fixa com colarinho de DN Ø100 mm. | F15: Sicflux | G15: S 100 | H15: 2 | I15: 1 | J15: 0 | K15: =(H15+J15*H15)*I15 -> 2 | L15: un | M15: =_xlfn.XLOOKUP($E15,PREÇO!$C$6:$C$89,PREÇO!$E$6:$E$89) -> #N/A | N15: =IF(SUM(H15:M15)=0,SUMIFS($N16:$N$759,$B16:$B$759,$B15,$A16:$A$759,$A15),K15*M15) -> #N/A | P15: GERAL | Q15: Grelha redonda fixa com colarinho de DN Ø200 mm. | R15: =SUMIFS($K$6:$K$426,$E$6:$E$426,$Q15,$C$6:$C$426,R$5,$A$6:$A$426,$P15) -> 4 | S15: =SUMIFS($K$6:$K$426,$E$6:$E$426,$Q15,$C$6:$C$426,S$5,$A$6:$A$426,$P15) -> 0 | T15: =SUMIFS($K$6:$K$426,$E$6:$E$426,$Q15,$C$6:$C$426,T$5,$A$6:$A$426,$P15) -> 0 | U15: =SUMIFS($K$6:$K$426,$E$6:$E$426,$Q15,$C$6:$C$426,U$5,$A$6:$A$426,$P15) -> 0 | V15: =SUMIFS($K$6:$K$426,$E$6:$E$426,$Q15,$C$6:$C$426,V$5,$A$6:$A$426,$P15) -> 0 | W15: =SUMIFS($K$6:$K$426,$E$6:$E$426,$Q15,$C$6:$C$426,W$5,$A$6:$A$426,$P15) -> 0 | X15: =SUMIFS($K$6:$K$426,$E$6:$E$426,$Q15,$C$6:$C$426,X$5,$A$6:$A$426,$P15) -> 0 | Y15: =SUMIFS($K$6:$K$426,$E$6:$E$426,$Q15,$C$6:$C$426,Y$5,$A$6:$A$426,$P15) -> 0 | Z15: =SUM(R15:Y15) -> 4
A16: =A15 -> GERAL | B16: =B15 -> SUBSOLO | C16: Exaustão forçada e renovação de ar (material) | D16: SEN-AP-CLI-101-SUB-R01.pdf | E16: Grelha redonda fixa com colarinho de DN Ø200 mm. | F16: Sicflux | G16: S 200 | H16: 4 | I16: 1 | J16: 0 | K16: =(H16+J16*H16)*I16 -> 4 | L16: un | M16: =_xlfn.XLOOKUP($E16,PREÇO!$C$6:$C$89,PREÇO!$E$6:$E$89) -> #N/A | N16: =IF(SUM(H16:M16)=0,SUMIFS($N17:$N$759,$B17:$B$759,$B16,$A17:$A$759,$A16),K16*M16) -> #N/A | P16: GERAL | Q16: Boca com regulador de vazão, em plástico ABS, diâmetro nominal de Ø100mm. | R16: =SUMIFS($K$6:$K$426,$E$6:$E$426,$Q16,$C$6:$C$426,R$5,$A$6:$A$426,$P16) -> 332 | S16: =SUMIFS($K$6:$K$426,$E$6:$E$426,$Q16,$C$6:$C$426,S$5,$A$6:$A$426,$P16) -> 0 | T16: =SUMIFS($K$6:$K$426,$E$6:$E$426,$Q16,$C$6:$C$426,T$5,$A$6:$A$426,$P16) -> 0 | U16: =SUMIFS($K$6:$K$426,$E$6:$E$426,$Q16,$C$6:$C$426,U$5,$A$6:$A$426,$P16) -> 9 | V16: =SUMIFS($K$6:$K$426,$E$6:$E$426,$Q16,$C$6:$C$426,V$5,$A$6:$A$426,$P16) -> 0 | W16: =SUMIFS($K$6:$K$426,$E$6:$E$426,$Q16,$C$6:$C$426,W$5,$A$6:$A$426,$P16) -> 0 | X16: =SUMIFS($K$6:$K$426,$E$6:$E$426,$Q16,$C$6:$C$426,X$5,$A$6:$A$426,$P16) -> 0 | Y16: =SUMIFS($K$6:$K$426,$E$6:$E$426,$Q16,$C$6:$C$426,Y$5,$A$6:$A$426,$P16) -> 2 | Z16: =SUM(R16:Y16) -> 343
A17: =A16 -> GERAL | B17: =B16 -> SUBSOLO | C17: Exaustão forçada e renovação de ar (material) | D17: SEN-AP-CLI-101-SUB-R01.pdf | E17: Boca com regulador de vazão, em plástico ABS, diâmetro nominal de Ø100mm. | F17: Sicflux | G17: RVA 100 | H17: 3 | I17: 1 | J17: 0 | K17: =(H17+J17*H17)*I17 -> 3 | L17: un | M17: =_xlfn.XLOOKUP($E17,PREÇO!$C$6:$C$89,PREÇO!$E$6:$E$89) -> #N/A | N17: =IF(SUM(H17:M17)=0,SUMIFS($N18:$N$759,$B18:$B$759,$B17,$A18:$A$759,$A17),K17*M17) -> #N/A | P17: GERAL | Q17: Unidade condensadora linha VRV 6, Série R, Quente e Frio. | R17: =SUMIFS($K$6:$K$426,$E$6:$E$426,$Q17,$C$6:$C$426,R$5,$A$6:$A$426,$P17) -> 0 | S17: =SUMIFS($K$6:$K$426,$E$6:$E$426,$Q17,$C$6:$C$426,S$5,$A$6:$A$426,$P17) -> 0 | T17: =SUMIFS($K$6:$K$426,$E$6:$E$426,$Q17,$C$6:$C$426,T$5,$A$6:$A$426,$P17) -> 0 | U17: =SUMIFS($K$6:$K$426,$E$6:$E$426,$Q17,$C$6:$C$426,U$5,$A$6:$A$426,$P17) -> 0 | V17: =SUMIFS($K$6:$K$426,$E$6:$E$426,$Q17,$C$6:$C$426,V$5,$A$6:$A$426,$P17) -> 0 | W17: =SUMIFS($K$6:$K$426,$E$6:$E$426,$Q17,$C$6:$C$426,W$5,$A$6:$A$426,$P17) -> 10 | X17: =SUMIFS($K$6:$K$426,$E$6:$E$426,$Q17,$C$6:$C$426,X$5,$A$6:$A$426,$P17) -> 0 | Y17: =SUMIFS($K$6:$K$426,$E$6:$E$426,$Q17,$C$6:$C$426,Y$5,$A$6:$A$426,$P17) -> 0 | Z17: =SUM(R17:Y17) -> 10
A18: GERAL | B18: 1° PAV. TÉRREO | N18: =IF(SUM(H18:M18)=0,SUMIFS($N19:$N$759,$B19:$B$759,$B18,$A19:$A$759,$A18),K18*M18) -> #N/A | P18: GERAL | Q18: Unidade evaporadora tipo Teto, capacidade 12.300 Btu/h, linha VRV, ciclo Q/F. | R18: =SUMIFS($K$6:$K$426,$E$6:$E$426,$Q18,$C$6:$C$426,R$5,$A$6:$A$426,$P18) -> 0 | S18: =SUMIFS($K$6:$K$426,$E$6:$E$426,$Q18,$C$6:$C$426,S$5,$A$6:$A$426,$P18) -> 0 | T18: =SUMIFS($K$6:$K$426,$E$6:$E$426,$Q18,$C$6:$C$426,T$5,$A$6:$A$426,$P18) -> 0 | U18: =SUMIFS($K$6:$K$426,$E$6:$E$426,$Q18,$C$6:$C$426,U$5,$A$6:$A$426,$P18) -> 0 | V18: =SUMIFS($K$6:$K$426,$E$6:$E$426,$Q18,$C$6:$C$426,V$5,$A$6:$A$426,$P18) -> 0 | W18: =SUMIFS($K$6:$K$426,$E$6:$E$426,$Q18,$C$6:$C$426,W$5,$A$6:$A$426,$P18) -> 5 | X18: =SUMIFS($K$6:$K$426,$E$6:$E$426,$Q18,$C$6:$C$426,X$5,$A$6:$A$426,$P18) -> 0 | Y18: =SUMIFS($K$6:$K$426,$E$6:$E$426,$Q18,$C$6:$C$426,Y$5,$A$6:$A$426,$P18) -> 0 | Z18: =SUM(R18:Y18) -> 5
A19: =A18 -> GERAL | B19: =B18 -> 1° PAV. TÉRREO | C19: Ventilação garagem (material) | D19: SEN-AP-EXT-002-TER-R00.pdf | E19: Controlador com sensor de monóxido de carbono. Interligado por wifi integrado ao sistema de ventilação do subsolo. | F19: Storge | G19: STG02-MINI | H19: 48 | I19: 1 | J19: 0 | K19: =(H19+J19*H19)*I19 -> 48 | L19: un | M19: =_xlfn.XLOOKUP($E19,PREÇO!$C$6:$C$89,PREÇO!$E$6:$E$89) -> #N/A | N19: =IF(SUM(H19:M19)=0,SUMIFS($N20:$N$759,$B20:$B$759,$B19,$A20:$A$759,$A19),K19*M19) -> #N/A | P19: GERAL | Q19: Unidade evaporadora tipo Teto, capacidade 24.200 Btu/h, linha VRV, ciclo Q/F. | R19: =SUMIFS($K$6:$K$426,$E$6:$E$426,$Q19,$C$6:$C$426,R$5,$A$6:$A$426,$P19) -> 0 | S19: =SUMIFS($K$6:$K$426,$E$6:$E$426,$Q19,$C$6:$C$426,S$5,$A$6:$A$426,$P19) -> 0 | T19: =SUMIFS($K$6:$K$426,$E$6:$E$426,$Q19,$C$6:$C$426,T$5,$A$6:$A$426,$P19) -> 0 | U19: =SUMIFS($K$6:$K$426,$E$6:$E$426,$Q19,$C$6:$C$426,U$5,$A$6:$A$426,$P19) -> 0 | V19: =SUMIFS($K$6:$K$426,$E$6:$E$426,$Q19,$C$6:$C$426,V$5,$A$6:$A$426,$P19) -> 0 | W19: =SUMIFS($K$6:$K$426,$E$6:$E$426,$Q19,$C$6:$C$426,W$5,$A$6:$A$426,$P19) -> 5 | X19: =SUMIFS($K$6:$K$426,$E$6:$E$426,$Q19,$C$6:$C$426,X$5,$A$6:$A$426,$P19) -> 0 | Y19: =SUMIFS($K$6:$K$426,$E$6:$E$426,$Q19,$C$6:$C$426,Y$5,$A$6:$A$426,$P19) -> 0 | Z19: =SUM(R19:Y19) -> 5
A20: =A19 -> GERAL | B20: =B19 -> 1° PAV. TÉRREO | C20: Ventilação garagem (material) | D20: SEN-AP-EXT-002-TER-R00.pdf | E20: Ventilador de indução direcionador de ar compacto com motor eletrônico, com drive STG02-DRV, comunicação por wifi integrado. | F20: Storge | G20: STG-SJF 3000EC | H20: 115 | I20: 1 | J20: 0 | K20: =(H20+J20*H20)*I20 -> 115 | L20: un | M20: =_xlfn.XLOOKUP($E20,PREÇO!$C$6:$C$89,PREÇO!$E$6:$E$89) -> #N/A | N20: =IF(SUM(H20:M20)=0,SUMIFS($N21:$N$759,$B21:$B$759,$B20,$A21:$A$759,$A20),K20*M20) -> #N/A | P20: GERAL | Q20: Unidade evaporadora tipo Teto, capacidade 38.200 Btu/h, linha VRV, ciclo Q/F. | R20: =SUMIFS($K$6:$K$426,$E$6:$E$426,$Q20,$C$6:$C$426,R$5,$A$6:$A$426,$P20) -> 0 | S20: =SUMIFS($K$6:$K$426,$E$6:$E$426,$Q20,$C$6:$C$426,S$5,$A$6:$A$426,$P20) -> 0 | T20: =SUMIFS($K$6:$K$426,$E$6:$E$426,$Q20,$C$6:$C$426,T$5,$A$6:$A$426,$P20) -> 0 | U20: =SUMIFS($K$6:$K$426,$E$6:$E$426,$Q20,$C$6:$C$426,U$5,$A$6:$A$426,$P20) -> 0 | V20: =SUMIFS($K$6:$K$426,$E$6:$E$426,$Q20,$C$6:$C$426,V$5,$A$6:$A$426,$P20) -> 0 | W20: =SUMIFS($K$6:$K$426,$E$6:$E$426,$Q20,$C$6:$C$426,W$5,$A$6:$A$426,$P20) -> 11 | X20: =SUMIFS($K$6:$K$426,$E$6:$E$426,$Q20,$C$6:$C$426,X$5,$A$6:$A$426,$P20) -> 0 | Y20: =SUMIFS($K$6:$K$426,$E$6:$E$426,$Q20,$C$6:$C$426,Y$5,$A$6:$A$426,$P20) -> 0 | Z20: =SUM(R20:Y20) -> 11
A21: =A20 -> GERAL | B21: =B20 -> 1° PAV. TÉRREO | C21: Ventilação garagem (material) | D21: SEN-AP-EXT-002-TER-R00.pdf | E21: Ventilador tubo axial com motor eletrônico, vazão máxima de 11.000 m³/h, ruído máximo 76 dB(A) livre, com drive STG02-DRV, comunicação por wifi integrado. | F21: Storge | G21: STG-AFSW500 EC | H21: 10 | I21: 1 | J21: 0 | K21: =(H21+J21*H21)*I21 -> 10 | L21: un | M21: =_xlfn.XLOOKUP($E21,PREÇO!$C$6:$C$89,PREÇO!$E$6:$E$89) -> #N/A | N21: =IF(SUM(H21:M21)=0,SUMIFS($N22:$N$759,$B22:$B$759,$B21,$A22:$A$759,$A21),K21*M21) -> #N/A | P21: GERAL | Q21: Unidade evaporadora tipo cassete Round Flow, capacidade 38.200 Btu/h, linha VRV, ciclo Q/F. | R21: =SUMIFS($K$6:$K$426,$E$6:$E$426,$Q21,$C$6:$C$426,R$5,$A$6:$A$426,$P21) -> 0 | S21: =SUMIFS($K$6:$K$426,$E$6:$E$426,$Q21,$C$6:$C$426,S$5,$A$6:$A$426,$P21) -> 0 | T21: =SUMIFS($K$6:$K$426,$E$6:$E$426,$Q21,$C$6:$C$426,T$5,$A$6:$A$426,$P21) -> 0 | U21: =SUMIFS($K$6:$K$426,$E$6:$E$426,$Q21,$C$6:$C$426,U$5,$A$6:$A$426,$P21) -> 0 | V21: =SUMIFS($K$6:$K$426,$E$6:$E$426,$Q21,$C$6:$C$426,V$5,$A$6:$A$426,$P21) -> 0 | W21: =SUMIFS($K$6:$K$426,$E$6:$E$426,$Q21,$C$6:$C$426,W$5,$A$6:$A$426,$P21) -> 114 | X21: =SUMIFS($K$6:$K$426,$E$6:$E$426,$Q21,$C$6:$C$426,X$5,$A$6:$A$426,$P21) -> 0 | Y21: =SUMIFS($K$6:$K$426,$E$6:$E$426,$Q21,$C$6:$C$426,Y$5,$A$6:$A$426,$P21) -> 0 | Z21: =SUM(R21:Y21) -> 114
A22: =A21 -> GERAL | B22: =B21 -> 1° PAV. TÉRREO | C22: Ventilação garagem (material) | D22: SEN-AP-EXT-002-TER-R00.pdf | E22: Ventilador tubo axial com motor eletrônico, vazão máxima de 19.300 m³/h, ruído máximo 81 dB(A) livre, com drive STG02-DRV, comunicação por wifi integrado. | F22: Storge | G22: STG-AFSW800 EC | H22: 12 | I22: 1 | J22: 0 | K22: =(H22+J22*H22)*I22 -> 12 | L22: un | M22: =_xlfn.XLOOKUP($E22,PREÇO!$C$6:$C$89,PREÇO!$E$6:$E$89) -> #N/A | N22: =IF(SUM(H22:M22)=0,SUMIFS($N23:$N$759,$B23:$B$759,$B22,$A23:$A$759,$A22),K22*M22) -> #N/A | P22: GERAL | Q22: Unidade evaporadora tipo cassete Round Flow, capacidade 47.800 Btu/h, linha VRV, ciclo Q/F. | R22: =SUMIFS($K$6:$K$426,$E$6:$E$426,$Q22,$C$6:$C$426,R$5,$A$6:$A$426,$P22) -> 0 | S22: =SUMIFS($K$6:$K$426,$E$6:$E$426,$Q22,$C$6:$C$426,S$5,$A$6:$A$426,$P22) -> 0 | T22: =SUMIFS($K$6:$K$426,$E$6:$E$426,$Q22,$C$6:$C$426,T$5,$A$6:$A$426,$P22) -> 0 | U22: =SUMIFS($K$6:$K$426,$E$6:$E$426,$Q22,$C$6:$C$426,U$5,$A$6:$A$426,$P22) -> 0 | V22: =SUMIFS($K$6:$K$426,$E$6:$E$426,$Q22,$C$6:$C$426,V$5,$A$6:$A$426,$P22) -> 0 | W22: =SUMIFS($K$6:$K$426,$E$6:$E$426,$Q22,$C$6:$C$426,W$5,$A$6:$A$426,$P22) -> 129 | X22: =SUMIFS($K$6:$K$426,$E$6:$E$426,$Q22,$C$6:$C$426,X$5,$A$6:$A$426,$P22) -> 0 | Y22: =SUMIFS($K$6:$K$426,$E$6:$E$426,$Q22,$C$6:$C$426,Y$5,$A$6:$A$426,$P22) -> 0 | Z22: =SUM(R22:Y22) -> 129
A23: =A22 -> GERAL | B23: =B22 -> 1° PAV. TÉRREO | C23: Exaustão forçada e renovação de ar (material) | D23: SEN-AP-CLI-BLA-001-R01.pdf | E23: Ventilador helicocentrífugo, baixo nível de ruído, com elementos acústicos, junta de borracha na sucção e descarga. | F23: Soler & Palau | G23: TD-160/100 N SILENT | H23: 4 | I23: 1 | J23: 0 | K23: =(H23+J23*H23)*I23 -> 4 | L23: un | M23: =_xlfn.XLOOKUP($E23,PREÇO!$C$6:$C$89,PREÇO!$E$6:$E$89) -> #N/A | N23: =IF(SUM(H23:M23)=0,SUMIFS($N24:$N$759,$B24:$B$759,$B23,$A24:$A$759,$A23),K23*M23) -> #N/A | P23: GERAL | Q23: Gabinete de ventilação, com filtro G4+M5, paineis isolados | R23: =SUMIFS($K$6:$K$426,$E$6:$E$426,$Q23,$C$6:$C$426,R$5,$A$6:$A$426,$P23) -> 2 | S23: =SUMIFS($K$6:$K$426,$E$6:$E$426,$Q23,$C$6:$C$426,S$5,$A$6:$A$426,$P23) -> 0 | T23: =SUMIFS($K$6:$K$426,$E$6:$E$426,$Q23,$C$6:$C$426,T$5,$A$6:$A$426,$P23) -> 0 | U23: =SUMIFS($K$6:$K$426,$E$6:$E$426,$Q23,$C$6:$C$426,U$5,$A$6:$A$426,$P23) -> 8 | V23: =SUMIFS($K$6:$K$426,$E$6:$E$426,$Q23,$C$6:$C$426,V$5,$A$6:$A$426,$P23) -> 0 | W23: =SUMIFS($K$6:$K$426,$E$6:$E$426,$Q23,$C$6:$C$426,W$5,$A$6:$A$426,$P23) -> 0 | X23: =SUMIFS($K$6:$K$426,$E$6:$E$426,$Q23,$C$6:$C$426,X$5,$A$6:$A$426,$P23) -> 0 | Y23: =SUMIFS($K$6:$K$426,$E$6:$E$426,$Q23,$C$6:$C$426,Y$5,$A$6:$A$426,$P23) -> 0 | Z23: =SUM(R23:Y23) -> 10
A24: =A23 -> GERAL | B24: =B23 -> 1° PAV. TÉRREO | C24: Infraestrutura de climatização área comum (material) | D24: SEN-AP-CLI-BLA-001-R01.pdf | E24: Unidade condensadora linha VRV 6, Série R, Quente e Frio. | F24: Daikin | G24: REYQ26BYM | H24: 1 | I24: 1 | J24: 0 | K24: =(H24+J24*H24)*I24 -> 1 | L24: un | M24: =_xlfn.XLOOKUP($E24,PREÇO!$C$6:$C$89,PREÇO!$E$6:$E$89) -> #N/A | N24: =IF(SUM(H24:M24)=0,SUMIFS($N25:$N$759,$B25:$B$759,$B24,$A25:$A$759,$A24),K24*M24) -> #N/A | P24: GERAL | Q24: Grelha redonda fixa com colarinho, em plástico ABS, colarinho de Ø100m. | R24: =SUMIFS($K$6:$K$426,$E$6:$E$426,$Q24,$C$6:$C$426,R$5,$A$6:$A$426,$P24) -> 8 | S24: =SUMIFS($K$6:$K$426,$E$6:$E$426,$Q24,$C$6:$C$426,S$5,$A$6:$A$426,$P24) -> 0 | T24: =SUMIFS($K$6:$K$426,$E$6:$E$426,$Q24,$C$6:$C$426,T$5,$A$6:$A$426,$P24) -> 0 | U24: =SUMIFS($K$6:$K$426,$E$6:$E$426,$Q24,$C$6:$C$426,U$5,$A$6:$A$426,$P24) -> 12 | V24: =SUMIFS($K$6:$K$426,$E$6:$E$426,$Q24,$C$6:$C$426,V$5,$A$6:$A$426,$P24) -> 0 | W24: =SUMIFS($K$6:$K$426,$E$6:$E$426,$Q24,$C$6:$C$426,W$5,$A$6:$A$426,$P24) -> 0 | X24: =SUMIFS($K$6:$K$426,$E$6:$E$426,$Q24,$C$6:$C$426,X$5,$A$6:$A$426,$P24) -> 0 | Y24: =SUMIFS($K$6:$K$426,$E$6:$E$426,$Q24,$C$6:$C$426,Y$5,$A$6:$A$426,$P24) -> 0 | Z24: =SUM(R24:Y24) -> 20
A25: =A24 -> GERAL | B25: =B24 -> 1° PAV. TÉRREO | C25: Infraestrutura de climatização área comum (material) | D25: SEN-AP-CLI-BLA-001-R01.pdf | E25: Unidade condensadora linha VRV 6, Série R, Quente e Frio. | F25: Daikin | G25: REYQ20BYM | H25: 1 | I25: 1 | J25: 0 | K25: =(H25+J25*H25)*I25 -> 1 | L25: un | M25: =_xlfn.XLOOKUP($E25,PREÇO!$C$6:$C$89,PREÇO!$E$6:$E$89) -> #N/A | N25: =IF(SUM(H25:M25)=0,SUMIFS($N26:$N$759,$B26:$B$759,$B25,$A26:$A$759,$A25),K25*M25) -> #N/A | P25: GERAL | Q25: Grelha metálica retangular, com registro de lâminas convergentes. | R25: =SUMIFS($K$6:$K$426,$E$6:$E$426,$Q25,$C$6:$C$426,R$5,$A$6:$A$426,$P25) -> 169 | S25: =SUMIFS($K$6:$K$426,$E$6:$E$426,$Q25,$C$6:$C$426,S$5,$A$6:$A$426,$P25) -> 0 | T25: =SUMIFS($K$6:$K$426,$E$6:$E$426,$Q25,$C$6:$C$426,T$5,$A$6:$A$426,$P25) -> 0 | U25: =SUMIFS($K$6:$K$426,$E$6:$E$426,$Q25,$C$6:$C$426,U$5,$A$6:$A$426,$P25) -> 29 | V25: =SUMIFS($K$6:$K$426,$E$6:$E$426,$Q25,$C$6:$C$426,V$5,$A$6:$A$426,$P25) -> 0 | W25: =SUMIFS($K$6:$K$426,$E$6:$E$426,$Q25,$C$6:$C$426,W$5,$A$6:$A$426,$P25) -> 0 | X25: =SUMIFS($K$6:$K$426,$E$6:$E$426,$Q25,$C$6:$C$426,X$5,$A$6:$A$426,$P25) -> 0 | Y25: =SUMIFS($K$6:$K$426,$E$6:$E$426,$Q25,$C$6:$C$426,Y$5,$A$6:$A$426,$P25) -> 0 | Z25: =SUM(R25:Y25) -> 198
A26: =A25 -> GERAL | B26: =B25 -> 1° PAV. TÉRREO | C26: Infraestrutura de climatização área comum (material) | D26: SEN-AP-CLI-BLA-001-R01.pdf | E26: Unidade evaporadora tipo Teto, capacidade 12.300 Btu/h, linha VRV, ciclo Q/F. | F26: Daikin | G26: FXHQ32MAVE | H26: 1 | I26: 1 | J26: 0 | K26: =(H26+J26*H26)*I26 -> 1 | L26: un | M26: =_xlfn.XLOOKUP($E26,PREÇO!$C$6:$C$89,PREÇO!$E$6:$E$89) -> #N/A | N26: =IF(SUM(H26:M26)=0,SUMIFS($N27:$N$759,$B27:$B$759,$B26,$A27:$A$759,$A26),K26*M26) -> #N/A | P26: GERAL | Q26: Coifa Lavadora tipo Ilha com 5 Estágios de Filtragem. Vazão de 5.760 m³/h. | R26: =SUMIFS($K$6:$K$426,$E$6:$E$426,$Q26,$C$6:$C$426,R$5,$A$6:$A$426,$P26) -> 0 | S26: =SUMIFS($K$6:$K$426,$E$6:$E$426,$Q26,$C$6:$C$426,S$5,$A$6:$A$426,$P26) -> 0 | T26: =SUMIFS($K$6:$K$426,$E$6:$E$426,$Q26,$C$6:$C$426,T$5,$A$6:$A$426,$P26) -> 0 | U26: =SUMIFS($K$6:$K$426,$E$6:$E$426,$Q26,$C$6:$C$426,U$5,$A$6:$A$426,$P26) -> 0 | V26: =SUMIFS($K$6:$K$426,$E$6:$E$426,$Q26,$C$6:$C$426,V$5,$A$6:$A$426,$P26) -> 1 | W26: =SUMIFS($K$6:$K$426,$E$6:$E$426,$Q26,$C$6:$C$426,W$5,$A$6:$A$426,$P26) -> 0 | X26: =SUMIFS($K$6:$K$426,$E$6:$E$426,$Q26,$C$6:$C$426,X$5,$A$6:$A$426,$P26) -> 0 | Y26: =SUMIFS($K$6:$K$426,$E$6:$E$426,$Q26,$C$6:$C$426,Y$5,$A$6:$A$426,$P26) -> 0 | Z26: =SUM(R26:Y26) -> 1
A27: =A26 -> GERAL | B27: =B26 -> 1° PAV. TÉRREO | C27: Infraestrutura de climatização área comum (material) | D27: SEN-AP-CLI-BLA-001-R01.pdf | E27: Unidade evaporadora tipo Teto, capacidade 24.200 Btu/h, linha VRV, ciclo Q/F. | F27: Daikin | G27: FXHQ63MAVE | H27: 1 | I27: 1 | J27: 0 | K27: =(H27+J27*H27)*I27 -> 1 | L27: un | M27: =_xlfn.XLOOKUP($E27,PREÇO!$C$6:$C$89,PREÇO!$E$6:$E$89) -> #N/A | N27: =IF(SUM(H27:M27)=0,SUMIFS($N28:$N$759,$B28:$B$759,$B27,$A28:$A$759,$A27),K27*M27) -> #N/A | P27: GERAL | Q27: Unidade condensadora VRF de 4 HP, Só Frio, retangular de descarga horizontal. | R27: =SUMIFS($K$6:$K$426,$E$6:$E$426,$Q27,$C$6:$C$426,R$5,$A$6:$A$426,$P27) -> 0 | S27: =SUMIFS($K$6:$K$426,$E$6:$E$426,$Q27,$C$6:$C$426,S$5,$A$6:$A$426,$P27) -> 0 | T27: =SUMIFS($K$6:$K$426,$E$6:$E$426,$Q27,$C$6:$C$426,T$5,$A$6:$A$426,$P27) -> 0 | U27: =SUMIFS($K$6:$K$426,$E$6:$E$426,$Q27,$C$6:$C$426,U$5,$A$6:$A$426,$P27) -> 0 | V27: =SUMIFS($K$6:$K$426,$E$6:$E$426,$Q27,$C$6:$C$426,V$5,$A$6:$A$426,$P27) -> 0 | W27: =SUMIFS($K$6:$K$426,$E$6:$E$426,$Q27,$C$6:$C$426,W$5,$A$6:$A$426,$P27) -> 2 | X27: =SUMIFS($K$6:$K$426,$E$6:$E$426,$Q27,$C$6:$C$426,X$5,$A$6:$A$426,$P27) -> 0 | Y27: =SUMIFS($K$6:$K$426,$E$6:$E$426,$Q27,$C$6:$C$426,Y$5,$A$6:$A$426,$P27) -> 0 | Z27: =SUM(R27:Y27) -> 2
A28: =A27 -> GERAL | B28: =B27 -> 1° PAV. TÉRREO | C28: Infraestrutura de climatização área comum (material) | D28: SEN-AP-CLI-BLA-001-R01.pdf | E28: Unidade evaporadora tipo Teto, capacidade 38.200 Btu/h, linha VRV, ciclo Q/F. | F28: Daikin | G28: FXHQ100MAVE | H28: 1 | I28: 1 | J28: 0 | K28: =(H28+J28*H28)*I28 -> 1 | L28: un | M28: =_xlfn.XLOOKUP($E28,PREÇO!$C$6:$C$89,PREÇO!$E$6:$E$89) -> #N/A | N28: =IF(SUM(H28:M28)=0,SUMIFS($N29:$N$759,$B29:$B$759,$B28,$A29:$A$759,$A28),K28*M28) -> #N/A | P28: GERAL | Q28: Unidade Condensadora Linha VRV 6, Série R, Quente e Frio Simultaneo 10 HP, 231 kg | R28: =SUMIFS($K$6:$K$426,$E$6:$E$426,$Q28,$C$6:$C$426,R$5,$A$6:$A$426,$P28) -> 0 | S28: =SUMIFS($K$6:$K$426,$E$6:$E$426,$Q28,$C$6:$C$426,S$5,$A$6:$A$426,$P28) -> 0 | T28: =SUMIFS($K$6:$K$426,$E$6:$E$426,$Q28,$C$6:$C$426,T$5,$A$6:$A$426,$P28) -> 0 | U28: =SUMIFS($K$6:$K$426,$E$6:$E$426,$Q28,$C$6:$C$426,U$5,$A$6:$A$426,$P28) -> 0 | V28: =SUMIFS($K$6:$K$426,$E$6:$E$426,$Q28,$C$6:$C$426,V$5,$A$6:$A$426,$P28) -> 0 | W28: =SUMIFS($K$6:$K$426,$E$6:$E$426,$Q28,$C$6:$C$426,W$5,$A$6:$A$426,$P28) -> 1 | X28: =SUMIFS($K$6:$K$426,$E$6:$E$426,$Q28,$C$6:$C$426,X$5,$A$6:$A$426,$P28) -> 0 | Y28: =SUMIFS($K$6:$K$426,$E$6:$E$426,$Q28,$C$6:$C$426,Y$5,$A$6:$A$426,$P28) -> 0 | Z28: =SUM(R28:Y28) -> 1
A29: =A28 -> GERAL | B29: =B28 -> 1° PAV. TÉRREO | C29: Infraestrutura de climatização área comum (material) | D29: SEN-AP-CLI-BLA-001-R01.pdf | E29: Unidade evaporadora tipo cassete Round Flow, capacidade 38.200 Btu/h, linha VRV, ciclo Q/F. | F29: Daikin | G29: FXFQ100AVM | H29: 3 | I29: 1 | J29: 0 | K29: =(H29+J29*H29)*I29 -> 3 | L29: un | M29: =_xlfn.XLOOKUP($E29,PREÇO!$C$6:$C$89,PREÇO!$E$6:$E$89) -> #N/A | N29: =IF(SUM(H29:M29)=0,SUMIFS($N30:$N$759,$B30:$B$759,$B29,$A30:$A$759,$A29),K29*M29) -> #N/A | P29: GERAL | Q29: Unidade evaporadora tipo Hi-wall, capacidade 7.500 Btu/h, linha VRV, ciclo Q/F. | R29: =SUMIFS($K$6:$K$426,$E$6:$E$426,$Q29,$C$6:$C$426,R$5,$A$6:$A$426,$P29) -> 0 | S29: =SUMIFS($K$6:$K$426,$E$6:$E$426,$Q29,$C$6:$C$426,S$5,$A$6:$A$426,$P29) -> 0 | T29: =SUMIFS($K$6:$K$426,$E$6:$E$426,$Q29,$C$6:$C$426,T$5,$A$6:$A$426,$P29) -> 0 | U29: =SUMIFS($K$6:$K$426,$E$6:$E$426,$Q29,$C$6:$C$426,U$5,$A$6:$A$426,$P29) -> 0 | V29: =SUMIFS($K$6:$K$426,$E$6:$E$426,$Q29,$C$6:$C$426,V$5,$A$6:$A$426,$P29) -> 0 | W29: =SUMIFS($K$6:$K$426,$E$6:$E$426,$Q29,$C$6:$C$426,W$5,$A$6:$A$426,$P29) -> 2 | X29: =SUMIFS($K$6:$K$426,$E$6:$E$426,$Q29,$C$6:$C$426,X$5,$A$6:$A$426,$P29) -> 0 | Y29: =SUMIFS($K$6:$K$426,$E$6:$E$426,$Q29,$C$6:$C$426,Y$5,$A$6:$A$426,$P29) -> 0 | Z29: =SUM(R29:Y29) -> 2
A30: =A29 -> GERAL | B30: =B29 -> 1° PAV. TÉRREO | C30: Infraestrutura de climatização área comum (material) | D30: SEN-AP-CLI-BLA-001-R01.pdf | E30: Unidade evaporadora tipo cassete Round Flow, capacidade 47.800 Btu/h, linha VRV, ciclo Q/F. | F30: Daikin | G30: FXFQ125AVM | H30: 6 | I30: 1 | J30: 0 | K30: =(H30+J30*H30)*I30 -> 6 | L30: un | M30: =_xlfn.XLOOKUP($E30,PREÇO!$C$6:$C$89,PREÇO!$E$6:$E$89) -> #N/A | N30: =IF(SUM(H30:M30)=0,SUMIFS($N31:$N$759,$B31:$B$759,$B30,$A31:$A$759,$A30),K30*M30) -> #N/A | P30: GERAL | Q30: Unidade evaporadora tipo Hi-wall, capacidade 15.400 Btu/h, linha VRV, ciclo Q/F. | R30: =SUMIFS($K$6:$K$426,$E$6:$E$426,$Q30,$C$6:$C$426,R$5,$A$6:$A$426,$P30) -> 0 | S30: =SUMIFS($K$6:$K$426,$E$6:$E$426,$Q30,$C$6:$C$426,S$5,$A$6:$A$426,$P30) -> 0 | T30: =SUMIFS($K$6:$K$426,$E$6:$E$426,$Q30,$C$6:$C$426,T$5,$A$6:$A$426,$P30) -> 0 | U30: =SUMIFS($K$6:$K$426,$E$6:$E$426,$Q30,$C$6:$C$426,U$5,$A$6:$A$426,$P30) -> 0 | V30: =SUMIFS($K$6:$K$426,$E$6:$E$426,$Q30,$C$6:$C$426,V$5,$A$6:$A$426,$P30) -> 0 | W30: =SUMIFS($K$6:$K$426,$E$6:$E$426,$Q30,$C$6:$C$426,W$5,$A$6:$A$426,$P30) -> 1 | X30: =SUMIFS($K$6:$K$426,$E$6:$E$426,$Q30,$C$6:$C$426,X$5,$A$6:$A$426,$P30) -> 0 | Y30: =SUMIFS($K$6:$K$426,$E$6:$E$426,$Q30,$C$6:$C$426,Y$5,$A$6:$A$426,$P30) -> 0 | Z30: =SUM(R30:Y30) -> 1
... A34: =A33 -> GERAL | B34: =B33 -> 1° PAV. TÉRREO | C34: Exaustão forçada e renovação de ar (material) | D34: SEN-AP-CLI-BLA-001-R01.pdf | E34: Grelha metálica retangular, com registro de lâminas convergentes. | F34: TROX | G34: AT-AG/225x125 | H34: 5 | I34: 1 | J34: 0 | K34: =(H34+J34*H34)*I34 -> 5 | L34: un | M34: =_xlfn.XLOOKUP($E34,PREÇO!$C$6:$C$89,PREÇO!$E$6:$E$89) -> #N/A | N34: =IF(SUM(H34:M34)=0,SUMIFS($N35:$N$759,$B35:$B$759,$B34,$A35:$A$759,$A34),K34*M34) -> #N/A | P34: GERAL | Q34: Unidade evaporadora inverter Hi-Wall, capacidade de 12.000 BTU/h, linha split, ciclo Q/F. Alimentação elétrica pela condensadora. | R34: =SUMIFS($K$6:$K$426,$E$6:$E$426,$Q34,$C$6:$C$426,R$5,$A$6:$A$426,$P34) -> 0 | S34: =SUMIFS($K$6:$K$426,$E$6:$E$426,$Q34,$C$6:$C$426,S$5,$A$6:$A$426,$P34) -> 0 | T34: =SUMIFS($K$6:$K$426,$E$6:$E$426,$Q34,$C$6:$C$426,T$5,$A$6:$A$426,$P34) -> 0 | U34: =SUMIFS($K$6:$K$426,$E$6:$E$426,$Q34,$C$6:$C$426,U$5,$A$6:$A$426,$P34) -> 0 | V34: =SUMIFS($K$6:$K$426,$E$6:$E$426,$Q34,$C$6:$C$426,V$5,$A$6:$A$426,$P34) -> 0 | W34: =SUMIFS($K$6:$K$426,$E$6:$E$426,$Q34,$C$6:$C$426,W$5,$A$6:$A$426,$P34) -> 2 | X34: =SUMIFS($K$6:$K$426,$E$6:$E$426,$Q34,$C$6:$C$426,X$5,$A$6:$A$426,$P34) -> 0 | Y34: =SUMIFS($K$6:$K$426,$E$6:$E$426,$Q34,$C$6:$C$426,Y$5,$A$6:$A$426,$P34) -> 0 | Z34: =SUM(R34:Y34) -> 2
A35: =A34 -> GERAL | B35: =B34 -> 1° PAV. TÉRREO | C35: Exaustão forçada e renovação de ar (material) | D35: SEN-AP-CLI-BLA-001-R01.pdf | E35: Grelha metálica retangular, com registro de lâminas convergentes. | F35: TROX | G35: AT-AG/225x165 | H35: 4 | I35: 1 | J35: 0 | K35: =(H35+J35*H35)*I35 -> 4 | L35: un | M35: =_xlfn.XLOOKUP($E35,PREÇO!$C$6:$C$89,PREÇO!$E$6:$E$89) -> #N/A | N35: =IF(SUM(H35:M35)=0,SUMIFS($N70:$N$759,$B70:$B$759,$B35,$A70:$A$759,$A35),K35*M35) -> #N/A | P35: GERAL | Q35: Gabinete de ventilação com filtro G4, para reposição de ar do sistema de exaustão de cozinha, vazão de 2.920 m³/h. | R35: =SUMIFS($K$6:$K$426,$E$6:$E$426,$Q35,$C$6:$C$426,R$5,$A$6:$A$426,$P35) -> 0 | S35: =SUMIFS($K$6:$K$426,$E$6:$E$426,$Q35,$C$6:$C$426,S$5,$A$6:$A$426,$P35) -> 0 | T35: =SUMIFS($K$6:$K$426,$E$6:$E$426,$Q35,$C$6:$C$426,T$5,$A$6:$A$426,$P35) -> 0 | U35: =SUMIFS($K$6:$K$426,$E$6:$E$426,$Q35,$C$6:$C$426,U$5,$A$6:$A$426,$P35) -> 0 | V35: =SUMIFS($K$6:$K$426,$E$6:$E$426,$Q35,$C$6:$C$426,V$5,$A$6:$A$426,$P35) -> 1 | W35: =SUMIFS($K$6:$K$426,$E$6:$E$426,$Q35,$C$6:$C$426,W$5,$A$6:$A$426,$P35) -> 0 | X35: =SUMIFS($K$6:$K$426,$E$6:$E$426,$Q35,$C$6:$C$426,X$5,$A$6:$A$426,$P35) -> 0 | Y35: =SUMIFS($K$6:$K$426,$E$6:$E$426,$Q35,$C$6:$C$426,Y$5,$A$6:$A$426,$P35) -> 0 | Z35: =SUM(R35:Y35) -> 1
A36: =A35 -> GERAL | B36: =B35 -> 1° PAV. TÉRREO | C36: Exaustor para coifa | D36: SEN-AP-CLI-102-TER-R01.pdf | E36: Coifa Lavadora tipo Ilha com 5 Estágios de Filtragem. Vazão de 5.760 m³/h. | F36: Melting | G36: Multi Vortex | H36: 1 | I36: 1 | J36: 0 | K36: =(H36+J36*H36)*I36 -> 1 | L36: un | P36: GERAL | Q36: Gabinete de ventilação, com filtro G4+M5, paineis isolados. | R36: =SUMIFS($K$6:$K$426,$E$6:$E$426,$Q36,$C$6:$C$426,R$5,$A$6:$A$426,$P36) -> 0 | S36: =SUMIFS($K$6:$K$426,$E$6:$E$426,$Q36,$C$6:$C$426,S$5,$A$6:$A$426,$P36) -> 0 | T36: =SUMIFS($K$6:$K$426,$E$6:$E$426,$Q36,$C$6:$C$426,T$5,$A$6:$A$426,$P36) -> 0 | U36: =SUMIFS($K$6:$K$426,$E$6:$E$426,$Q36,$C$6:$C$426,U$5,$A$6:$A$426,$P36) -> 0 | V36: =SUMIFS($K$6:$K$426,$E$6:$E$426,$Q36,$C$6:$C$426,V$5,$A$6:$A$426,$P36) -> 2 | W36: =SUMIFS($K$6:$K$426,$E$6:$E$426,$Q36,$C$6:$C$426,W$5,$A$6:$A$426,$P36) -> 0 | X36: =SUMIFS($K$6:$K$426,$E$6:$E$426,$Q36,$C$6:$C$426,X$5,$A$6:$A$426,$P36) -> 0 | Y36: =SUMIFS($K$6:$K$426,$E$6:$E$426,$Q36,$C$6:$C$426,Y$5,$A$6:$A$426,$P36) -> 0 | Z36: =SUM(R36:Y36) -> 2
A37: =A36 -> GERAL | B37: =B36 -> 1° PAV. TÉRREO | C37: Exaustão forçada e renovação de ar (material) | D37: SEN-AP-CLI-102-TER-R01.pdf | E37: Ventilador helicocentrífugo, baixo nível de ruído, com elementos acústicos, junta de borracha na sucção e descarga. | F37: Soler & Palau | G37: TD-160/100 N SILENT | H37: 4 | I37: 1 | J37: 0 | K37: =(H37+J37*H37)*I37 -> 4 | L37: un | P37: GERAL | Q37: Grelha redonda fixa com colarinho de DN Ø150 mm. | R37: =SUMIFS($K$6:$K$426,$E$6:$E$426,$Q37,$C$6:$C$426,R$5,$A$6:$A$426,$P37) -> 1 | S37: =SUMIFS($K$6:$K$426,$E$6:$E$426,$Q37,$C$6:$C$426,S$5,$A$6:$A$426,$P37) -> 0 | T37: =SUMIFS($K$6:$K$426,$E$6:$E$426,$Q37,$C$6:$C$426,T$5,$A$6:$A$426,$P37) -> 0 | U37: =SUMIFS($K$6:$K$426,$E$6:$E$426,$Q37,$C$6:$C$426,U$5,$A$6:$A$426,$P37) -> 0 | V37: =SUMIFS($K$6:$K$426,$E$6:$E$426,$Q37,$C$6:$C$426,V$5,$A$6:$A$426,$P37) -> 0 | W37: =SUMIFS($K$6:$K$426,$E$6:$E$426,$Q37,$C$6:$C$426,W$5,$A$6:$A$426,$P37) -> 0 | X37: =SUMIFS($K$6:$K$426,$E$6:$E$426,$Q37,$C$6:$C$426,X$5,$A$6:$A$426,$P37) -> 0 | Y37: =SUMIFS($K$6:$K$426,$E$6:$E$426,$Q37,$C$6:$C$426,Y$5,$A$6:$A$426,$P37) -> 0 | Z37: =SUM(R37:Y37) -> 1
A38: =A37 -> GERAL | B38: =B37 -> 1° PAV. TÉRREO | C38: Exaustão forçada e renovação de ar (material) | D38: SEN-AP-CLI-102-TER-R01.pdf | E38: Ventilador helicocentrífugo com caixa de bornes externa, motor regulável, duas velocidades. | F38: Soler & Palau | G38: TD-350/125 | H38: 2 | I38: 1 | J38: 0 | K38: =(H38+J38*H38)*I38 -> 2 | L38: un | P38: GERAL | Q38: Boca com regulador de vazão, em plástico ABS, diâmetro nominal de Ø150mm. | R38: =SUMIFS($K$6:$K$426,$E$6:$E$426,$Q38,$C$6:$C$426,R$5,$A$6:$A$426,$P38) -> 2 | S38: =SUMIFS($K$6:$K$426,$E$6:$E$426,$Q38,$C$6:$C$426,S$5,$A$6:$A$426,$P38) -> 0 | T38: =SUMIFS($K$6:$K$426,$E$6:$E$426,$Q38,$C$6:$C$426,T$5,$A$6:$A$426,$P38) -> 0 | U38: =SUMIFS($K$6:$K$426,$E$6:$E$426,$Q38,$C$6:$C$426,U$5,$A$6:$A$426,$P38) -> 0 | V38: =SUMIFS($K$6:$K$426,$E$6:$E$426,$Q38,$C$6:$C$426,V$5,$A$6:$A$426,$P38) -> 0 | W38: =SUMIFS($K$6:$K$426,$E$6:$E$426,$Q38,$C$6:$C$426,W$5,$A$6:$A$426,$P38) -> 0 | X38: =SUMIFS($K$6:$K$426,$E$6:$E$426,$Q38,$C$6:$C$426,X$5,$A$6:$A$426,$P38) -> 0 | Y38: =SUMIFS($K$6:$K$426,$E$6:$E$426,$Q38,$C$6:$C$426,Y$5,$A$6:$A$426,$P38) -> 0 | Z38: =SUM(R38:Y38) -> 2
A39: =A38 -> GERAL | B39: =B38 -> 1° PAV. TÉRREO | C39: Exaustão forçada e renovação de ar (material) | D39: SEN-AP-CLI-102-TER-R01.pdf | E39: Ventilador helicocentrífugo com caixa de bornes externa, motor regulável, duas velocidades. | F39: Soler & Palau | G39: TD-500/150 | H39: 3 | I39: 1 | J39: 0 | K39: =(H39+J39*H39)*I39 -> 3 | L39: un | P39: GERAL | Q39: Difusor de uma via de alumínio. | R39: =SUMIFS($K$6:$K$426,$E$6:$E$426,$Q39,$C$6:$C$426,R$5,$A$6:$A$426,$P39) -> 2 | S39: =SUMIFS($K$6:$K$426,$E$6:$E$426,$Q39,$C$6:$C$426,S$5,$A$6:$A$426,$P39) -> 0 | T39: =SUMIFS($K$6:$K$426,$E$6:$E$426,$Q39,$C$6:$C$426,T$5,$A$6:$A$426,$P39) -> 0 | U39: =SUMIFS($K$6:$K$426,$E$6:$E$426,$Q39,$C$6:$C$426,U$5,$A$6:$A$426,$P39) -> 0 | V39: =SUMIFS($K$6:$K$426,$E$6:$E$426,$Q39,$C$6:$C$426,V$5,$A$6:$A$426,$P39) -> 0 | W39: =SUMIFS($K$6:$K$426,$E$6:$E$426,$Q39,$C$6:$C$426,W$5,$A$6:$A$426,$P39) -> 0 | X39: =SUMIFS($K$6:$K$426,$E$6:$E$426,$Q39,$C$6:$C$426,X$5,$A$6:$A$426,$P39) -> 0 | Y39: =SUMIFS($K$6:$K$426,$E$6:$E$426,$Q39,$C$6:$C$426,Y$5,$A$6:$A$426,$P39) -> 0 | Z39: =SUM(R39:Y39) -> 2
A40: =A39 -> GERAL | B40: =B39 -> 1° PAV. TÉRREO | C40: Exaustão forçada e renovação de ar (material) | D40: SEN-AP-CLI-102-TER-R01.pdf | E40: Ventilador helicocentrífugo com caixa de bornes externa, motor regulável, duas velocidades. | F40: Soler & Palau | G40: TD-800/200 | H40: 4 | I40: 1 | J40: 0 | K40: =(H40+J40*H40)*I40 -> 4 | L40: un | P40: GERAL | Q40: Difusor de uma via de alumínio, com registro de lâminas convergentes. | R40: =SUMIFS($K$6:$K$426,$E$6:$E$426,$Q40,$C$6:$C$426,R$5,$A$6:$A$426,$P40) -> 4 | S40: =SUMIFS($K$6:$K$426,$E$6:$E$426,$Q40,$C$6:$C$426,S$5,$A$6:$A$426,$P40) -> 0 | T40: =SUMIFS($K$6:$K$426,$E$6:$E$426,$Q40,$C$6:$C$426,T$5,$A$6:$A$426,$P40) -> 0 | U40: =SUMIFS($K$6:$K$426,$E$6:$E$426,$Q40,$C$6:$C$426,U$5,$A$6:$A$426,$P40) -> 0 | V40: =SUMIFS($K$6:$K$426,$E$6:$E$426,$Q40,$C$6:$C$426,V$5,$A$6:$A$426,$P40) -> 0 | W40: =SUMIFS($K$6:$K$426,$E$6:$E$426,$Q40,$C$6:$C$426,W$5,$A$6:$A$426,$P40) -> 0 | X40: =SUMIFS($K$6:$K$426,$E$6:$E$426,$Q40,$C$6:$C$426,X$5,$A$6:$A$426,$P40) -> 0 | Y40: =SUMIFS($K$6:$K$426,$E$6:$E$426,$Q40,$C$6:$C$426,Y$5,$A$6:$A$426,$P40) -> 0 | Z40: =SUM(R40:Y40) -> 4
A41: =A40 -> GERAL | B41: =B40 -> 1° PAV. TÉRREO | C41: Infraestrutura de climatização área comum (material) | D41: SEN-AP-CLI-102-TER-R01.pdf | E41: Unidade condensadora VRF de 4 HP, Só Frio, retangular de descarga horizontal. | F41: Daikin | G41: RXMQ4AVE | H41: 1 | I41: 1 | J41: 0 | K41: =(H41+J41*H41)*I41 -> 1 | L41: un | P41: GERAL | Q41: Veneziana externa de alumínio com tela de insetos | R41: =SUMIFS($K$6:$K$426,$E$6:$E$426,$Q41,$C$6:$C$426,R$5,$A$6:$A$426,$P41) -> 3 | S41: =SUMIFS($K$6:$K$426,$E$6:$E$426,$Q41,$C$6:$C$426,S$5,$A$6:$A$426,$P41) -> 0 | T41: =SUMIFS($K$6:$K$426,$E$6:$E$426,$Q41,$C$6:$C$426,T$5,$A$6:$A$426,$P41) -> 0 | U41: =SUMIFS($K$6:$K$426,$E$6:$E$426,$Q41,$C$6:$C$426,U$5,$A$6:$A$426,$P41) -> 1 | V41: =SUMIFS($K$6:$K$426,$E$6:$E$426,$Q41,$C$6:$C$426,V$5,$A$6:$A$426,$P41) -> 1 | W41: =SUMIFS($K$6:$K$426,$E$6:$E$426,$Q41,$C$6:$C$426,W$5,$A$6:$A$426,$P41) -> 0 | X41: =SUMIFS($K$6:$K$426,$E$6:$E$426,$Q41,$C$6:$C$426,X$5,$A$6:$A$426,$P41) -> 0 | Y41: =SUMIFS($K$6:$K$426,$E$6:$E$426,$Q41,$C$6:$C$426,Y$5,$A$6:$A$426,$P41) -> 0 | Z41: =SUM(R41:Y41) -> 5
A42: =A41 -> GERAL | B42: =B41 -> 1° PAV. TÉRREO | C42: Infraestrutura de climatização área comum (material) | D42: SEN-AP-CLI-102-TER-R01.pdf | E42: Unidade Condensadora Linha VRV 6, Série R, Quente e Frio Simultaneo 10 HP, 231 kg | F42: Daikin | G42: REYQ10BYM9 | H42: 1 | I42: 1 | J42: 0 | K42: =(H42+J42*H42)*I42 -> 1 | L42: un | P42: GERAL | Q42: Grelha autofechante em plástico ABS com anti-UV, com colarinho de Ø100mm. | R42: =SUMIFS($K$6:$K$426,$E$6:$E$426,$Q42,$C$6:$C$426,R$5,$A$6:$A$426,$P42) -> 3 | S42: =SUMIFS($K$6:$K$426,$E$6:$E$426,$Q42,$C$6:$C$426,S$5,$A$6:$A$426,$P42) -> 0 | T42: =SUMIFS($K$6:$K$426,$E$6:$E$426,$Q42,$C$6:$C$426,T$5,$A$6:$A$426,$P42) -> 0 | U42: =SUMIFS($K$6:$K$426,$E$6:$E$426,$Q42,$C$6:$C$426,U$5,$A$6:$A$426,$P42) -> 0 | V42: =SUMIFS($K$6:$K$426,$E$6:$E$426,$Q42,$C$6:$C$426,V$5,$A$6:$A$426,$P42) -> 0 | W42: =SUMIFS($K$6:$K$426,$E$6:$E$426,$Q42,$C$6:$C$426,W$5,$A$6:$A$426,$P42) -> 0 | X42: =SUMIFS($K$6:$K$426,$E$6:$E$426,$Q42,$C$6:$C$426,X$5,$A$6:$A$426,$P42) -> 0 | Y42: =SUMIFS($K$6:$K$426,$E$6:$E$426,$Q42,$C$6:$C$426,Y$5,$A$6:$A$426,$P42) -> 0 | Z42: =SUM(R42:Y42) -> 3
A43: =A42 -> GERAL | B43: =B42 -> 1° PAV. TÉRREO | C43: Infraestrutura de climatização área comum (material) | D43: SEN-AP-CLI-102-TER-R01.pdf | E43: Unidade evaporadora tipo Hi-wall, capacidade 7.500 Btu/h, linha VRV, ciclo Q/F. | F43: Daikin | G43: FXAQ20AVM | H43: 2 | I43: 1 | J43: 0 | K43: =(H43+J43*H43)*I43 -> 2 | L43: un | P43: GERAL | Q43: Grelha autofechante em plástico ABS com anti-UV, com colarinho de Ø150mm. | R43: =SUMIFS($K$6:$K$426,$E$6:$E$426,$Q43,$C$6:$C$426,R$5,$A$6:$A$426,$P43) -> 1 | S43: =SUMIFS($K$6:$K$426,$E$6:$E$426,$Q43,$C$6:$C$426,S$5,$A$6:$A$426,$P43) -> 0 | T43: =SUMIFS($K$6:$K$426,$E$6:$E$426,$Q43,$C$6:$C$426,T$5,$A$6:$A$426,$P43) -> 0 | U43: =SUMIFS($K$6:$K$426,$E$6:$E$426,$Q43,$C$6:$C$426,U$5,$A$6:$A$426,$P43) -> 1 | V43: =SUMIFS($K$6:$K$426,$E$6:$E$426,$Q43,$C$6:$C$426,V$5,$A$6:$A$426,$P43) -> 0 | W43: =SUMIFS($K$6:$K$426,$E$6:$E$426,$Q43,$C$6:$C$426,W$5,$A$6:$A$426,$P43) -> 0 | X43: =SUMIFS($K$6:$K$426,$E$6:$E$426,$Q43,$C$6:$C$426,X$5,$A$6:$A$426,$P43) -> 0 | Y43: =SUMIFS($K$6:$K$426,$E$6:$E$426,$Q43,$C$6:$C$426,Y$5,$A$6:$A$426,$P43) -> 0 | Z43: =SUM(R43:Y43) -> 2
A44: =A43 -> GERAL | B44: =B43 -> 1° PAV. TÉRREO | C44: Infraestrutura de climatização área comum (material) | D44: SEN-AP-CLI-102-TER-R01.pdf | E44: Unidade evaporadora tipo Hi-wall, capacidade 12.300 Btu/h, linha VRV, ciclo Q/F. | F44: Daikin | G44: FXAQ32AVM | H44: 5 | I44: 1 | J44: 0 | K44: =(H44+J44*H44)*I44 -> 5 | L44: un | P44: GERAL | Q44: Unidade condensadora inverter Hi Wall 12.000 BTU/h, ciclo Q/F, peso 26kg. | R44: =SUMIFS($K$6:$K$426,$E$6:$E$426,$Q44,$C$6:$C$426,R$5,$A$6:$A$426,$P44) -> 0 | S44: =SUMIFS($K$6:$K$426,$E$6:$E$426,$Q44,$C$6:$C$426,S$5,$A$6:$A$426,$P44) -> 0 | T44: =SUMIFS($K$6:$K$426,$E$6:$E$426,$Q44,$C$6:$C$426,T$5,$A$6:$A$426,$P44) -> 0 | U44: =SUMIFS($K$6:$K$426,$E$6:$E$426,$Q44,$C$6:$C$426,U$5,$A$6:$A$426,$P44) -> 0 | V44: =SUMIFS($K$6:$K$426,$E$6:$E$426,$Q44,$C$6:$C$426,V$5,$A$6:$A$426,$P44) -> 0 | W44: =SUMIFS($K$6:$K$426,$E$6:$E$426,$Q44,$C$6:$C$426,W$5,$A$6:$A$426,$P44) -> 6 | X44: =SUMIFS($K$6:$K$426,$E$6:$E$426,$Q44,$C$6:$C$426,X$5,$A$6:$A$426,$P44) -> 0 | Y44: =SUMIFS($K$6:$K$426,$E$6:$E$426,$Q44,$C$6:$C$426,Y$5,$A$6:$A$426,$P44) -> 0 | Z44: =SUM(R44:Y44) -> 6
A45: =A44 -> GERAL | B45: =B44 -> 1° PAV. TÉRREO | C45: Infraestrutura de climatização área comum (material) | D45: SEN-AP-CLI-102-TER-R01.pdf | E45: Unidade evaporadora tipo Hi-wall, capacidade 15.400 Btu/h, linha VRV, ciclo Q/F. | F45: Daikin | G45: FXAQ40AVM | H45: 1 | I45: 1 | J45: 0 | K45: =(H45+J45*H45)*I45 -> 1 | L45: un | P45: GERAL | Q45: Gabinete de ventilação centrífugo com pás curvadas para trás iltro G4+M5. | R45: =SUMIFS($K$6:$K$426,$E$6:$E$426,$Q45,$C$6:$C$426,R$5,$A$6:$A$426,$P45) -> 0 | S45: =SUMIFS($K$6:$K$426,$E$6:$E$426,$Q45,$C$6:$C$426,S$5,$A$6:$A$426,$P45) -> 0 | T45: =SUMIFS($K$6:$K$426,$E$6:$E$426,$Q45,$C$6:$C$426,T$5,$A$6:$A$426,$P45) -> 0 | U45: =SUMIFS($K$6:$K$426,$E$6:$E$426,$Q45,$C$6:$C$426,U$5,$A$6:$A$426,$P45) -> 0 | V45: =SUMIFS($K$6:$K$426,$E$6:$E$426,$Q45,$C$6:$C$426,V$5,$A$6:$A$426,$P45) -> 0 | W45: =SUMIFS($K$6:$K$426,$E$6:$E$426,$Q45,$C$6:$C$426,W$5,$A$6:$A$426,$P45) -> 1 | X45: =SUMIFS($K$6:$K$426,$E$6:$E$426,$Q45,$C$6:$C$426,X$5,$A$6:$A$426,$P45) -> 0 | Y45: =SUMIFS($K$6:$K$426,$E$6:$E$426,$Q45,$C$6:$C$426,Y$5,$A$6:$A$426,$P45) -> 0 | Z45: =SUM(R45:Y45) -> 1
A46: =A45 -> GERAL | B46: =B45 -> 1° PAV. TÉRREO | C46: Infraestrutura de climatização área comum (material) | D46: SEN-AP-CLI-102-TER-R01.pdf | E46: Unidade evaporadora tipo Hi-wall, capacidade 19.100 Btu/h, linha VRV, ciclo Q/F. | F46: Daikin | G46: FXAQ50AVM | H46: 3 | I46: 1 | J46: 0 | K46: =(H46+J46*H46)*I46 -> 3 | L46: un | P46: GERAL | Q46: Ventilador axial com motor fora do eixo, rotor de 450 mm, vazão de 8.000 m³/h e pressão estática disponível de 15 mmca, 1150 RPM. | R46: =SUMIFS($K$6:$K$426,$E$6:$E$426,$Q46,$C$6:$C$426,R$5,$A$6:$A$426,$P46) -> 0 | S46: =SUMIFS($K$6:$K$426,$E$6:$E$426,$Q46,$C$6:$C$426,S$5,$A$6:$A$426,$P46) -> 0 | T46: =SUMIFS($K$6:$K$426,$E$6:$E$426,$Q46,$C$6:$C$426,T$5,$A$6:$A$426,$P46) -> 0 | U46: =SUMIFS($K$6:$K$426,$E$6:$E$426,$Q46,$C$6:$C$426,U$5,$A$6:$A$426,$P46) -> 1 | V46: =SUMIFS($K$6:$K$426,$E$6:$E$426,$Q46,$C$6:$C$426,V$5,$A$6:$A$426,$P46) -> 0 | W46: =SUMIFS($K$6:$K$426,$E$6:$E$426,$Q46,$C$6:$C$426,W$5,$A$6:$A$426,$P46) -> 0 | X46: =SUMIFS($K$6:$K$426,$E$6:$E$426,$Q46,$C$6:$C$426,X$5,$A$6:$A$426,$P46) -> 0 | Y46: =SUMIFS($K$6:$K$426,$E$6:$E$426,$Q46,$C$6:$C$426,Y$5,$A$6:$A$426,$P46) -> 0 | Z46: =SUM(R46:Y46) -> 1
A47: =A46 -> GERAL | B47: =B46 -> 1° PAV. TÉRREO | C47: Infraestrutura de climatização área comum (material) | D47: SEN-AP-CLI-102-TER-R01.pdf | E47: Unidade evaporadora tipo Hi-wall, capacidade 24.200 Btu/h, linha VRV, ciclo Q/F. | F47: Daikin | G47: FXAQ63AVM | H47: 1 | I47: 1 | J47: 0 | K47: =(H47+J47*H47)*I47 -> 1 | L47: un | P47: GERAL | Q47: Unidade condensadora de 24 HP, Quente e Frio, 409kg. | R47: =SUMIFS($K$6:$K$426,$E$6:$E$426,$Q47,$C$6:$C$426,R$5,$A$6:$A$426,$P47) -> 0 | S47: =SUMIFS($K$6:$K$426,$E$6:$E$426,$Q47,$C$6:$C$426,S$5,$A$6:$A$426,$P47) -> 0 | T47: =SUMIFS($K$6:$K$426,$E$6:$E$426,$Q47,$C$6:$C$426,T$5,$A$6:$A$426,$P47) -> 0 | U47: =SUMIFS($K$6:$K$426,$E$6:$E$426,$Q47,$C$6:$C$426,U$5,$A$6:$A$426,$P47) -> 0 | V47: =SUMIFS($K$6:$K$426,$E$6:$E$426,$Q47,$C$6:$C$426,V$5,$A$6:$A$426,$P47) -> 0 | W47: =SUMIFS($K$6:$K$426,$E$6:$E$426,$Q47,$C$6:$C$426,W$5,$A$6:$A$426,$P47) -> 1 | X47: =SUMIFS($K$6:$K$426,$E$6:$E$426,$Q47,$C$6:$C$426,X$5,$A$6:$A$426,$P47) -> 0 | Y47: =SUMIFS($K$6:$K$426,$E$6:$E$426,$Q47,$C$6:$C$426,Y$5,$A$6:$A$426,$P47) -> 0 | Z47: =SUM(R47:Y47) -> 1
... A51: =A50 -> GERAL | B51: =B50 -> 1° PAV. TÉRREO | C51: Infraestrutura de climatização área comum (material) | D51: SEN-AP-CLI-102-TER-R01.pdf | E51: Unidade de processamento de ar externo, capacitade de 76.400 Btu/h, vazão de 1.680 m³/h. | F51: Daikin | G51: FXMQ72MFJVU | H51: 1 | I51: 1 | J51: 0 | K51: =(H51+J51*H51)*I51 -> 1 | L51: un | P51: GERAL | Q51: Coifa lavadora metálica em aço INOX, construção sob medida 200x115 cm, com módulo para reposição de ar, ponto de drenagem, reservatório de detergente, iluminação, sistema preventivo contra incêndios. Instalação à no máximo 1,2 metros do bloco de cocção | R51: =SUMIFS($K$6:$K$426,$E$6:$E$426,$Q51,$C$6:$C$426,R$5,$A$6:$A$426,$P51) -> 0 | S51: =SUMIFS($K$6:$K$426,$E$6:$E$426,$Q51,$C$6:$C$426,S$5,$A$6:$A$426,$P51) -> 0 | T51: =SUMIFS($K$6:$K$426,$E$6:$E$426,$Q51,$C$6:$C$426,T$5,$A$6:$A$426,$P51) -> 0 | U51: =SUMIFS($K$6:$K$426,$E$6:$E$426,$Q51,$C$6:$C$426,U$5,$A$6:$A$426,$P51) -> 0 | V51: =SUMIFS($K$6:$K$426,$E$6:$E$426,$Q51,$C$6:$C$426,V$5,$A$6:$A$426,$P51) -> 8 | W51: =SUMIFS($K$6:$K$426,$E$6:$E$426,$Q51,$C$6:$C$426,W$5,$A$6:$A$426,$P51) -> 0 | X51: =SUMIFS($K$6:$K$426,$E$6:$E$426,$Q51,$C$6:$C$426,X$5,$A$6:$A$426,$P51) -> 0 | Y51: =SUMIFS($K$6:$K$426,$E$6:$E$426,$Q51,$C$6:$C$426,Y$5,$A$6:$A$426,$P51) -> 0 | Z51: =SUM(R51:Y51) -> 8
A52: =A51 -> GERAL | B52: =B51 -> 1° PAV. TÉRREO | C52: Infraestrutura de climatização área comum (material) | D52: SEN-AP-CLI-102-TER-R01.pdf | E52: Unidade evaporadora inverter Hi-Wall, capacidade de 12.000 BTU/h, linha split, ciclo Q/F. Alimentação elétrica pela condensadora. | H52: 2 | I52: 1 | J52: 0 | K52: =(H52+J52*H52)*I52 -> 2 | L52: un | P52: GERAL | Q52: Exaustor MAXX Super Silence, 220V, 50/60Hz, 1f | R52: =SUMIFS($K$6:$K$426,$E$6:$E$426,$Q52,$C$6:$C$426,R$5,$A$6:$A$426,$P52) -> 84 | S52: =SUMIFS($K$6:$K$426,$E$6:$E$426,$Q52,$C$6:$C$426,S$5,$A$6:$A$426,$P52) -> 0 | T52: =SUMIFS($K$6:$K$426,$E$6:$E$426,$Q52,$C$6:$C$426,T$5,$A$6:$A$426,$P52) -> 0 | U52: =SUMIFS($K$6:$K$426,$E$6:$E$426,$Q52,$C$6:$C$426,U$5,$A$6:$A$426,$P52) -> 0 | V52: =SUMIFS($K$6:$K$426,$E$6:$E$426,$Q52,$C$6:$C$426,V$5,$A$6:$A$426,$P52) -> 0 | W52: =SUMIFS($K$6:$K$426,$E$6:$E$426,$Q52,$C$6:$C$426,W$5,$A$6:$A$426,$P52) -> 0 | X52: =SUMIFS($K$6:$K$426,$E$6:$E$426,$Q52,$C$6:$C$426,X$5,$A$6:$A$426,$P52) -> 0 | Y52: =SUMIFS($K$6:$K$426,$E$6:$E$426,$Q52,$C$6:$C$426,Y$5,$A$6:$A$426,$P52) -> 0 | Z52: =SUM(R52:Y52) -> 84
A53: =A52 -> GERAL | B53: =B52 -> 1° PAV. TÉRREO | C53: Exaustor para coifa | D53: SEN-AP-CLI-102-TER-R01.pdf | E53: Gabinete de ventilação com filtro G4, para reposição de ar do sistema de exaustão de cozinha, vazão de 2.920 m³/h. | F53: Berlinerluft | G53: BBT 250 LG 90º | H53: 1 | I53: 1 | J53: 0 | K53: =(H53+J53*H53)*I53 -> 1 | L53: un | P53: GERAL | Q53: Gabinete de ventilação, com filtro G4+M5, paineis isolado | R53: =SUMIFS($K$6:$K$426,$E$6:$E$426,$Q53,$C$6:$C$426,R$5,$A$6:$A$426,$P53) -> 40 | S53: =SUMIFS($K$6:$K$426,$E$6:$E$426,$Q53,$C$6:$C$426,S$5,$A$6:$A$426,$P53) -> 0 | T53: =SUMIFS($K$6:$K$426,$E$6:$E$426,$Q53,$C$6:$C$426,T$5,$A$6:$A$426,$P53) -> 0 | U53: =SUMIFS($K$6:$K$426,$E$6:$E$426,$Q53,$C$6:$C$426,U$5,$A$6:$A$426,$P53) -> 0 | V53: =SUMIFS($K$6:$K$426,$E$6:$E$426,$Q53,$C$6:$C$426,V$5,$A$6:$A$426,$P53) -> 0 | W53: =SUMIFS($K$6:$K$426,$E$6:$E$426,$Q53,$C$6:$C$426,W$5,$A$6:$A$426,$P53) -> 0 | X53: =SUMIFS($K$6:$K$426,$E$6:$E$426,$Q53,$C$6:$C$426,X$5,$A$6:$A$426,$P53) -> 0 | Y53: =SUMIFS($K$6:$K$426,$E$6:$E$426,$Q53,$C$6:$C$426,Y$5,$A$6:$A$426,$P53) -> 0 | Z53: =SUM(R53:Y53) -> 40
A54: =A53 -> GERAL | B54: =B53 -> 1° PAV. TÉRREO | C54: Exaustor para coifa | D54: SEN-AP-CLI-102-TER-R01.pdf | E54: Gabinete de ventilação, com filtro G4+M5, paineis isolados. | F54: Berlinerluft | G54: BBT 160 | H54: 1 | I54: 1 | J54: 0 | K54: =(H54+J54*H54)*I54 -> 1 | L54: un | P54: GERAL | Q54: Unidade condensadora de 10 HP, linha VRV, Quente e Frio, 191 kg. | R54: =SUMIFS($K$6:$K$426,$E$6:$E$426,$Q54,$C$6:$C$426,R$5,$A$6:$A$426,$P54) -> 0 | S54: =SUMIFS($K$6:$K$426,$E$6:$E$426,$Q54,$C$6:$C$426,S$5,$A$6:$A$426,$P54) -> 0 | T54: =SUMIFS($K$6:$K$426,$E$6:$E$426,$Q54,$C$6:$C$426,T$5,$A$6:$A$426,$P54) -> 0 | U54: =SUMIFS($K$6:$K$426,$E$6:$E$426,$Q54,$C$6:$C$426,U$5,$A$6:$A$426,$P54) -> 0 | V54: =SUMIFS($K$6:$K$426,$E$6:$E$426,$Q54,$C$6:$C$426,V$5,$A$6:$A$426,$P54) -> 0 | W54: =SUMIFS($K$6:$K$426,$E$6:$E$426,$Q54,$C$6:$C$426,W$5,$A$6:$A$426,$P54) -> 4 | X54: =SUMIFS($K$6:$K$426,$E$6:$E$426,$Q54,$C$6:$C$426,X$5,$A$6:$A$426,$P54) -> 0 | Y54: =SUMIFS($K$6:$K$426,$E$6:$E$426,$Q54,$C$6:$C$426,Y$5,$A$6:$A$426,$P54) -> 0 | Z54: =SUM(R54:Y54) -> 4
A55: =A54 -> GERAL | B55: =B54 -> 1° PAV. TÉRREO | C55: Exaustor para coifa | D55: SEN-AP-CLI-102-TER-R01.pdf | E55: Gabinete de ventilação, com filtro G4+M5, paineis isolados. | F55: Berlinerluft | G55: BBT 180 LG 90º | H55: 1 | I55: 1 | J55: 0 | K55: =(H55+J55*H55)*I55 -> 1 | L55: un | P55: GERAL | Q55: Unidade condensadora de 12 HP, linha VRV, Quente e Frio, 213 kg. | R55: =SUMIFS($K$6:$K$426,$E$6:$E$426,$Q55,$C$6:$C$426,R$5,$A$6:$A$426,$P55) -> 0 | S55: =SUMIFS($K$6:$K$426,$E$6:$E$426,$Q55,$C$6:$C$426,S$5,$A$6:$A$426,$P55) -> 0 | T55: =SUMIFS($K$6:$K$426,$E$6:$E$426,$Q55,$C$6:$C$426,T$5,$A$6:$A$426,$P55) -> 0 | U55: =SUMIFS($K$6:$K$426,$E$6:$E$426,$Q55,$C$6:$C$426,U$5,$A$6:$A$426,$P55) -> 0 | V55: =SUMIFS($K$6:$K$426,$E$6:$E$426,$Q55,$C$6:$C$426,V$5,$A$6:$A$426,$P55) -> 0 | W55: =SUMIFS($K$6:$K$426,$E$6:$E$426,$Q55,$C$6:$C$426,W$5,$A$6:$A$426,$P55) -> 24 | X55: =SUMIFS($K$6:$K$426,$E$6:$E$426,$Q55,$C$6:$C$426,X$5,$A$6:$A$426,$P55) -> 0 | Y55: =SUMIFS($K$6:$K$426,$E$6:$E$426,$Q55,$C$6:$C$426,Y$5,$A$6:$A$426,$P55) -> 0 | Z55: =SUM(R55:Y55) -> 24
A56: =A55 -> GERAL | B56: =B55 -> 1° PAV. TÉRREO | C56: Exaustão forçada e renovação de ar (material) | D56: SEN-AP-CLI-102-TER-R01.pdf | E56: Grelha redonda fixa com colarinho de DN Ø100 mm. | F56: Sicflux | G56: S 100 | H56: 1 | I56: 1 | J56: 0 | K56: =(H56+J56*H56)*I56 -> 1 | L56: un | P56: GERAL | Q56: Unidade condensadora de 16 HP, linha VRV, Quente e Frio, 285 kg. | R56: =SUMIFS($K$6:$K$426,$E$6:$E$426,$Q56,$C$6:$C$426,R$5,$A$6:$A$426,$P56) -> 0 | S56: =SUMIFS($K$6:$K$426,$E$6:$E$426,$Q56,$C$6:$C$426,S$5,$A$6:$A$426,$P56) -> 0 | T56: =SUMIFS($K$6:$K$426,$E$6:$E$426,$Q56,$C$6:$C$426,T$5,$A$6:$A$426,$P56) -> 0 | U56: =SUMIFS($K$6:$K$426,$E$6:$E$426,$Q56,$C$6:$C$426,U$5,$A$6:$A$426,$P56) -> 0 | V56: =SUMIFS($K$6:$K$426,$E$6:$E$426,$Q56,$C$6:$C$426,V$5,$A$6:$A$426,$P56) -> 0 | W56: =SUMIFS($K$6:$K$426,$E$6:$E$426,$Q56,$C$6:$C$426,W$5,$A$6:$A$426,$P56) -> 22 | X56: =SUMIFS($K$6:$K$426,$E$6:$E$426,$Q56,$C$6:$C$426,X$5,$A$6:$A$426,$P56) -> 0 | Y56: =SUMIFS($K$6:$K$426,$E$6:$E$426,$Q56,$C$6:$C$426,Y$5,$A$6:$A$426,$P56) -> 0 | Z56: =SUM(R56:Y56) -> 22
A57: =A56 -> GERAL | B57: =B56 -> 1° PAV. TÉRREO | C57: Exaustão forçada e renovação de ar (material) | D57: SEN-AP-CLI-102-TER-R01.pdf | E57: Grelha redonda fixa com colarinho de DN Ø150 mm. | F57: Sicflux | G57: S 150 | H57: 1 | I57: 1 | J57: 0 | K57: =(H57+J57*H57)*I57 -> 1 | L57: un | P57: GERAL | Q57: Unidade condensadora de 22 HP, linha VRV, Quente e Frio, 317 kg. | R57: =SUMIFS($K$6:$K$426,$E$6:$E$426,$Q57,$C$6:$C$426,R$5,$A$6:$A$426,$P57) -> 0 | S57: =SUMIFS($K$6:$K$426,$E$6:$E$426,$Q57,$C$6:$C$426,S$5,$A$6:$A$426,$P57) -> 0 | T57: =SUMIFS($K$6:$K$426,$E$6:$E$426,$Q57,$C$6:$C$426,T$5,$A$6:$A$426,$P57) -> 0 | U57: =SUMIFS($K$6:$K$426,$E$6:$E$426,$Q57,$C$6:$C$426,U$5,$A$6:$A$426,$P57) -> 0 | V57: =SUMIFS($K$6:$K$426,$E$6:$E$426,$Q57,$C$6:$C$426,V$5,$A$6:$A$426,$P57) -> 0 | W57: =SUMIFS($K$6:$K$426,$E$6:$E$426,$Q57,$C$6:$C$426,W$5,$A$6:$A$426,$P57) -> 8 | X57: =SUMIFS($K$6:$K$426,$E$6:$E$426,$Q57,$C$6:$C$426,X$5,$A$6:$A$426,$P57) -> 0 | Y57: =SUMIFS($K$6:$K$426,$E$6:$E$426,$Q57,$C$6:$C$426,Y$5,$A$6:$A$426,$P57) -> 0 | Z57: =SUM(R57:Y57) -> 8
A58: =A57 -> GERAL | B58: =B57 -> 1° PAV. TÉRREO | C58: Exaustão forçada e renovação de ar (material) | D58: SEN-AP-CLI-102-TER-R01.pdf | E58: Boca com regulador de vazão, em plástico ABS, diâmetro nominal de Ø100mm. | F58: Sicflux | G58: RVA 100 | H58: 37 | I58: 1 | J58: 0 | K58: =(H58+J58*H58)*I58 -> 37 | L58: un | P58: GERAL | Q58: Unidade condensadora de 16 HP, linha VRV 6, quente e frio, 380V, 50/60 Hz | R58: =SUMIFS($K$6:$K$426,$E$6:$E$426,$Q58,$C$6:$C$426,R$5,$A$6:$A$426,$P58) -> 0 | S58: =SUMIFS($K$6:$K$426,$E$6:$E$426,$Q58,$C$6:$C$426,S$5,$A$6:$A$426,$P58) -> 0 | T58: =SUMIFS($K$6:$K$426,$E$6:$E$426,$Q58,$C$6:$C$426,T$5,$A$6:$A$426,$P58) -> 0 | U58: =SUMIFS($K$6:$K$426,$E$6:$E$426,$Q58,$C$6:$C$426,U$5,$A$6:$A$426,$P58) -> 0 | V58: =SUMIFS($K$6:$K$426,$E$6:$E$426,$Q58,$C$6:$C$426,V$5,$A$6:$A$426,$P58) -> 0 | W58: =SUMIFS($K$6:$K$426,$E$6:$E$426,$Q58,$C$6:$C$426,W$5,$A$6:$A$426,$P58) -> 4 | X58: =SUMIFS($K$6:$K$426,$E$6:$E$426,$Q58,$C$6:$C$426,X$5,$A$6:$A$426,$P58) -> 0 | Y58: =SUMIFS($K$6:$K$426,$E$6:$E$426,$Q58,$C$6:$C$426,Y$5,$A$6:$A$426,$P58) -> 0 | Z58: =SUM(R58:Y58) -> 4
A59: =A58 -> GERAL | B59: =B58 -> 1° PAV. TÉRREO | C59: Exaustão forçada e renovação de ar (material) | D59: SEN-AP-CLI-102-TER-R01.pdf | E59: Boca com regulador de vazão, em plástico ABS, diâmetro nominal de Ø150mm. | F59: Sicflux | G59: RVA 150 | H59: 2 | I59: 1 | J59: 0 | K59: =(H59+J59*H59)*I59 -> 2 | L59: un | P59: GERAL | Q59: Unidade condensadora de 20 HP, linha VRV 6, quente e frio, 380V, 50/60 Hz | R59: =SUMIFS($K$6:$K$426,$E$6:$E$426,$Q59,$C$6:$C$426,R$5,$A$6:$A$426,$P59) -> 0 | S59: =SUMIFS($K$6:$K$426,$E$6:$E$426,$Q59,$C$6:$C$426,S$5,$A$6:$A$426,$P59) -> 0 | T59: =SUMIFS($K$6:$K$426,$E$6:$E$426,$Q59,$C$6:$C$426,T$5,$A$6:$A$426,$P59) -> 0 | U59: =SUMIFS($K$6:$K$426,$E$6:$E$426,$Q59,$C$6:$C$426,U$5,$A$6:$A$426,$P59) -> 0 | V59: =SUMIFS($K$6:$K$426,$E$6:$E$426,$Q59,$C$6:$C$426,V$5,$A$6:$A$426,$P59) -> 0 | W59: =SUMIFS($K$6:$K$426,$E$6:$E$426,$Q59,$C$6:$C$426,W$5,$A$6:$A$426,$P59) -> 4 | X59: =SUMIFS($K$6:$K$426,$E$6:$E$426,$Q59,$C$6:$C$426,X$5,$A$6:$A$426,$P59) -> 0 | Y59: =SUMIFS($K$6:$K$426,$E$6:$E$426,$Q59,$C$6:$C$426,Y$5,$A$6:$A$426,$P59) -> 0 | Z59: =SUM(R59:Y59) -> 4
A60: =A59 -> GERAL | B60: =B59 -> 1° PAV. TÉRREO | C60: Exaustão forçada e renovação de ar (material) | D60: SEN-AP-CLI-102-TER-R01.pdf | E60: Difusor de uma via de alumínio. | F60: TROX | G60: ADQ-1-A/1071x264 | H60: 2 | I60: 1 | J60: 0 | K60: =(H60+J60*H60)*I60 -> 2 | L60: un | P60: GERAL | Q60: Unidade evaporadora tipo cassete Round Flow, capacidade 9.600 Btu/h, linha VRV, ciclo Q/F | R60: =SUMIFS($K$6:$K$426,$E$6:$E$426,$Q60,$C$6:$C$426,R$5,$A$6:$A$426,$P60) -> 0 | S60: =SUMIFS($K$6:$K$426,$E$6:$E$426,$Q60,$C$6:$C$426,S$5,$A$6:$A$426,$P60) -> 0 | T60: =SUMIFS($K$6:$K$426,$E$6:$E$426,$Q60,$C$6:$C$426,T$5,$A$6:$A$426,$P60) -> 0 | U60: =SUMIFS($K$6:$K$426,$E$6:$E$426,$Q60,$C$6:$C$426,U$5,$A$6:$A$426,$P60) -> 0 | V60: =SUMIFS($K$6:$K$426,$E$6:$E$426,$Q60,$C$6:$C$426,V$5,$A$6:$A$426,$P60) -> 0 | W60: =SUMIFS($K$6:$K$426,$E$6:$E$426,$Q60,$C$6:$C$426,W$5,$A$6:$A$426,$P60) -> 3 | X60: =SUMIFS($K$6:$K$426,$E$6:$E$426,$Q60,$C$6:$C$426,X$5,$A$6:$A$426,$P60) -> 0 | Y60: =SUMIFS($K$6:$K$426,$E$6:$E$426,$Q60,$C$6:$C$426,Y$5,$A$6:$A$426,$P60) -> 0 | Z60: =SUM(R60:Y60) -> 3
A61: =A60 -> GERAL | B61: =B60 -> 1° PAV. TÉRREO | C61: Exaustão forçada e renovação de ar (material) | D61: SEN-AP-CLI-102-TER-R01.pdf | E61: Difusor de uma via de alumínio, com registro de lâminas convergentes. | F61: TROX | G61: ADQ-1-AG/371x208 | H61: 4 | I61: 1 | J61: 0 | K61: =(H61+J61*H61)*I61 -> 4 | L61: un | P61: GERAL | Q61: Unidade evaporadora tipo cassete Round Flow, capacidade 12.300 Btu/h, linha VRV. | R61: =SUMIFS($K$6:$K$426,$E$6:$E$426,$Q61,$C$6:$C$426,R$5,$A$6:$A$426,$P61) -> 0 | S61: =SUMIFS($K$6:$K$426,$E$6:$E$426,$Q61,$C$6:$C$426,S$5,$A$6:$A$426,$P61) -> 0 | T61: =SUMIFS($K$6:$K$426,$E$6:$E$426,$Q61,$C$6:$C$426,T$5,$A$6:$A$426,$P61) -> 0 | U61: =SUMIFS($K$6:$K$426,$E$6:$E$426,$Q61,$C$6:$C$426,U$5,$A$6:$A$426,$P61) -> 0 | V61: =SUMIFS($K$6:$K$426,$E$6:$E$426,$Q61,$C$6:$C$426,V$5,$A$6:$A$426,$P61) -> 0 | W61: =SUMIFS($K$6:$K$426,$E$6:$E$426,$Q61,$C$6:$C$426,W$5,$A$6:$A$426,$P61) -> 24 | X61: =SUMIFS($K$6:$K$426,$E$6:$E$426,$Q61,$C$6:$C$426,X$5,$A$6:$A$426,$P61) -> 0 | Y61: =SUMIFS($K$6:$K$426,$E$6:$E$426,$Q61,$C$6:$C$426,Y$5,$A$6:$A$426,$P61) -> 0 | Z61: =SUM(R61:Y61) -> 24
A62: =A61 -> GERAL | B62: =B61 -> 1° PAV. TÉRREO | C62: Exaustão forçada e renovação de ar (material) | D62: SEN-AP-CLI-102-TER-R01.pdf | E62: Grelha metálica retangular, com registro de lâminas convergentes. | F62: TROX | G62: AH-0/AG/225x75 | H62: 5 | I62: 1 | J62: 0 | K62: =(H62+J62*H62)*I62 -> 5 | L62: un | P62: GERAL | Q62: Unidade evaporadora tipo cassete Round Flow, capacidade 19.100 Btu/h, linha VRV. | R62: =SUMIFS($K$6:$K$426,$E$6:$E$426,$Q62,$C$6:$C$426,R$5,$A$6:$A$426,$P62) -> 0 | S62: =SUMIFS($K$6:$K$426,$E$6:$E$426,$Q62,$C$6:$C$426,S$5,$A$6:$A$426,$P62) -> 0 | T62: =SUMIFS($K$6:$K$426,$E$6:$E$426,$Q62,$C$6:$C$426,T$5,$A$6:$A$426,$P62) -> 0 | U62: =SUMIFS($K$6:$K$426,$E$6:$E$426,$Q62,$C$6:$C$426,U$5,$A$6:$A$426,$P62) -> 0 | V62: =SUMIFS($K$6:$K$426,$E$6:$E$426,$Q62,$C$6:$C$426,V$5,$A$6:$A$426,$P62) -> 0 | W62: =SUMIFS($K$6:$K$426,$E$6:$E$426,$Q62,$C$6:$C$426,W$5,$A$6:$A$426,$P62) -> 4 | X62: =SUMIFS($K$6:$K$426,$E$6:$E$426,$Q62,$C$6:$C$426,X$5,$A$6:$A$426,$P62) -> 0 | Y62: =SUMIFS($K$6:$K$426,$E$6:$E$426,$Q62,$C$6:$C$426,Y$5,$A$6:$A$426,$P62) -> 0 | Z62: =SUM(R62:Y62) -> 4
A63: =A62 -> GERAL | B63: =B62 -> 1° PAV. TÉRREO | C63: Exaustão forçada e renovação de ar (material) | D63: SEN-AP-CLI-102-TER-R01.pdf | E63: Grelha metálica retangular, com registro de lâminas convergentes. | F63: TROX | G63: AH-0/AG/225x125 | H63: 2 | I63: 1 | J63: 0 | K63: =(H63+J63*H63)*I63 -> 2 | L63: un | P63: GERAL | Q63: Unidade evaporadora tipo cassete Round Flow, capacidade 24.200 Btu/h, linha VRV. | R63: =SUMIFS($K$6:$K$426,$E$6:$E$426,$Q63,$C$6:$C$426,R$5,$A$6:$A$426,$P63) -> 0 | S63: =SUMIFS($K$6:$K$426,$E$6:$E$426,$Q63,$C$6:$C$426,S$5,$A$6:$A$426,$P63) -> 0 | T63: =SUMIFS($K$6:$K$426,$E$6:$E$426,$Q63,$C$6:$C$426,T$5,$A$6:$A$426,$P63) -> 0 | U63: =SUMIFS($K$6:$K$426,$E$6:$E$426,$Q63,$C$6:$C$426,U$5,$A$6:$A$426,$P63) -> 0 | V63: =SUMIFS($K$6:$K$426,$E$6:$E$426,$Q63,$C$6:$C$426,V$5,$A$6:$A$426,$P63) -> 0 | W63: =SUMIFS($K$6:$K$426,$E$6:$E$426,$Q63,$C$6:$C$426,W$5,$A$6:$A$426,$P63) -> 22 | X63: =SUMIFS($K$6:$K$426,$E$6:$E$426,$Q63,$C$6:$C$426,X$5,$A$6:$A$426,$P63) -> 0 | Y63: =SUMIFS($K$6:$K$426,$E$6:$E$426,$Q63,$C$6:$C$426,Y$5,$A$6:$A$426,$P63) -> 0 | Z63: =SUM(R63:Y63) -> 22
A64: =A63 -> GERAL | B64: =B63 -> 1° PAV. TÉRREO | C64: Exaustão forçada e renovação de ar (material) | D64: SEN-AP-CLI-102-TER-R01.pdf | E64: Grelha metálica retangular, com registro de lâminas convergentes. | F64: TROX | G64: AR-AG/325x165 | H64: 4 | I64: 1 | J64: 0 | K64: =(H64+J64*H64)*I64 -> 4 | L64: un | P64: GERAL | Q64: Unidade evaporadora tipo Teto, capacidade 38.200 Btu/h, linha VRV, cicloQ/F. | R64: =SUMIFS($K$6:$K$426,$E$6:$E$426,$Q64,$C$6:$C$426,R$5,$A$6:$A$426,$P64) -> 0 | S64: =SUMIFS($K$6:$K$426,$E$6:$E$426,$Q64,$C$6:$C$426,S$5,$A$6:$A$426,$P64) -> 0 | T64: =SUMIFS($K$6:$K$426,$E$6:$E$426,$Q64,$C$6:$C$426,T$5,$A$6:$A$426,$P64) -> 0 | U64: =SUMIFS($K$6:$K$426,$E$6:$E$426,$Q64,$C$6:$C$426,U$5,$A$6:$A$426,$P64) -> 0 | V64: =SUMIFS($K$6:$K$426,$E$6:$E$426,$Q64,$C$6:$C$426,V$5,$A$6:$A$426,$P64) -> 0 | W64: =SUMIFS($K$6:$K$426,$E$6:$E$426,$Q64,$C$6:$C$426,W$5,$A$6:$A$426,$P64) -> 2 | X64: =SUMIFS($K$6:$K$426,$E$6:$E$426,$Q64,$C$6:$C$426,X$5,$A$6:$A$426,$P64) -> 0 | Y64: =SUMIFS($K$6:$K$426,$E$6:$E$426,$Q64,$C$6:$C$426,Y$5,$A$6:$A$426,$P64) -> 0 | Z64: =SUM(R64:Y64) -> 2
... A69: =A68 -> GERAL | B69: =B68 -> 1° PAV. TÉRREO | C69: Exaustão forçada e renovação de ar (material) | D69: SEN-AP-CLI-102-TER-R01.pdf | E69: Grelha autofechante em plástico ABS com anti-UV, com colarinho de Ø150mm. | F69: Sicflux | G69: GVAF 150 | H69: 1 | I69: 1 | J69: 0 | K69: =(H69+J69*H69)*I69 -> 1 | L69: un | P69: GERAL | Q69: Espuma elastomérica D:12,7 mm E:20 mm | R69: =SUMIFS($K$6:$K$426,$E$6:$E$426,$Q69,$C$6:$C$426,R$5,$A$6:$A$426,$P69) -> 0 | S69: =SUMIFS($K$6:$K$426,$E$6:$E$426,$Q69,$C$6:$C$426,S$5,$A$6:$A$426,$P69) -> 0 | T69: =SUMIFS($K$6:$K$426,$E$6:$E$426,$Q69,$C$6:$C$426,T$5,$A$6:$A$426,$P69) -> 0 | U69: =SUMIFS($K$6:$K$426,$E$6:$E$426,$Q69,$C$6:$C$426,U$5,$A$6:$A$426,$P69) -> 0 | V69: =SUMIFS($K$6:$K$426,$E$6:$E$426,$Q69,$C$6:$C$426,V$5,$A$6:$A$426,$P69) -> 0 | W69: =SUMIFS($K$6:$K$426,$E$6:$E$426,$Q69,$C$6:$C$426,W$5,$A$6:$A$426,$P69) -> 186.4 | X69: =SUMIFS($K$6:$K$426,$E$6:$E$426,$Q69,$C$6:$C$426,X$5,$A$6:$A$426,$P69) -> 0 | Y69: =SUMIFS($K$6:$K$426,$E$6:$E$426,$Q69,$C$6:$C$426,Y$5,$A$6:$A$426,$P69) -> 0 | Z69: =SUM(R69:Y69) -> 186.4
A70: GERAL | B70: 2° PAV. - ESTAC. 01 | N70: =IF(SUM(H70:M70)=0,SUMIFS($N71:$N$759,$B71:$B$759,$B70,$A71:$A$759,$A70),K70*M70) -> #N/A | P70: GERAL | Q70: Espuma elastomérica D:15,9 mm E:15 mm | R70: =SUMIFS($K$6:$K$426,$E$6:$E$426,$Q70,$C$6:$C$426,R$5,$A$6:$A$426,$P70) -> 0 | S70: =SUMIFS($K$6:$K$426,$E$6:$E$426,$Q70,$C$6:$C$426,S$5,$A$6:$A$426,$P70) -> 0 | T70: =SUMIFS($K$6:$K$426,$E$6:$E$426,$Q70,$C$6:$C$426,T$5,$A$6:$A$426,$P70) -> 0 | U70: =SUMIFS($K$6:$K$426,$E$6:$E$426,$Q70,$C$6:$C$426,U$5,$A$6:$A$426,$P70) -> 0 | V70: =SUMIFS($K$6:$K$426,$E$6:$E$426,$Q70,$C$6:$C$426,V$5,$A$6:$A$426,$P70) -> 0 | W70: =SUMIFS($K$6:$K$426,$E$6:$E$426,$Q70,$C$6:$C$426,W$5,$A$6:$A$426,$P70) -> 148.8 | X70: =SUMIFS($K$6:$K$426,$E$6:$E$426,$Q70,$C$6:$C$426,X$5,$A$6:$A$426,$P70) -> 0 | Y70: =SUMIFS($K$6:$K$426,$E$6:$E$426,$Q70,$C$6:$C$426,Y$5,$A$6:$A$426,$P70) -> 0 | Z70: =SUM(R70:Y70) -> 148.8
A71: =A70 -> GERAL | B71: =B70 -> 2° PAV. - ESTAC. 01 | C71: Ventilação garagem (material) | D71: SEN-AP-EXT-003-G01-R00.pdf | E71: Controlador com sensor de monóxido de carbono. Interligado por wifi integrado ao sistema de ventilação do subsolo. | F71: Storge | G71: STG02-MINI | H71: 48 | I71: 1 | J71: 0 | K71: =(H71+J71*H71)*I71 -> 48 | L71: un | M71: =_xlfn.XLOOKUP($E71,PREÇO!$C$6:$C$89,PREÇO!$E$6:$E$89) -> #N/A | N71: =IF(SUM(H71:M71)=0,SUMIFS($N72:$N$759,$B72:$B$759,$B71,$A72:$A$759,$A71),K71*M71) -> #N/A | P71: GERAL | Q71: Espuma elastomérica D:15,9 mm E:22 mm | R71: =SUMIFS($K$6:$K$426,$E$6:$E$426,$Q71,$C$6:$C$426,R$5,$A$6:$A$426,$P71) -> 0 | S71: =SUMIFS($K$6:$K$426,$E$6:$E$426,$Q71,$C$6:$C$426,S$5,$A$6:$A$426,$P71) -> 0 | T71: =SUMIFS($K$6:$K$426,$E$6:$E$426,$Q71,$C$6:$C$426,T$5,$A$6:$A$426,$P71) -> 0 | U71: =SUMIFS($K$6:$K$426,$E$6:$E$426,$Q71,$C$6:$C$426,U$5,$A$6:$A$426,$P71) -> 0 | V71: =SUMIFS($K$6:$K$426,$E$6:$E$426,$Q71,$C$6:$C$426,V$5,$A$6:$A$426,$P71) -> 0 | W71: =SUMIFS($K$6:$K$426,$E$6:$E$426,$Q71,$C$6:$C$426,W$5,$A$6:$A$426,$P71) -> 647.2 | X71: =SUMIFS($K$6:$K$426,$E$6:$E$426,$Q71,$C$6:$C$426,X$5,$A$6:$A$426,$P71) -> 0 | Y71: =SUMIFS($K$6:$K$426,$E$6:$E$426,$Q71,$C$6:$C$426,Y$5,$A$6:$A$426,$P71) -> 0 | Z71: =SUM(R71:Y71) -> 647.2
A72: =A71 -> GERAL | B72: =B71 -> 2° PAV. - ESTAC. 01 | C72: Ventilação garagem (material) | D72: SEN-AP-EXT-003-G01-R00.pdf | E72: Ventilador de indução direcionador de ar compacto com motor eletrônico, com drive STG02-DRV, comunicação por wifi integrado. | F72: Storge | G72: STG-SJF 3000EC | H72: 115 | I72: 1 | J72: 0 | K72: =(H72+J72*H72)*I72 -> 115 | L72: un | M72: =_xlfn.XLOOKUP($E72,PREÇO!$C$6:$C$89,PREÇO!$E$6:$E$89) -> #N/A | N72: =IF(SUM(H72:M72)=0,SUMIFS($N73:$N$759,$B73:$B$759,$B72,$A73:$A$759,$A72),K72*M72) -> #N/A | P72: GERAL | Q72: Espuma elastomérica D:19,1 mm E:16 mm | R72: =SUMIFS($K$6:$K$426,$E$6:$E$426,$Q72,$C$6:$C$426,R$5,$A$6:$A$426,$P72) -> 0 | S72: =SUMIFS($K$6:$K$426,$E$6:$E$426,$Q72,$C$6:$C$426,S$5,$A$6:$A$426,$P72) -> 0 | T72: =SUMIFS($K$6:$K$426,$E$6:$E$426,$Q72,$C$6:$C$426,T$5,$A$6:$A$426,$P72) -> 0 | U72: =SUMIFS($K$6:$K$426,$E$6:$E$426,$Q72,$C$6:$C$426,U$5,$A$6:$A$426,$P72) -> 0 | V72: =SUMIFS($K$6:$K$426,$E$6:$E$426,$Q72,$C$6:$C$426,V$5,$A$6:$A$426,$P72) -> 0 | W72: =SUMIFS($K$6:$K$426,$E$6:$E$426,$Q72,$C$6:$C$426,W$5,$A$6:$A$426,$P72) -> 240.8 | X72: =SUMIFS($K$6:$K$426,$E$6:$E$426,$Q72,$C$6:$C$426,X$5,$A$6:$A$426,$P72) -> 0 | Y72: =SUMIFS($K$6:$K$426,$E$6:$E$426,$Q72,$C$6:$C$426,Y$5,$A$6:$A$426,$P72) -> 0 | Z72: =SUM(R72:Y72) -> 240.8
A73: =A72 -> GERAL | B73: =B72 -> 2° PAV. - ESTAC. 01 | C73: Ventilação garagem (material) | D73: SEN-AP-EXT-003-G01-R00.pdf | E73: Ventilador tubo axial com motor eletrônico, vazão máxima de 11.000 m³/h, ruído máximo 76 dB(A) livre, com drive STG02-DRV, comunicação por wifi integrado. | F73: Storge | G73: STG-AFSW500 EC | H73: 10 | I73: 1 | J73: 0 | K73: =(H73+J73*H73)*I73 -> 10 | L73: un | M73: =_xlfn.XLOOKUP($E73,PREÇO!$C$6:$C$89,PREÇO!$E$6:$E$89) -> #N/A | N73: =IF(SUM(H73:M73)=0,SUMIFS($N74:$N$759,$B74:$B$759,$B73,$A74:$A$759,$A73),K73*M73) -> #N/A | P73: GERAL | Q73: Espuma elastomérica D:19,1 mm E:23 mm | R73: =SUMIFS($K$6:$K$426,$E$6:$E$426,$Q73,$C$6:$C$426,R$5,$A$6:$A$426,$P73) -> 0 | S73: =SUMIFS($K$6:$K$426,$E$6:$E$426,$Q73,$C$6:$C$426,S$5,$A$6:$A$426,$P73) -> 0 | T73: =SUMIFS($K$6:$K$426,$E$6:$E$426,$Q73,$C$6:$C$426,T$5,$A$6:$A$426,$P73) -> 0 | U73: =SUMIFS($K$6:$K$426,$E$6:$E$426,$Q73,$C$6:$C$426,U$5,$A$6:$A$426,$P73) -> 0 | V73: =SUMIFS($K$6:$K$426,$E$6:$E$426,$Q73,$C$6:$C$426,V$5,$A$6:$A$426,$P73) -> 0 | W73: =SUMIFS($K$6:$K$426,$E$6:$E$426,$Q73,$C$6:$C$426,W$5,$A$6:$A$426,$P73) -> 14 | X73: =SUMIFS($K$6:$K$426,$E$6:$E$426,$Q73,$C$6:$C$426,X$5,$A$6:$A$426,$P73) -> 0 | Y73: =SUMIFS($K$6:$K$426,$E$6:$E$426,$Q73,$C$6:$C$426,Y$5,$A$6:$A$426,$P73) -> 0 | Z73: =SUM(R73:Y73) -> 14
A74: =A73 -> GERAL | B74: =B73 -> 2° PAV. - ESTAC. 01 | C74: Ventilação garagem (material) | D74: SEN-AP-EXT-003-G01-R00.pdf | E74: Ventilador tubo axial com motor eletrônico, vazão máxima de 19.300 m³/h, ruído máximo 81 dB(A) livre, com drive STG02-DRV, comunicação por wifi integrado. | F74: Storge | G74: STG-AFSW800 EC | H74: 12 | I74: 1 | J74: 0 | K74: =(H74+J74*H74)*I74 -> 12 | L74: un | M74: =_xlfn.XLOOKUP($E74,PREÇO!$C$6:$C$89,PREÇO!$E$6:$E$89) -> #N/A | N74: =IF(SUM(H74:M74)=0,SUMIFS($N75:$N$759,$B75:$B$759,$B74,$A75:$A$759,$A74),K74*M74) -> #N/A | P74: GERAL | Q74: Espuma elastomérica D:22,2 mm E:25 mm | R74: =SUMIFS($K$6:$K$426,$E$6:$E$426,$Q74,$C$6:$C$426,R$5,$A$6:$A$426,$P74) -> 0 | S74: =SUMIFS($K$6:$K$426,$E$6:$E$426,$Q74,$C$6:$C$426,S$5,$A$6:$A$426,$P74) -> 0 | T74: =SUMIFS($K$6:$K$426,$E$6:$E$426,$Q74,$C$6:$C$426,T$5,$A$6:$A$426,$P74) -> 0 | U74: =SUMIFS($K$6:$K$426,$E$6:$E$426,$Q74,$C$6:$C$426,U$5,$A$6:$A$426,$P74) -> 0 | V74: =SUMIFS($K$6:$K$426,$E$6:$E$426,$Q74,$C$6:$C$426,V$5,$A$6:$A$426,$P74) -> 0 | W74: =SUMIFS($K$6:$K$426,$E$6:$E$426,$Q74,$C$6:$C$426,W$5,$A$6:$A$426,$P74) -> 185.6 | X74: =SUMIFS($K$6:$K$426,$E$6:$E$426,$Q74,$C$6:$C$426,X$5,$A$6:$A$426,$P74) -> 0 | Y74: =SUMIFS($K$6:$K$426,$E$6:$E$426,$Q74,$C$6:$C$426,Y$5,$A$6:$A$426,$P74) -> 0 | Z74: =SUM(R74:Y74) -> 185.6
A75: =A74 -> GERAL | B75: =B74 -> 2° PAV. - ESTAC. 01 | C75: Ventilação garagem (material) | D75: SEN-AP-CLI-BLA-002-R01.pdf | E75: Ventilador helicocentrífugo, baixo nível de ruído, com elementos acústicos, junta de borracha na sucção e descarga. | F75: Soler & Palau | G75: TD-160/100 N SILENT | H75: 4 | I75: 1 | J75: 0 | K75: =(H75+J75*H75)*I75 -> 4 | L75: un | M75: =_xlfn.XLOOKUP($E75,PREÇO!$C$6:$C$89,PREÇO!$E$6:$E$89) -> #N/A | N75: =IF(SUM(H75:M75)=0,SUMIFS($N76:$N$759,$B76:$B$759,$B75,$A76:$A$759,$A75),K75*M75) -> #N/A | P75: GERAL | Q75: Espuma elastomérica D:25,4 mm E:25 mm | R75: =SUMIFS($K$6:$K$426,$E$6:$E$426,$Q75,$C$6:$C$426,R$5,$A$6:$A$426,$P75) -> 0 | S75: =SUMIFS($K$6:$K$426,$E$6:$E$426,$Q75,$C$6:$C$426,S$5,$A$6:$A$426,$P75) -> 0 | T75: =SUMIFS($K$6:$K$426,$E$6:$E$426,$Q75,$C$6:$C$426,T$5,$A$6:$A$426,$P75) -> 0 | U75: =SUMIFS($K$6:$K$426,$E$6:$E$426,$Q75,$C$6:$C$426,U$5,$A$6:$A$426,$P75) -> 0 | V75: =SUMIFS($K$6:$K$426,$E$6:$E$426,$Q75,$C$6:$C$426,V$5,$A$6:$A$426,$P75) -> 0 | W75: =SUMIFS($K$6:$K$426,$E$6:$E$426,$Q75,$C$6:$C$426,W$5,$A$6:$A$426,$P75) -> 169.2 | X75: =SUMIFS($K$6:$K$426,$E$6:$E$426,$Q75,$C$6:$C$426,X$5,$A$6:$A$426,$P75) -> 0 | Y75: =SUMIFS($K$6:$K$426,$E$6:$E$426,$Q75,$C$6:$C$426,Y$5,$A$6:$A$426,$P75) -> 0 | Z75: =SUM(R75:Y75) -> 169.2
A76: =A75 -> GERAL | B76: =B75 -> 2° PAV. - ESTAC. 01 | C76: Infraestrutura de climatização área comum (material) | D76: SEN-AP-CLI-BLA-002-R01.pdf | E76: Unidade condensadora linha VRV 6, Série R, Quente e Frio. | F76: Daikin | G76: REYQ26BYM | H76: 1 | I76: 1 | J76: 0 | K76: =(H76+J76*H76)*I76 -> 1 | L76: un | M76: =_xlfn.XLOOKUP(#REF!,PREÇO!$C$6:$C$89,PREÇO!$E$6:$E$89) -> #REF! | N76: =IF(SUM(H76:M76)=0,SUMIFS($N77:$N$759,$B77:$B$759,$B76,$A77:$A$759,$A76),K76*M76) -> #REF! | P76: GERAL | Q76: Espuma elastomérica D:28,6 mm E:26 mm | R76: =SUMIFS($K$6:$K$426,$E$6:$E$426,$Q76,$C$6:$C$426,R$5,$A$6:$A$426,$P76) -> 0 | S76: =SUMIFS($K$6:$K$426,$E$6:$E$426,$Q76,$C$6:$C$426,S$5,$A$6:$A$426,$P76) -> 0 | T76: =SUMIFS($K$6:$K$426,$E$6:$E$426,$Q76,$C$6:$C$426,T$5,$A$6:$A$426,$P76) -> 0 | U76: =SUMIFS($K$6:$K$426,$E$6:$E$426,$Q76,$C$6:$C$426,U$5,$A$6:$A$426,$P76) -> 0 | V76: =SUMIFS($K$6:$K$426,$E$6:$E$426,$Q76,$C$6:$C$426,V$5,$A$6:$A$426,$P76) -> 0 | W76: =SUMIFS($K$6:$K$426,$E$6:$E$426,$Q76,$C$6:$C$426,W$5,$A$6:$A$426,$P76) -> 214.4 | X76: =SUMIFS($K$6:$K$426,$E$6:$E$426,$Q76,$C$6:$C$426,X$5,$A$6:$A$426,$P76) -> 0 | Y76: =SUMIFS($K$6:$K$426,$E$6:$E$426,$Q76,$C$6:$C$426,Y$5,$A$6:$A$426,$P76) -> 0 | Z76: =SUM(R76:Y76) -> 214.4
A77: =A76 -> GERAL | B77: =B76 -> 2° PAV. - ESTAC. 01 | C77: Infraestrutura de climatização área comum (material) | D77: SEN-AP-CLI-BLA-002-R01.pdf | E77: Unidade condensadora linha VRV 6, Série R, Quente e Frio. | F77: Daikin | G77: REYQ20BYM | H77: 1 | I77: 1 | J77: 0 | K77: =(H77+J77*H77)*I77 -> 1 | L77: un | M77: =_xlfn.XLOOKUP($E76,PREÇO!$C$6:$C$89,PREÇO!$E$6:$E$89) -> #N/A | N77: =IF(SUM(H77:M77)=0,SUMIFS($N78:$N$759,$B78:$B$759,$B77,$A78:$A$759,$A77),K77*M77) -> #N/A | P77: GERAL | Q77: Espuma elastomérica D:31,8 mm E:26 mm | R77: =SUMIFS($K$6:$K$426,$E$6:$E$426,$Q77,$C$6:$C$426,R$5,$A$6:$A$426,$P77) -> 0 | S77: =SUMIFS($K$6:$K$426,$E$6:$E$426,$Q77,$C$6:$C$426,S$5,$A$6:$A$426,$P77) -> 0 | T77: =SUMIFS($K$6:$K$426,$E$6:$E$426,$Q77,$C$6:$C$426,T$5,$A$6:$A$426,$P77) -> 0 | U77: =SUMIFS($K$6:$K$426,$E$6:$E$426,$Q77,$C$6:$C$426,U$5,$A$6:$A$426,$P77) -> 0 | V77: =SUMIFS($K$6:$K$426,$E$6:$E$426,$Q77,$C$6:$C$426,V$5,$A$6:$A$426,$P77) -> 0 | W77: =SUMIFS($K$6:$K$426,$E$6:$E$426,$Q77,$C$6:$C$426,W$5,$A$6:$A$426,$P77) -> 194.8 | X77: =SUMIFS($K$6:$K$426,$E$6:$E$426,$Q77,$C$6:$C$426,X$5,$A$6:$A$426,$P77) -> 0 | Y77: =SUMIFS($K$6:$K$426,$E$6:$E$426,$Q77,$C$6:$C$426,Y$5,$A$6:$A$426,$P77) -> 0 | Z77: =SUM(R77:Y77) -> 194.8
A78: =A77 -> GERAL | B78: =B77 -> 2° PAV. - ESTAC. 01 | C78: Infraestrutura de climatização área comum (material) | D78: SEN-AP-CLI-BLA-002-R01.pdf | E78: Unidade evaporadora tipo Teto, capacidade 12.300 Btu/h, linha VRV, ciclo Q/F. | F78: Daikin | G78: XHQ32MAVE | H78: 1 | I78: 1 | J78: 0 | K78: =(H78+J78*H78)*I78 -> 1 | L78: un | M78: =_xlfn.XLOOKUP($E77,PREÇO!$C$6:$C$89,PREÇO!$E$6:$E$89) -> #N/A | N78: =IF(SUM(H78:M78)=0,SUMIFS($N79:$N$759,$B79:$B$759,$B78,$A79:$A$759,$A78),K78*M78) -> #N/A | P78: GERAL | Q78: Espuma elastomérica D:38,1 mm E:27 mm | R78: =SUMIFS($K$6:$K$426,$E$6:$E$426,$Q78,$C$6:$C$426,R$5,$A$6:$A$426,$P78) -> 0 | S78: =SUMIFS($K$6:$K$426,$E$6:$E$426,$Q78,$C$6:$C$426,S$5,$A$6:$A$426,$P78) -> 0 | T78: =SUMIFS($K$6:$K$426,$E$6:$E$426,$Q78,$C$6:$C$426,T$5,$A$6:$A$426,$P78) -> 0 | U78: =SUMIFS($K$6:$K$426,$E$6:$E$426,$Q78,$C$6:$C$426,U$5,$A$6:$A$426,$P78) -> 0 | V78: =SUMIFS($K$6:$K$426,$E$6:$E$426,$Q78,$C$6:$C$426,V$5,$A$6:$A$426,$P78) -> 0 | W78: =SUMIFS($K$6:$K$426,$E$6:$E$426,$Q78,$C$6:$C$426,W$5,$A$6:$A$426,$P78) -> 42 | X78: =SUMIFS($K$6:$K$426,$E$6:$E$426,$Q78,$C$6:$C$426,X$5,$A$6:$A$426,$P78) -> 0 | Y78: =SUMIFS($K$6:$K$426,$E$6:$E$426,$Q78,$C$6:$C$426,Y$5,$A$6:$A$426,$P78) -> 0 | Z78: =SUM(R78:Y78) -> 42
A79: =A78 -> GERAL | B79: =B78 -> 2° PAV. - ESTAC. 01 | C79: Infraestrutura de climatização área comum (material) | D79: SEN-AP-CLI-BLA-002-R01.pdf | E79: Unidade evaporadora tipo Teto, capacidade 24.200 Btu/h, linha VRV, ciclo Q/F. | F79: Daikin | G79: XHQ63MAVE | H79: 1 | I79: 1 | J79: 0 | K79: =(H79+J79*H79)*I79 -> 1 | L79: un | M79: =_xlfn.XLOOKUP($E78,PREÇO!$C$6:$C$89,PREÇO!$E$6:$E$89) -> #N/A | N79: =IF(SUM(H79:M79)=0,SUMIFS($N80:$N$759,$B80:$B$759,$B79,$A80:$A$759,$A79),K79*M79) -> #N/A | P79: GERAL | Q79: Coifa lavadora metálica em aço INOX, construção sob medida 200x115 cm, com módulo para reposição de ar, ponto de drenagem, reservatório de detergente, iluminação, sistema preventivo contra incêndios. Instalação à no máximo 1,2 metros do bloco de cocção. | R79: =SUMIFS($K$6:$K$426,$E$6:$E$426,$Q79,$C$6:$C$426,R$5,$A$6:$A$426,$P79) -> 0 | S79: =SUMIFS($K$6:$K$426,$E$6:$E$426,$Q79,$C$6:$C$426,S$5,$A$6:$A$426,$P79) -> 0 | T79: =SUMIFS($K$6:$K$426,$E$6:$E$426,$Q79,$C$6:$C$426,T$5,$A$6:$A$426,$P79) -> 0 | U79: =SUMIFS($K$6:$K$426,$E$6:$E$426,$Q79,$C$6:$C$426,U$5,$A$6:$A$426,$P79) -> 0 | V79: =SUMIFS($K$6:$K$426,$E$6:$E$426,$Q79,$C$6:$C$426,V$5,$A$6:$A$426,$P79) -> 24 | W79: =SUMIFS($K$6:$K$426,$E$6:$E$426,$Q79,$C$6:$C$426,W$5,$A$6:$A$426,$P79) -> 0 | X79: =SUMIFS($K$6:$K$426,$E$6:$E$426,$Q79,$C$6:$C$426,X$5,$A$6:$A$426,$P79) -> 0 | Y79: =SUMIFS($K$6:$K$426,$E$6:$E$426,$Q79,$C$6:$C$426,Y$5,$A$6:$A$426,$P79) -> 0 | Z79: =SUM(R79:Y79) -> 24
A80: =A79 -> GERAL | B80: =B79 -> 2° PAV. - ESTAC. 01 | C80: Infraestrutura de climatização área comum (material) | D80: SEN-AP-CLI-BLA-002-R01.pdf | E80: Unidade evaporadora tipo Teto, capacidade 38.200 Btu/h, linha VRV, ciclo Q/F. | F80: Daikin | G80: FXHQ100MAVE | H80: 1 | I80: 1 | J80: 0 | K80: =(H80+J80*H80)*I80 -> 1 | L80: un | M80: =_xlfn.XLOOKUP(#REF!,PREÇO!$C$6:$C$89,PREÇO!$E$6:$E$89) -> #REF! | N80: =IF(SUM(H80:M80)=0,SUMIFS($N81:$N$759,$B81:$B$759,$B80,$A81:$A$759,$A80),K80*M80) -> #REF! | P80: GERAL | Q80: Unidade evaporadora tipo cassete Round Flow, capacidade 9.600 Btu/h, linha VRV, ciclo Q/F. | R80: =SUMIFS($K$6:$K$426,$E$6:$E$426,$Q80,$C$6:$C$426,R$5,$A$6:$A$426,$P80) -> 0 | S80: =SUMIFS($K$6:$K$426,$E$6:$E$426,$Q80,$C$6:$C$426,S$5,$A$6:$A$426,$P80) -> 0 | T80: =SUMIFS($K$6:$K$426,$E$6:$E$426,$Q80,$C$6:$C$426,T$5,$A$6:$A$426,$P80) -> 0 | U80: =SUMIFS($K$6:$K$426,$E$6:$E$426,$Q80,$C$6:$C$426,U$5,$A$6:$A$426,$P80) -> 0 | V80: =SUMIFS($K$6:$K$426,$E$6:$E$426,$Q80,$C$6:$C$426,V$5,$A$6:$A$426,$P80) -> 0 | W80: =SUMIFS($K$6:$K$426,$E$6:$E$426,$Q80,$C$6:$C$426,W$5,$A$6:$A$426,$P80) -> 9 | X80: =SUMIFS($K$6:$K$426,$E$6:$E$426,$Q80,$C$6:$C$426,X$5,$A$6:$A$426,$P80) -> 0 | Y80: =SUMIFS($K$6:$K$426,$E$6:$E$426,$Q80,$C$6:$C$426,Y$5,$A$6:$A$426,$P80) -> 0 | Z80: =SUM(R80:Y80) -> 9
A81: =A80 -> GERAL | B81: =B80 -> 2° PAV. - ESTAC. 01 | C81: Infraestrutura de climatização área comum (material) | D81: SEN-AP-CLI-BLA-002-R01.pdf | E81: Unidade evaporadora tipo cassete Round Flow, capacidade 38.200 Btu/h, linha VRV, ciclo Q/F. | F81: Daikin | G81: FXFQ100AVM | H81: 3 | I81: 1 | J81: 0 | K81: =(H81+J81*H81)*I81 -> 3 | L81: un | M81: =_xlfn.XLOOKUP($E79,PREÇO!$C$6:$C$89,PREÇO!$E$6:$E$89) -> #N/A | N81: =IF(SUM(H81:M81)=0,SUMIFS($N82:$N$759,$B82:$B$759,$B81,$A82:$A$759,$A81),K81*M81) -> #N/A | P81: GERAL | Q81: Ventilador helicocentrífugo com caixa de bornes externa, motor regulável, duas velocidades | R81: =SUMIFS($K$6:$K$426,$E$6:$E$426,$Q81,$C$6:$C$426,R$5,$A$6:$A$426,$P81) -> 0 | S81: =SUMIFS($K$6:$K$426,$E$6:$E$426,$Q81,$C$6:$C$426,S$5,$A$6:$A$426,$P81) -> 1 | T81: =SUMIFS($K$6:$K$426,$E$6:$E$426,$Q81,$C$6:$C$426,T$5,$A$6:$A$426,$P81) -> 0 | U81: =SUMIFS($K$6:$K$426,$E$6:$E$426,$Q81,$C$6:$C$426,U$5,$A$6:$A$426,$P81) -> 0 | V81: =SUMIFS($K$6:$K$426,$E$6:$E$426,$Q81,$C$6:$C$426,V$5,$A$6:$A$426,$P81) -> 0 | W81: =SUMIFS($K$6:$K$426,$E$6:$E$426,$Q81,$C$6:$C$426,W$5,$A$6:$A$426,$P81) -> 0 | X81: =SUMIFS($K$6:$K$426,$E$6:$E$426,$Q81,$C$6:$C$426,X$5,$A$6:$A$426,$P81) -> 0 | Y81: =SUMIFS($K$6:$K$426,$E$6:$E$426,$Q81,$C$6:$C$426,Y$5,$A$6:$A$426,$P81) -> 0 | Z81: =SUM(R81:Y81) -> 1
A82: =A81 -> GERAL | B82: =B81 -> 2° PAV. - ESTAC. 01 | C82: Infraestrutura de climatização área comum (material) | D82: SEN-AP-CLI-BLA-002-R01.pdf | E82: Unidade evaporadora tipo cassete Round Flow, capacidade 47.800 Btu/h, linha VRV, ciclo Q/F. | F82: Daikin | G82: FXFQ125AVM | H82: 6 | I82: 1 | J82: 0 | K82: =(H82+J82*H82)*I82 -> 6 | L82: un | M82: =_xlfn.XLOOKUP(#REF!,PREÇO!$C$6:$C$89,PREÇO!$E$6:$E$89) -> #REF! | N82: =IF(SUM(H82:M82)=0,SUMIFS($N83:$N$759,$B83:$B$759,$B82,$A83:$A$759,$A82),K82*M82) -> #REF! | P82: GERAL | Q82: unidade evaporadora tipo Hi-wall, capacidade 12.300 Btu/h, linha VRV, ciclo Q/F | R82: =SUMIFS($K$6:$K$426,$E$6:$E$426,$Q82,$C$6:$C$426,R$5,$A$6:$A$426,$P82) -> 0 | S82: =SUMIFS($K$6:$K$426,$E$6:$E$426,$Q82,$C$6:$C$426,S$5,$A$6:$A$426,$P82) -> 0 | T82: =SUMIFS($K$6:$K$426,$E$6:$E$426,$Q82,$C$6:$C$426,T$5,$A$6:$A$426,$P82) -> 0 | U82: =SUMIFS($K$6:$K$426,$E$6:$E$426,$Q82,$C$6:$C$426,U$5,$A$6:$A$426,$P82) -> 0 | V82: =SUMIFS($K$6:$K$426,$E$6:$E$426,$Q82,$C$6:$C$426,V$5,$A$6:$A$426,$P82) -> 0 | W82: =SUMIFS($K$6:$K$426,$E$6:$E$426,$Q82,$C$6:$C$426,W$5,$A$6:$A$426,$P82) -> 0 | X82: =SUMIFS($K$6:$K$426,$E$6:$E$426,$Q82,$C$6:$C$426,X$5,$A$6:$A$426,$P82) -> 0 | Y82: =SUMIFS($K$6:$K$426,$E$6:$E$426,$Q82,$C$6:$C$426,Y$5,$A$6:$A$426,$P82) -> 2 | Z82: =SUM(R82:Y82) -> 2
A83: =A82 -> GERAL | B83: =B82 -> 2° PAV. - ESTAC. 01 | C83: Exaustão forçada e renovação de ar (material) | D83: SEN-AP-CLI-BLA-002-R01.pdf | E83: Gabinete de ventilação, com filtro G4+M5, paineis isolados | F83: BERLINERLUFT | G83: BBT 250 | H83: 1 | I83: 1 | J83: 0 | K83: =(H83+J83*H83)*I83 -> 1 | L83: un | M83: =_xlfn.XLOOKUP($E80,PREÇO!$C$6:$C$89,PREÇO!$E$6:$E$89) -> #N/A | N83: =IF(SUM(H83:M83)=0,SUMIFS($N84:$N$759,$B84:$B$759,$B83,$A84:$A$759,$A83),K83*M83) -> #N/A | P83: GERAL | Q83: Caixa de filtro classe G4+M5 | R83: =SUMIFS($K$6:$K$426,$E$6:$E$426,$Q83,$C$6:$C$426,R$5,$A$6:$A$426,$P83) -> 0 | S83: =SUMIFS($K$6:$K$426,$E$6:$E$426,$Q83,$C$6:$C$426,S$5,$A$6:$A$426,$P83) -> 0 | T83: =SUMIFS($K$6:$K$426,$E$6:$E$426,$Q83,$C$6:$C$426,T$5,$A$6:$A$426,$P83) -> 0 | U83: =SUMIFS($K$6:$K$426,$E$6:$E$426,$Q83,$C$6:$C$426,U$5,$A$6:$A$426,$P83) -> 0 | V83: =SUMIFS($K$6:$K$426,$E$6:$E$426,$Q83,$C$6:$C$426,V$5,$A$6:$A$426,$P83) -> 0 | W83: =SUMIFS($K$6:$K$426,$E$6:$E$426,$Q83,$C$6:$C$426,W$5,$A$6:$A$426,$P83) -> 0 | X83: =SUMIFS($K$6:$K$426,$E$6:$E$426,$Q83,$C$6:$C$426,X$5,$A$6:$A$426,$P83) -> 0 | Y83: =SUMIFS($K$6:$K$426,$E$6:$E$426,$Q83,$C$6:$C$426,Y$5,$A$6:$A$426,$P83) -> 1 | Z83: =SUM(R83:Y83) -> 1
A84: =A83 -> GERAL | B84: =B83 -> 2° PAV. - ESTAC. 01 | C84: Exaustão forçada e renovação de ar (material) | D84: SEN-AP-CLI-BLA-002-R01.pdf | E84: Boca com regulador de vazão, em plástico ABS, diâmetro nominal de Ø100mm. | F84: Sicflux | G84: RVA 100 | H84: 4 | I84: 1 | J84: 0 | K84: =(H84+J84*H84)*I84 -> 4 | L84: un | M84: =_xlfn.XLOOKUP($E84,PREÇO!$C$6:$C$89,PREÇO!$E$6:$E$89) -> #N/A | N84: =IF(SUM(H84:M84)=0,SUMIFS($N85:$N$759,$B85:$B$759,$B84,$A85:$A$759,$A84),K84*M84) -> #N/A | P84: GERAL | Q84: Unidade condensadora de 22HP, linha VRV, Quente e Frio, descarga vertical com defletor para descarga horizontal. 409kg | R84: =SUMIFS($K$6:$K$426,$E$6:$E$426,$Q84,$C$6:$C$426,R$5,$A$6:$A$426,$P84) -> 0 | S84: =SUMIFS($K$6:$K$426,$E$6:$E$426,$Q84,$C$6:$C$426,S$5,$A$6:$A$426,$P84) -> 0 | T84: =SUMIFS($K$6:$K$426,$E$6:$E$426,$Q84,$C$6:$C$426,T$5,$A$6:$A$426,$P84) -> 0 | U84: =SUMIFS($K$6:$K$426,$E$6:$E$426,$Q84,$C$6:$C$426,U$5,$A$6:$A$426,$P84) -> 0 | V84: =SUMIFS($K$6:$K$426,$E$6:$E$426,$Q84,$C$6:$C$426,V$5,$A$6:$A$426,$P84) -> 0 | W84: =SUMIFS($K$6:$K$426,$E$6:$E$426,$Q84,$C$6:$C$426,W$5,$A$6:$A$426,$P84) -> 0 | X84: =SUMIFS($K$6:$K$426,$E$6:$E$426,$Q84,$C$6:$C$426,X$5,$A$6:$A$426,$P84) -> 0 | Y84: =SUMIFS($K$6:$K$426,$E$6:$E$426,$Q84,$C$6:$C$426,Y$5,$A$6:$A$426,$P84) -> 216 | Z84: =SUM(R84:Y84) -> 216
A85: =A84 -> GERAL | B85: =B84 -> 2° PAV. - ESTAC. 01 | C85: Exaustão forçada e renovação de ar (material) | D85: SEN-AP-CLI-BLA-002-R01.pdf | E85: Grelha redonda fixa com colarinho, em plástico ABS, colarinho de Ø100m. | F85: Sicflux | G85: S 100 | H85: 4 | I85: 1 | J85: 0 | K85: =(H85+J85*H85)*I85 -> 4 | L85: un | M85: =_xlfn.XLOOKUP($E81,PREÇO!$C$6:$C$89,PREÇO!$E$6:$E$89) -> #N/A | N85: =IF(SUM(H85:M85)=0,SUMIFS($N86:$N$759,$B86:$B$759,$B85,$A86:$A$759,$A85),K85*M85) -> #N/A | P85: GERAL | Q85: Unidade evaporadora tipo cassete 1 via, capacidade 15.400 Btu/h, linha VRV, ciclo Q/F. | R85: =SUMIFS($K$6:$K$426,$E$6:$E$426,$Q85,$C$6:$C$426,R$5,$A$6:$A$426,$P85) -> 0 | S85: =SUMIFS($K$6:$K$426,$E$6:$E$426,$Q85,$C$6:$C$426,S$5,$A$6:$A$426,$P85) -> 0 | T85: =SUMIFS($K$6:$K$426,$E$6:$E$426,$Q85,$C$6:$C$426,T$5,$A$6:$A$426,$P85) -> 0 | U85: =SUMIFS($K$6:$K$426,$E$6:$E$426,$Q85,$C$6:$C$426,U$5,$A$6:$A$426,$P85) -> 0 | V85: =SUMIFS($K$6:$K$426,$E$6:$E$426,$Q85,$C$6:$C$426,V$5,$A$6:$A$426,$P85) -> 0 | W85: =SUMIFS($K$6:$K$426,$E$6:$E$426,$Q85,$C$6:$C$426,W$5,$A$6:$A$426,$P85) -> 0 | X85: =SUMIFS($K$6:$K$426,$E$6:$E$426,$Q85,$C$6:$C$426,X$5,$A$6:$A$426,$P85) -> 0 | Y85: =SUMIFS($K$6:$K$426,$E$6:$E$426,$Q85,$C$6:$C$426,Y$5,$A$6:$A$426,$P85) -> 1904 | Z85: =SUM(R85:Y85) -> 1904
A86: =A85 -> GERAL | B86: =B85 -> 2° PAV. - ESTAC. 01 | C86: Exaustão forçada e renovação de ar (material) | D86: SEN-AP-CLI-BLA-002-R01.pdf | E86: Grelha metálica retangular, com registro de lâminas convergentes. | F86: TROX | G86: AT-AG/225x125 | H86: 5 | I86: 1 | J86: 0 | K86: =(H86+J86*H86)*I86 -> 5 | L86: un | M86: =_xlfn.XLOOKUP($E86,PREÇO!$C$6:$C$89,PREÇO!$E$6:$E$89) -> #N/A | N86: =IF(SUM(H86:M86)=0,SUMIFS($N87:$N$759,$B87:$B$759,$B86,$A87:$A$759,$A86),K86*M86) -> #N/A | P86: GERAL | Q86: Unidade evaporadora tipo cassete 1 via, capacidade 24.200 Btu/h, linha VRV, ciclo Q/F. | R86: =SUMIFS($K$6:$K$426,$E$6:$E$426,$Q86,$C$6:$C$426,R$5,$A$6:$A$426,$P86) -> 0 | S86: =SUMIFS($K$6:$K$426,$E$6:$E$426,$Q86,$C$6:$C$426,S$5,$A$6:$A$426,$P86) -> 0 | T86: =SUMIFS($K$6:$K$426,$E$6:$E$426,$Q86,$C$6:$C$426,T$5,$A$6:$A$426,$P86) -> 0 | U86: =SUMIFS($K$6:$K$426,$E$6:$E$426,$Q86,$C$6:$C$426,U$5,$A$6:$A$426,$P86) -> 0 | V86: =SUMIFS($K$6:$K$426,$E$6:$E$426,$Q86,$C$6:$C$426,V$5,$A$6:$A$426,$P86) -> 0 | W86: =SUMIFS($K$6:$K$426,$E$6:$E$426,$Q86,$C$6:$C$426,W$5,$A$6:$A$426,$P86) -> 0 | X86: =SUMIFS($K$6:$K$426,$E$6:$E$426,$Q86,$C$6:$C$426,X$5,$A$6:$A$426,$P86) -> 0 | Y86: =SUMIFS($K$6:$K$426,$E$6:$E$426,$Q86,$C$6:$C$426,Y$5,$A$6:$A$426,$P86) -> 1652 | Z86: =SUM(R86:Y86) -> 1652
A87: =A86 -> GERAL | B87: =B86 -> 2° PAV. - ESTAC. 01 | C87: Exaustão forçada e renovação de ar (material) | D87: SEN-AP-CLI-BLA-002-R01.pdf | E87: Grelha metálica retangular, com registro de lâminas convergentes. | F87: TROX | G87: AT-AG/225x165 | H87: 4 | I87: 1 | J87: 0 | K87: =(H87+J87*H87)*I87 -> 4 | L87: un | M87: =_xlfn.XLOOKUP($E82,PREÇO!$C$6:$C$89,PREÇO!$E$6:$E$89) -> #N/A | N87: =IF(SUM(H87:M87)=0,SUMIFS($N98:$N$759,$B98:$B$759,$B87,$A98:$A$759,$A87),K87*M87) -> #N/A | P87: GERAL | Q87: Unidade de tratamento de ar externo. Capacidade 30.700 Btu/h. Vazão 348 m³/h. | R87: =SUMIFS($K$6:$K$426,$E$6:$E$426,$Q87,$C$6:$C$426,R$5,$A$6:$A$426,$P87) -> 0 | S87: =SUMIFS($K$6:$K$426,$E$6:$E$426,$Q87,$C$6:$C$426,S$5,$A$6:$A$426,$P87) -> 0 | T87: =SUMIFS($K$6:$K$426,$E$6:$E$426,$Q87,$C$6:$C$426,T$5,$A$6:$A$426,$P87) -> 0 | U87: =SUMIFS($K$6:$K$426,$E$6:$E$426,$Q87,$C$6:$C$426,U$5,$A$6:$A$426,$P87) -> 0 | V87: =SUMIFS($K$6:$K$426,$E$6:$E$426,$Q87,$C$6:$C$426,V$5,$A$6:$A$426,$P87) -> 0 | W87: =SUMIFS($K$6:$K$426,$E$6:$E$426,$Q87,$C$6:$C$426,W$5,$A$6:$A$426,$P87) -> 0 | X87: =SUMIFS($K$6:$K$426,$E$6:$E$426,$Q87,$C$6:$C$426,X$5,$A$6:$A$426,$P87) -> 0 | Y87: =SUMIFS($K$6:$K$426,$E$6:$E$426,$Q87,$C$6:$C$426,Y$5,$A$6:$A$426,$P87) -> 334 | Z87: =SUM(R87:Y87) -> 334
A88: =A87 -> GERAL | B88: =B87 -> 2° PAV. - ESTAC. 01 | C88: Infraestrutura de climatização área comum (material) | D88: SEN-AP-CLI-103-G1-R01.pdf | E88: Unidade condensadora VRF de 4 HP, Só Frio, retangular de descarga horizontal. | F88: Daikin | G88: RXMQ4AVE | H88: 1 | I88: 1 | J88: 0 | K88: =(H88+J88*H88)*I88 -> 1 | L88: un | P88: GERAL | Q88: Unidade condensadora de 26HP, linha VRV, Quente e Frio, descarga vertical com defletor para descarga horizontal. 385kg | R88: =SUMIFS($K$6:$K$426,$E$6:$E$426,$Q88,$C$6:$C$426,R$5,$A$6:$A$426,$P88) -> 0 | S88: =SUMIFS($K$6:$K$426,$E$6:$E$426,$Q88,$C$6:$C$426,S$5,$A$6:$A$426,$P88) -> 0 | T88: =SUMIFS($K$6:$K$426,$E$6:$E$426,$Q88,$C$6:$C$426,T$5,$A$6:$A$426,$P88) -> 0 | U88: =SUMIFS($K$6:$K$426,$E$6:$E$426,$Q88,$C$6:$C$426,U$5,$A$6:$A$426,$P88) -> 0 | V88: =SUMIFS($K$6:$K$426,$E$6:$E$426,$Q88,$C$6:$C$426,V$5,$A$6:$A$426,$P88) -> 0 | W88: =SUMIFS($K$6:$K$426,$E$6:$E$426,$Q88,$C$6:$C$426,W$5,$A$6:$A$426,$P88) -> 0 | X88: =SUMIFS($K$6:$K$426,$E$6:$E$426,$Q88,$C$6:$C$426,X$5,$A$6:$A$426,$P88) -> 0 | Y88: =SUMIFS($K$6:$K$426,$E$6:$E$426,$Q88,$C$6:$C$426,Y$5,$A$6:$A$426,$P88) -> 118 | Z88: =SUM(R88:Y88) -> 118
A89: =A88 -> GERAL | B89: =B88 -> 2° PAV. - ESTAC. 01 | C89: Infraestrutura de climatização área comum (material) | D89: SEN-AP-CLI-103-G1-R01.pdf | E89: Unidade condensadora inverter Hi Wall 12.000 BTU/h, ciclo Q/F, peso 26kg. | H89: 1 | I89: 1 | J89: 0 | K89: =(H89+J89*H89)*I89 -> 1 | L89: un | P89: GERAL | Q89: Unidade evaporadora tipo cassete 1 via, capacidade 12.300Btu/h, linha VRV, ciclo Q/F. | R89: =SUMIFS($K$6:$K$426,$E$6:$E$426,$Q89,$C$6:$C$426,R$5,$A$6:$A$426,$P89) -> 0 | S89: =SUMIFS($K$6:$K$426,$E$6:$E$426,$Q89,$C$6:$C$426,S$5,$A$6:$A$426,$P89) -> 0 | T89: =SUMIFS($K$6:$K$426,$E$6:$E$426,$Q89,$C$6:$C$426,T$5,$A$6:$A$426,$P89) -> 0 | U89: =SUMIFS($K$6:$K$426,$E$6:$E$426,$Q89,$C$6:$C$426,U$5,$A$6:$A$426,$P89) -> 0 | V89: =SUMIFS($K$6:$K$426,$E$6:$E$426,$Q89,$C$6:$C$426,V$5,$A$6:$A$426,$P89) -> 0 | W89: =SUMIFS($K$6:$K$426,$E$6:$E$426,$Q89,$C$6:$C$426,W$5,$A$6:$A$426,$P89) -> 0 | X89: =SUMIFS($K$6:$K$426,$E$6:$E$426,$Q89,$C$6:$C$426,X$5,$A$6:$A$426,$P89) -> 0 | Y89: =SUMIFS($K$6:$K$426,$E$6:$E$426,$Q89,$C$6:$C$426,Y$5,$A$6:$A$426,$P89) -> 90 | Z89: =SUM(R89:Y89) -> 90
A90: =A89 -> GERAL | B90: =B89 -> 2° PAV. - ESTAC. 01 | C90: Infraestrutura de climatização área comum (material) | D90: SEN-AP-CLI-103-G1-R01.pdf | E90: Unidade evaporadora tipo cassete Round Flow, capacidade 38.200 Btu/h, linha VRV, ciclo Q/F. | F90: Daikin | G90: FXFQ100AVM | H90: 9 | I90: 1 | J90: 0 | K90: =(H90+J90*H90)*I90 -> 9 | L90: un | P90: GERAL | Q90: Unidade evaporadora tipo cassete 1 via, capacidade 19.100 Btu/h, linha VRV, ciclo Q/F. | R90: =SUMIFS($K$6:$K$426,$E$6:$E$426,$Q90,$C$6:$C$426,R$5,$A$6:$A$426,$P90) -> 0 | S90: =SUMIFS($K$6:$K$426,$E$6:$E$426,$Q90,$C$6:$C$426,S$5,$A$6:$A$426,$P90) -> 0 | T90: =SUMIFS($K$6:$K$426,$E$6:$E$426,$Q90,$C$6:$C$426,T$5,$A$6:$A$426,$P90) -> 0 | U90: =SUMIFS($K$6:$K$426,$E$6:$E$426,$Q90,$C$6:$C$426,U$5,$A$6:$A$426,$P90) -> 0 | V90: =SUMIFS($K$6:$K$426,$E$6:$E$426,$Q90,$C$6:$C$426,V$5,$A$6:$A$426,$P90) -> 0 | W90: =SUMIFS($K$6:$K$426,$E$6:$E$426,$Q90,$C$6:$C$426,W$5,$A$6:$A$426,$P90) -> 0 | X90: =SUMIFS($K$6:$K$426,$E$6:$E$426,$Q90,$C$6:$C$426,X$5,$A$6:$A$426,$P90) -> 0 | Y90: =SUMIFS($K$6:$K$426,$E$6:$E$426,$Q90,$C$6:$C$426,Y$5,$A$6:$A$426,$P90) -> 616 | Z90: =SUM(R90:Y90) -> 616
A91: =A90 -> GERAL | B91: =B90 -> 2° PAV. - ESTAC. 01 | C91: Infraestrutura de climatização área comum (material) | D91: SEN-AP-CLI-103-G1-R01.pdf | E91: Unidade evaporadora tipo cassete Round Flow, capacidade 47.800 Btu/h, linha VRV, ciclo Q/F. | F91: Daikin | G91: FXFQ125AVM | H91: 3 | I91: 1 | J91: 0 | K91: =(H91+J91*H91)*I91 -> 3 | L91: un | P91: GERAL | Q91: Desumidificador com controle de temperatura, purificador e renovação de ar | R91: =SUMIFS($K$6:$K$426,$E$6:$E$426,$Q91,$C$6:$C$426,R$5,$A$6:$A$426,$P91) -> 0 | S91: =SUMIFS($K$6:$K$426,$E$6:$E$426,$Q91,$C$6:$C$426,S$5,$A$6:$A$426,$P91) -> 0 | T91: =SUMIFS($K$6:$K$426,$E$6:$E$426,$Q91,$C$6:$C$426,T$5,$A$6:$A$426,$P91) -> 3 | U91: =SUMIFS($K$6:$K$426,$E$6:$E$426,$Q91,$C$6:$C$426,U$5,$A$6:$A$426,$P91) -> 0 | V91: =SUMIFS($K$6:$K$426,$E$6:$E$426,$Q91,$C$6:$C$426,V$5,$A$6:$A$426,$P91) -> 0 | W91: =SUMIFS($K$6:$K$426,$E$6:$E$426,$Q91,$C$6:$C$426,W$5,$A$6:$A$426,$P91) -> 3 | X91: =SUMIFS($K$6:$K$426,$E$6:$E$426,$Q91,$C$6:$C$426,X$5,$A$6:$A$426,$P91) -> 0 | Y91: =SUMIFS($K$6:$K$426,$E$6:$E$426,$Q91,$C$6:$C$426,Y$5,$A$6:$A$426,$P91) -> 0 | Z91: =SUM(R91:Y91) -> 6
A92: =A91 -> GERAL | B92: =B91 -> 2° PAV. - ESTAC. 01 | C92: Infraestrutura de climatização área comum (material) | D92: SEN-AP-CLI-103-G1-R01.pdf | E92: Unidade de processamento de ar externo, capacitade de 76.400 Btu/h, vazão de 1.680 m³/h. | F92: Daikin | G92: FXMQ72MFJVU | H92: 1 | I92: 1 | J92: 0 | K92: =(H92+J92*H92)*I92 -> 1 | L92: un | P92: GERAL | Q92: Ventilador helicocentrífugo, baixo nível de ruído, com elementos acústicos, junta de borracha na sucção e descarga. Alimentação elétrica 0,065kW/220V/1F/60Hz. | R92: =SUMIFS($K$6:$K$426,$E$6:$E$426,$Q92,$C$6:$C$426,R$5,$A$6:$A$426,$P92) -> 2 | S92: =SUMIFS($K$6:$K$426,$E$6:$E$426,$Q92,$C$6:$C$426,S$5,$A$6:$A$426,$P92) -> 0 | T92: =SUMIFS($K$6:$K$426,$E$6:$E$426,$Q92,$C$6:$C$426,T$5,$A$6:$A$426,$P92) -> 0 | U92: =SUMIFS($K$6:$K$426,$E$6:$E$426,$Q92,$C$6:$C$426,U$5,$A$6:$A$426,$P92) -> 0 | V92: =SUMIFS($K$6:$K$426,$E$6:$E$426,$Q92,$C$6:$C$426,V$5,$A$6:$A$426,$P92) -> 0 | W92: =SUMIFS($K$6:$K$426,$E$6:$E$426,$Q92,$C$6:$C$426,W$5,$A$6:$A$426,$P92) -> 0 | X92: =SUMIFS($K$6:$K$426,$E$6:$E$426,$Q92,$C$6:$C$426,X$5,$A$6:$A$426,$P92) -> 0 | Y92: =SUMIFS($K$6:$K$426,$E$6:$E$426,$Q92,$C$6:$C$426,Y$5,$A$6:$A$426,$P92) -> 0 | Z92: =SUM(R92:Y92) -> 2
A93: =A92 -> GERAL | B93: =B92 -> 2° PAV. - ESTAC. 01 | C93: Infraestrutura de climatização área comum (material) | D93: SEN-AP-CLI-103-G1-R01.pdf | E93: Gabinete de ventilação centrífugo com pás curvadas para trás iltro G4+M5. | F93: Berlinerluft | G93: BBL 225 LG180º | H93: 1 | I93: 1 | J93: 0 | K93: =(H93+J93*H93)*I93 -> 1 | L93: un | P93: GERAL | Q93: Ventilador helicocentrífugo, baixo nível de ruído, com elementos acústicos, junta de borracha na sucção e descarga. Alimentação elétrica 0,121kW/220V/1F/60Hz. | R93: =SUMIFS($K$6:$K$426,$E$6:$E$426,$Q93,$C$6:$C$426,R$5,$A$6:$A$426,$P93) -> 6 | S93: =SUMIFS($K$6:$K$426,$E$6:$E$426,$Q93,$C$6:$C$426,S$5,$A$6:$A$426,$P93) -> 0 | T93: =SUMIFS($K$6:$K$426,$E$6:$E$426,$Q93,$C$6:$C$426,T$5,$A$6:$A$426,$P93) -> 0 | U93: =SUMIFS($K$6:$K$426,$E$6:$E$426,$Q93,$C$6:$C$426,U$5,$A$6:$A$426,$P93) -> 0 | V93: =SUMIFS($K$6:$K$426,$E$6:$E$426,$Q93,$C$6:$C$426,V$5,$A$6:$A$426,$P93) -> 0 | W93: =SUMIFS($K$6:$K$426,$E$6:$E$426,$Q93,$C$6:$C$426,W$5,$A$6:$A$426,$P93) -> 0 | X93: =SUMIFS($K$6:$K$426,$E$6:$E$426,$Q93,$C$6:$C$426,X$5,$A$6:$A$426,$P93) -> 0 | Y93: =SUMIFS($K$6:$K$426,$E$6:$E$426,$Q93,$C$6:$C$426,Y$5,$A$6:$A$426,$P93) -> 0 | Z93: =SUM(R93:Y93) -> 6
A94: =A93 -> GERAL | B94: =B93 -> 2° PAV. - ESTAC. 01 | C94: Ventilação garagem (material) | D94: SEN-AP-CLI-103-G1-R01.pdf | E94: Ventilador axial com motor fora do eixo, rotor de 450 mm, vazão de 8.000 m³/h e pressão estática disponível de 15 mmca, 1150 RPM. | F94: Berlinerluft | G94: VHF-9-630 | H94: 1 | I94: 1 | J94: 0 | K94: =(H94+J94*H94)*I94 -> 1 | L94: un | P94: GERAL | Q94: Unidade condensadora, Desumidificador | R94: =SUMIFS($K$6:$K$426,$E$6:$E$426,$Q94,$C$6:$C$426,R$5,$A$6:$A$426,$P94) -> 0 | S94: =SUMIFS($K$6:$K$426,$E$6:$E$426,$Q94,$C$6:$C$426,S$5,$A$6:$A$426,$P94) -> 0 | T94: =SUMIFS($K$6:$K$426,$E$6:$E$426,$Q94,$C$6:$C$426,T$5,$A$6:$A$426,$P94) -> 3 | U94: =SUMIFS($K$6:$K$426,$E$6:$E$426,$Q94,$C$6:$C$426,U$5,$A$6:$A$426,$P94) -> 0 | V94: =SUMIFS($K$6:$K$426,$E$6:$E$426,$Q94,$C$6:$C$426,V$5,$A$6:$A$426,$P94) -> 0 | W94: =SUMIFS($K$6:$K$426,$E$6:$E$426,$Q94,$C$6:$C$426,W$5,$A$6:$A$426,$P94) -> 3 | X94: =SUMIFS($K$6:$K$426,$E$6:$E$426,$Q94,$C$6:$C$426,X$5,$A$6:$A$426,$P94) -> 0 | Y94: =SUMIFS($K$6:$K$426,$E$6:$E$426,$Q94,$C$6:$C$426,Y$5,$A$6:$A$426,$P94) -> 0 | Z94: =SUM(R94:Y94) -> 6
A95: =A94 -> GERAL | B95: =B94 -> 2° PAV. - ESTAC. 01 | C95: Ventilação garagem (material) | D95: SEN-AP-CLI-103-G1-R01.pdf | E95: Grelha metálica retangular, com registro de lâminas convergentes. | F95: TROX | G95: AH-0/AG/225x125 | H95: 1 | I95: 1 | J95: 0 | K95: =(H95+J95*H95)*I95 -> 1 | L95: un | P95: GERAL | Q95: Unidade Condensadora Linha VRV 6, Série R, Quente e Frio Simultaneo, 380V, 60Hz, 3F+N+T | R95: =SUMIFS($K$6:$K$426,$E$6:$E$426,$Q95,$C$6:$C$426,R$5,$A$6:$A$426,$P95) -> 0 | S95: =SUMIFS($K$6:$K$426,$E$6:$E$426,$Q95,$C$6:$C$426,S$5,$A$6:$A$426,$P95) -> 0 | T95: =SUMIFS($K$6:$K$426,$E$6:$E$426,$Q95,$C$6:$C$426,T$5,$A$6:$A$426,$P95) -> 0 | U95: =SUMIFS($K$6:$K$426,$E$6:$E$426,$Q95,$C$6:$C$426,U$5,$A$6:$A$426,$P95) -> 0 | V95: =SUMIFS($K$6:$K$426,$E$6:$E$426,$Q95,$C$6:$C$426,V$5,$A$6:$A$426,$P95) -> 0 | W95: =SUMIFS($K$6:$K$426,$E$6:$E$426,$Q95,$C$6:$C$426,W$5,$A$6:$A$426,$P95) -> 4 | X95: =SUMIFS($K$6:$K$426,$E$6:$E$426,$Q95,$C$6:$C$426,X$5,$A$6:$A$426,$P95) -> 0 | Y95: =SUMIFS($K$6:$K$426,$E$6:$E$426,$Q95,$C$6:$C$426,Y$5,$A$6:$A$426,$P95) -> 0 | Z95: =SUM(R95:Y95) -> 4
A96: =A95 -> GERAL | B96: =B95 -> 2° PAV. - ESTAC. 01 | C96: Ventilação garagem (material) | D96: SEN-AP-CLI-103-G1-R01.pdf | E96: Veneziana externa de alumínio com tela de insetos | F96: TROX | G96: AWG/985x825 | H96: 1 | I96: 1 | J96: 0 | K96: =(H96+J96*H96)*I96 -> 1 | L96: un | P96: GERAL | Q96: Unidade condensadora de 24HP, linha VRV, Quente e Frio, descarga vertical com defletor para descarga horizontal. 409kg | R96: =SUMIFS($K$6:$K$426,$E$6:$E$426,$Q96,$C$6:$C$426,R$5,$A$6:$A$426,$P96) -> 0 | S96: =SUMIFS($K$6:$K$426,$E$6:$E$426,$Q96,$C$6:$C$426,S$5,$A$6:$A$426,$P96) -> 0 | T96: =SUMIFS($K$6:$K$426,$E$6:$E$426,$Q96,$C$6:$C$426,T$5,$A$6:$A$426,$P96) -> 0 | U96: =SUMIFS($K$6:$K$426,$E$6:$E$426,$Q96,$C$6:$C$426,U$5,$A$6:$A$426,$P96) -> 0 | V96: =SUMIFS($K$6:$K$426,$E$6:$E$426,$Q96,$C$6:$C$426,V$5,$A$6:$A$426,$P96) -> 0 | W96: =SUMIFS($K$6:$K$426,$E$6:$E$426,$Q96,$C$6:$C$426,W$5,$A$6:$A$426,$P96) -> 4 | X96: =SUMIFS($K$6:$K$426,$E$6:$E$426,$Q96,$C$6:$C$426,X$5,$A$6:$A$426,$P96) -> 0 | Y96: =SUMIFS($K$6:$K$426,$E$6:$E$426,$Q96,$C$6:$C$426,Y$5,$A$6:$A$426,$P96) -> 0 | Z96: =SUM(R96:Y96) -> 4
A97: =A96 -> GERAL | B97: =B96 -> 2° PAV. - ESTAC. 01 | C97: Ventilação garagem (material) | D97: SEN-AP-CLI-103-G1-R01.pdf | E97: Grelha autofechante em plástico ABS com anti-UV, com colarinho de Ø150mm. | F97: Sicflux | G97: GVAF 150 | H97: 1 | I97: 1 | J97: 0 | K97: =(H97+J97*H97)*I97 -> 1 | L97: un | P97: GERAL | Q97: Unidade condensadora de 26HP, linha VRV, Quente e Frio, descarga vertical com defletor para descarga horizontal. 409kg | R97: =SUMIFS($K$6:$K$426,$E$6:$E$426,$Q97,$C$6:$C$426,R$5,$A$6:$A$426,$P97) -> 0 | S97: =SUMIFS($K$6:$K$426,$E$6:$E$426,$Q97,$C$6:$C$426,S$5,$A$6:$A$426,$P97) -> 0 | T97: =SUMIFS($K$6:$K$426,$E$6:$E$426,$Q97,$C$6:$C$426,T$5,$A$6:$A$426,$P97) -> 0 | U97: =SUMIFS($K$6:$K$426,$E$6:$E$426,$Q97,$C$6:$C$426,U$5,$A$6:$A$426,$P97) -> 0 | V97: =SUMIFS($K$6:$K$426,$E$6:$E$426,$Q97,$C$6:$C$426,V$5,$A$6:$A$426,$P97) -> 0 | W97: =SUMIFS($K$6:$K$426,$E$6:$E$426,$Q97,$C$6:$C$426,W$5,$A$6:$A$426,$P97) -> 2 | X97: =SUMIFS($K$6:$K$426,$E$6:$E$426,$Q97,$C$6:$C$426,X$5,$A$6:$A$426,$P97) -> 0 | Y97: =SUMIFS($K$6:$K$426,$E$6:$E$426,$Q97,$C$6:$C$426,Y$5,$A$6:$A$426,$P97) -> 0 | Z97: =SUM(R97:Y97) -> 2
A98: GERAL | B98: 3° PAV. - ESTAC. 02 | N98: =IF(SUM(H98:M98)=0,SUMIFS($N99:$N$759,$B99:$B$759,$B98,$A99:$A$759,$A98),K98*M98) -> #N/A | P98: GERAL | Q98: Unidade evaporadora tipo cassete Round Flow, capacidade 30.700 Btu/h, linha VRV. | R98: =SUMIFS($K$6:$K$426,$E$6:$E$426,$Q98,$C$6:$C$426,R$5,$A$6:$A$426,$P98) -> 0 | S98: =SUMIFS($K$6:$K$426,$E$6:$E$426,$Q98,$C$6:$C$426,S$5,$A$6:$A$426,$P98) -> 0 | T98: =SUMIFS($K$6:$K$426,$E$6:$E$426,$Q98,$C$6:$C$426,T$5,$A$6:$A$426,$P98) -> 0 | U98: =SUMIFS($K$6:$K$426,$E$6:$E$426,$Q98,$C$6:$C$426,U$5,$A$6:$A$426,$P98) -> 0 | V98: =SUMIFS($K$6:$K$426,$E$6:$E$426,$Q98,$C$6:$C$426,V$5,$A$6:$A$426,$P98) -> 0 | W98: =SUMIFS($K$6:$K$426,$E$6:$E$426,$Q98,$C$6:$C$426,W$5,$A$6:$A$426,$P98) -> 22 | X98: =SUMIFS($K$6:$K$426,$E$6:$E$426,$Q98,$C$6:$C$426,X$5,$A$6:$A$426,$P98) -> 0 | Y98: =SUMIFS($K$6:$K$426,$E$6:$E$426,$Q98,$C$6:$C$426,Y$5,$A$6:$A$426,$P98) -> 0 | Z98: =SUM(R98:Y98) -> 22
A99: =A98 -> GERAL | B99: =B98 -> 3° PAV. - ESTAC. 02 | C99: Ventilação garagem (material) | D99: SEN-AP-EXT-004-G02-R00.pdf | E99: Controlador com sensor de monóxido de carbono. Interligado por wifi integrado ao sistema de ventilação do subsolo. | F99: Storge | G99: STG02-MINI | H99: 48 | I99: 1 | J99: 0 | K99: =(H99+J99*H99)*I99 -> 48 | L99: un | M99: =_xlfn.XLOOKUP($E99,PREÇO!$C$6:$C$89,PREÇO!$E$6:$E$89) -> #N/A | N99: =IF(SUM(H99:M99)=0,SUMIFS($N100:$N$759,$B100:$B$759,$B99,$A100:$A$759,$A99),K99*M99) -> #N/A | P99: GERAL | Q99: Unidade condensadora de 18 HP, linha VRV, Quente e Frio, 317 kg. | R99: =SUMIFS($K$6:$K$426,$E$6:$E$426,$Q99,$C$6:$C$426,R$5,$A$6:$A$426,$P99) -> 0 | S99: =SUMIFS($K$6:$K$426,$E$6:$E$426,$Q99,$C$6:$C$426,S$5,$A$6:$A$426,$P99) -> 0 | T99: =SUMIFS($K$6:$K$426,$E$6:$E$426,$Q99,$C$6:$C$426,T$5,$A$6:$A$426,$P99) -> 0 | U99: =SUMIFS($K$6:$K$426,$E$6:$E$426,$Q99,$C$6:$C$426,U$5,$A$6:$A$426,$P99) -> 0 | V99: =SUMIFS($K$6:$K$426,$E$6:$E$426,$Q99,$C$6:$C$426,V$5,$A$6:$A$426,$P99) -> 0 | W99: =SUMIFS($K$6:$K$426,$E$6:$E$426,$Q99,$C$6:$C$426,W$5,$A$6:$A$426,$P99) -> 4 | X99: =SUMIFS($K$6:$K$426,$E$6:$E$426,$Q99,$C$6:$C$426,X$5,$A$6:$A$426,$P99) -> 0 | Y99: =SUMIFS($K$6:$K$426,$E$6:$E$426,$Q99,$C$6:$C$426,Y$5,$A$6:$A$426,$P99) -> 0 | Z99: =SUM(R99:Y99) -> 4
A100: =A99 -> GERAL | B100: =B99 -> 3° PAV. - ESTAC. 02 | C100: Ventilação garagem (material) | D100: SEN-AP-EXT-004-G02-R00.pdf | E100: Ventilador de indução direcionador de ar compacto com motor eletrônico, com drive STG02-DRV, comunicação por wifi integrado. | F100: Storge | G100: STG-SJF 3000EC | H100: 115 | I100: 1 | J100: 0 | K100: =(H100+J100*H100)*I100 -> 115 | L100: un | M100: =_xlfn.XLOOKUP($E100,PREÇO!$C$6:$C$89,PREÇO!$E$6:$E$89) -> #N/A | N100: =IF(SUM(H100:M100)=0,SUMIFS($N101:$N$759,$B101:$B$759,$B100,$A101:$A$759,$A100),K100*M100) -> #N/A | P100: GERAL | Q100: Unidade condensadora de 20 HP, linha VRV, Quente e Frio, 317 kg. | R100: =SUMIFS($K$6:$K$426,$E$6:$E$426,$Q100,$C$6:$C$426,R$5,$A$6:$A$426,$P100) -> 0 | S100: =SUMIFS($K$6:$K$426,$E$6:$E$426,$Q100,$C$6:$C$426,S$5,$A$6:$A$426,$P100) -> 0 | T100: =SUMIFS($K$6:$K$426,$E$6:$E$426,$Q100,$C$6:$C$426,T$5,$A$6:$A$426,$P100) -> 0 | U100: =SUMIFS($K$6:$K$426,$E$6:$E$426,$Q100,$C$6:$C$426,U$5,$A$6:$A$426,$P100) -> 0 | V100: =SUMIFS($K$6:$K$426,$E$6:$E$426,$Q100,$C$6:$C$426,V$5,$A$6:$A$426,$P100) -> 0 | W100: =SUMIFS($K$6:$K$426,$E$6:$E$426,$Q100,$C$6:$C$426,W$5,$A$6:$A$426,$P100) -> 4 | X100: =SUMIFS($K$6:$K$426,$E$6:$E$426,$Q100,$C$6:$C$426,X$5,$A$6:$A$426,$P100) -> 0 | Y100: =SUMIFS($K$6:$K$426,$E$6:$E$426,$Q100,$C$6:$C$426,Y$5,$A$6:$A$426,$P100) -> 0 | Z100: =SUM(R100:Y100) -> 4
A101: =A100 -> GERAL | B101: =B100 -> 3° PAV. - ESTAC. 02 | C101: Ventilação garagem (material) | D101: SEN-AP-EXT-004-G02-R00.pdf | E101: Ventilador tubo axial com motor eletrônico, vazão máxima de 11.000 m³/h, ruído máximo 76 dB(A) livre, com drive STG02-DRV, comunicação por wifi integrado. | F101: Storge | G101: STG-AFSW500 EC | H101: 10 | I101: 1 | J101: 0 | K101: =(H101+J101*H101)*I101 -> 10 | L101: un | M101: =_xlfn.XLOOKUP($E101,PREÇO!$C$6:$C$89,PREÇO!$E$6:$E$89) -> #N/A | N101: =IF(SUM(H101:M101)=0,SUMIFS($N102:$N$759,$B102:$B$759,$B101,$A102:$A$759,$A101),K101*M101) -> #N/A | U101: =SUMIFS($K$6:$K$426,$E$6:$E$426,$Q101,$C$6:$C$426,U$5,$A$6:$A$426,$P101) -> 0 | V101: =SUMIFS($K$6:$K$426,$E$6:$E$426,$Q101,$C$6:$C$426,V$5,$A$6:$A$426,$P101) -> 0 | W101: =SUMIFS($K$6:$K$426,$E$6:$E$426,$Q101,$C$6:$C$426,W$5,$A$6:$A$426,$P101) -> 0 | X101: =SUMIFS($K$6:$K$426,$E$6:$E$426,$Q101,$C$6:$C$426,X$5,$A$6:$A$426,$P101) -> 0 | Y101: =SUMIFS($K$6:$K$426,$E$6:$E$426,$Q101,$C$6:$C$426,Y$5,$A$6:$A$426,$P101) -> 0
A102: =A101 -> GERAL | B102: =B101 -> 3° PAV. - ESTAC. 02 | C102: Ventilação garagem (material) | D102: SEN-AP-EXT-004-G02-R00.pdf | E102: Ventilador tubo axial com motor eletrônico, vazão máxima de 19.300 m³/h, ruído máximo 81 dB(A) livre, com drive STG02-DRV, comunicação por wifi integrado. | F102: Storge | G102: STG-AFSW800 EC | H102: 12 | I102: 1 | J102: 0 | K102: =(H102+J102*H102)*I102 -> 12 | L102: un | M102: =_xlfn.XLOOKUP($E102,PREÇO!$C$6:$C$89,PREÇO!$E$6:$E$89) -> #N/A | N102: =IF(SUM(H102:M102)=0,SUMIFS($N103:$N$759,$B103:$B$759,$B102,$A103:$A$759,$A102),K102*M102) -> #N/A | R102: =SUM(R6:R101) -> 725 | S102: =SUM(S6:S101) -> 2227 | T102: =SUM(T6:T101) -> 6 | U102: =SUM(U6:U101) -> 1558 | V102: =SUM(V6:V101) -> 37 | W102: =SUM(W6:W101) -> 3831.2 | X102: =SUM(X6:X101) -> 4 | Y102: =SUM(Y6:Y101) -> 4937 | Z102: =SUM(Z6:Z101) -> 13325.2
A103: =A102 -> GERAL | B103: =B102 -> 3° PAV. - ESTAC. 02 | C103: Ventilação garagem (material) | D103: SEN-AP-CLI-BLA-003-R01.pdf | E103: Ventilador helicocentrífugo, baixo nível de ruído, com elementos acústicos, junta de borracha na sucção e descarga. | F103: Soler & Palau | G103: TD-160/100 N SILENT | H103: 4 | I103: 1 | J103: 0 | K103: =(H103+J103*H103)*I103 -> 4 | L103: un | M103: =_xlfn.XLOOKUP($E103,PREÇO!$C$6:$C$89,PREÇO!$E$6:$E$89) -> #N/A | N103: =IF(SUM(H103:M103)=0,SUMIFS($N104:$N$759,$B104:$B$759,$B103,$A104:$A$759,$A103),K103*M103) -> #N/A
A104: =A103 -> GERAL | B104: =B103 -> 3° PAV. - ESTAC. 02 | C104: Infraestrutura de climatização área comum (material) | D104: SEN-AP-CLI-BLA-003-R01.pdf | E104: Unidade condensadora linha VRV 6, Série R, Quente e Frio. | F104: Daikin | G104: REYQ26BYM | H104: 1 | I104: 1 | J104: 0 | K104: =(H104+J104*H104)*I104 -> 1 | L104: un | M104: =_xlfn.XLOOKUP($E104,PREÇO!$C$6:$C$89,PREÇO!$E$6:$E$89) -> #N/A | N104: =IF(SUM(H104:M104)=0,SUMIFS($N105:$N$759,$B105:$B$759,$B104,$A105:$A$759,$A104),K104*M104) -> #N/A
A105: =A104 -> GERAL | B105: =B104 -> 3° PAV. - ESTAC. 02 | C105: Infraestrutura de climatização área comum (material) | D105: SEN-AP-CLI-BLA-003-R01.pdf | E105: Unidade condensadora linha VRV 6, Série R, Quente e Frio. | F105: Daikin | G105: REYQ20BYM | H105: 1 | I105: 1 | J105: 0 | K105: =(H105+J105*H105)*I105 -> 1 | L105: un | M105: =_xlfn.XLOOKUP($E105,PREÇO!$C$6:$C$89,PREÇO!$E$6:$E$89) -> #N/A | N105: =IF(SUM(H105:M105)=0,SUMIFS($N106:$N$759,$B106:$B$759,$B105,$A106:$A$759,$A105),K105*M105) -> #N/A
A106: =A105 -> GERAL | B106: =B105 -> 3° PAV. - ESTAC. 02 | C106: Infraestrutura de climatização área comum (material) | D106: SEN-AP-CLI-BLA-003-R01.pdf | E106: Unidade evaporadora tipo Teto, capacidade 12.300 Btu/h, linha VRV, ciclo Q/F. | F106: Daikin | G106: FXHQ32MAVE | H106: 1 | I106: 1 | J106: 0 | K106: =(H106+J106*H106)*I106 -> 1 | L106: un | M106: =_xlfn.XLOOKUP($E106,PREÇO!$C$6:$C$89,PREÇO!$E$6:$E$89) -> #N/A | N106: =IF(SUM(H106:M106)=0,SUMIFS($N107:$N$759,$B107:$B$759,$B106,$A107:$A$759,$A106),K106*M106) -> #N/A
A107: =A106 -> GERAL | B107: =B106 -> 3° PAV. - ESTAC. 02 | C107: Infraestrutura de climatização área comum (material) | D107: SEN-AP-CLI-BLA-003-R01.pdf | E107: Unidade evaporadora tipo Teto, capacidade 24.200 Btu/h, linha VRV, ciclo Q/F. | F107: Daikin | G107: FXHQ63MAVE | H107: 1 | I107: 1 | J107: 0 | K107: =(H107+J107*H107)*I107 -> 1 | L107: un | M107: =_xlfn.XLOOKUP($E107,PREÇO!$C$6:$C$89,PREÇO!$E$6:$E$89) -> #N/A | N107: =IF(SUM(H107:M107)=0,SUMIFS($N108:$N$759,$B108:$B$759,$B107,$A108:$A$759,$A107),K107*M107) -> #N/A
A108: =A107 -> GERAL | B108: =B107 -> 3° PAV. - ESTAC. 02 | C108: Infraestrutura de climatização área comum (material) | D108: SEN-AP-CLI-BLA-003-R01.pdf | E108: Unidade evaporadora tipo Teto, capacidade 38.200 Btu/h, linha VRV, ciclo Q/F. | F108: Daikin | G108: FXHQ100MAVE | H108: 1 | I108: 1 | J108: 0 | K108: =(H108+J108*H108)*I108 -> 1 | L108: un | M108: =_xlfn.XLOOKUP($E108,PREÇO!$C$6:$C$89,PREÇO!$E$6:$E$89) -> #N/A | N108: =IF(SUM(H108:M108)=0,SUMIFS($N109:$N$759,$B109:$B$759,$B108,$A109:$A$759,$A108),K108*M108) -> #N/A
A109: =A108 -> GERAL | B109: =B108 -> 3° PAV. - ESTAC. 02 | C109: Infraestrutura de climatização área comum (material) | D109: SEN-AP-CLI-BLA-003-R01.pdf | E109: Unidade evaporadora tipo cassete Round Flow, capacidade 38.200 Btu/h, linha VRV, ciclo Q/F. | F109: Daikin | G109: FXFQ100AVM | H109: 3 | I109: 1 | J109: 0 | K109: =(H109+J109*H109)*I109 -> 3 | L109: un | M109: =_xlfn.XLOOKUP($E109,PREÇO!$C$6:$C$89,PREÇO!$E$6:$E$89) -> #N/A | N109: =IF(SUM(H109:M109)=0,SUMIFS($N110:$N$759,$B110:$B$759,$B109,$A110:$A$759,$A109),K109*M109) -> #N/A
A110: =A109 -> GERAL | B110: =B109 -> 3° PAV. - ESTAC. 02 | C110: Infraestrutura de climatização área comum (material) | D110: SEN-AP-CLI-BLA-003-R01.pdf | E110: Unidade evaporadora tipo cassete Round Flow, capacidade 47.800 Btu/h, linha VRV, ciclo Q/F. | F110: Daikin | G110: FXFQ125AVM | H110: 6 | I110: 1 | J110: 0 | K110: =(H110+J110*H110)*I110 -> 6 | L110: un | M110: =_xlfn.XLOOKUP($E110,PREÇO!$C$6:$C$89,PREÇO!$E$6:$E$89) -> #N/A | N110: =IF(SUM(H110:M110)=0,SUMIFS($N111:$N$759,$B111:$B$759,$B110,$A111:$A$759,$A110),K110*M110) -> #N/A
...

Sheet Planilha1
F1: Projeto
F2: Empresa
F3: Revisão
F5: GRUPO/EAP
F6: Ventilação garagem (material)
F7: Exaustão forçada e renovação de ar (material)
F8: Infraestrutura de climatização embasamento (material)
F9: Infraestrutura de climatização área comum (material)
F10: Exaustor para coifa
F11: Exaustão forçada - Ventokit apartamentos (material)
F12: Infraestrutura de climatização torre (material)
F13: Desumidificador (material
