Workbook

Sheet ORÇAMENTO_EXECUTIVO
A1: ETAPA | B1: VALOR ORÇADO | C1: % | D1: VALOR / m²
A2: GERENCIAMENTO TÉCNICO E ADMINISTRATIVO | B2: =[1]CAPA!$J52 -> 3441809.5 | C2: =B2/B$7 -> 0.34349254 | D2: =B2/ORÇAMENTO_EXECUTIVO!H$2 -> 658.67792 | G2: ÁREA CONSTRUÍDA | H2: =[1]CAPA!$C$10 -> 5225.33 | I2: m²
A3: MOVIMENTAÇÃO DE TERRA | B3: =[1]CAPA!$J53 -> 199250.14 | C3: =B3/B$7 -> 0.019885161 | D3: =B3/ORÇAMENTO_EXECUTIVO!H$2 -> 38.13159
A4: CONTENÇÃO | B4: =[1]CAPA!$J54 -> 978441.43 | C4: =B4/B$7 -> 0.097648441 | D4: =B4/ORÇAMENTO_EXECUTIVO!H$2 -> 187.24969
A5: INFRAESTRUTURA | B5: =[1]CAPA!$J55 -> 1231038 | C5: =B5/B$7 -> 0.12285757 | D5: =B5/ORÇAMENTO_EXECUTIVO!H$2 -> 235.59047
A6: SUPRAESTRUTURA | B6: =[1]CAPA!$J56 -> 4169502.5 | C6: =B6/B$7 -> 0.41611629 | D6: =B6/ORÇAMENTO_EXECUTIVO!H$2 -> 797.94052
A7: TOTAL | B7: =SUM(B2:B6) -> 10020042 | C7: =SUM(C2:C6) -> 1 | D7: =SUM(D2:D6) -> 1917.5902
A8: CUB/SC | B8: 3008.84 | C8: 45992 | D8: =+D7/B8 -> 0.63731876

Sheet ANÁLISE_CUSTOS
A1: ETAPA | B1: GRAN ROYAL | D1: OBRAS DE REFERÊNICA
B2: VALOR | C2: VALOR / m² | D2: VALOR / m²
A3: =ORÇAMENTO_EXECUTIVO!A2 -> GERENCIAMENTO TÉCNICO E ADMINISTRATIVO | B3: =ORÇAMENTO_EXECUTIVO!B2 -> 3441809.5 | C3: =B3/ORÇAMENTO_EXECUTIVO!$H$2 -> 658.67792 | D3: =FIXED(CÁLCULO_MÉDIAS!T8,2,FALSE)&" "&"-"&FIXED(CÁLCULO_MÉDIAS!U8,2,FALSE) -> 450,00 -570,00 | E3: Mini-grua que o gran towe não tinha, sem equipe de apoio (grande equipe de apoio)
A4: =ORÇAMENTO_EXECUTIVO!A3 -> MOVIMENTAÇÃO DE TERRA | B4: =ORÇAMENTO_EXECUTIVO!B3 -> 199250.14 | C4: =B4/ORÇAMENTO_EXECUTIVO!$H$2 -> 38.13159 | D4: =FIXED(CÁLCULO_MÉDIAS!T9,2,FALSE)&" "&"-"&FIXED(CÁLCULO_MÉDIAS!U9,2,FALSE) -> 35,00 -65,00
A5: =ORÇAMENTO_EXECUTIVO!A5 -> INFRAESTRUTURA | B5: =ORÇAMENTO_EXECUTIVO!B5+ORÇAMENTO_EXECUTIVO!B4 -> 2209479.4 | C5: =B5/ORÇAMENTO_EXECUTIVO!$H$2 -> 422.84017 | D5: =FIXED(CÁLCULO_MÉDIAS!T10,2,FALSE)&" "&"-"&FIXED(CÁLCULO_MÉDIAS!U10,2,FALSE) -> 350,00 -460,00
A6: =ORÇAMENTO_EXECUTIVO!A6 -> SUPRAESTRUTURA | B6: =ORÇAMENTO_EXECUTIVO!B6 -> 4169502.5 | C6: =B6/ORÇAMENTO_EXECUTIVO!$H$2 -> 797.94052 | D6: =FIXED(CÁLCULO_MÉDIAS!T11,2,FALSE)&" "&"-"&FIXED(CÁLCULO_MÉDIAS!U11,2,FALSE) -> 660,00 -760,00 | E6: protensão
A7: TOTAL | B7: =SUM(B3:B6) -> 10020042 | C7: =SUM(C3:C6) -> 1917.5902 | D7: =FIXED(CÁLCULO_MÉDIAS!T24,2,FALSE)&" "&"-"&FIXED(CÁLCULO_MÉDIAS!U24,2,FALSE) -> 3.080,00 -3.900,00
B11: 2007.57
B12: 2461.35
B13: =B12/B11 -> 1.2260345
C16: 1.1023
A18: 900,00 - 1100 | B18: 900
A19: 25,00 - 30,00 | B19: 25
A20: 15,00 - 22,00 | B20: 15
A21: 150,00 - 200,00 | B21: 150
A22: 440,00 - 510,00 | B22: 440
A23: -
A24: 55,00 - 70,00 | B24: 55
A25: 170,00 - 200,00 | B25: 170
A26: 165,00 - 230,00 | B26: 165
A27: 40,00 - 70,00 | B27: 40
A28: 55,00 - 77,00 | B28: 55
A29: 35,00 - 50,00 | B29: 35
A30: 130,00 - 175,00 | B30: 130
A31: 35,00 - 65,00 | B31: 35
A32: 35,00 - 55,00 | B32: 35
A33: 430,00 - 550,00 | B33: 430
A34: 35,00 - 50,00 | B34: 35
A35: 150,00 - 220,00 | B35: 150

Sheet CONTRUTORA
A1: ETAPA | B1: GRAN ROYAL | D1: GRAN TOWER | F1: GRAN TOWER INDEXADO | H1: DIFERENÇA
B2: VALOR | C2: VALOR / m² | D2: VALOR | E2: VALOR / m² | F2: VALOR | G2: VALOR / m² | H2: VALOR | I2: VALOR / m²
A3: =ORÇAMENTO_EXECUTIVO!A2 -> GERENCIAMENTO TÉCNICO E ADMINISTRATIVO | B3: =ORÇAMENTO_EXECUTIVO!B2 -> 3441809.5 | C3: =B3/ORÇAMENTO_EXECUTIVO!$H$2 -> 658.67792 | D3: =[2]ORÇAMENTO_EXECUTIVO!$B$2 -> 2384931.9 | E3: =[2]ORÇAMENTO_EXECUTIVO!$D$2 -> 381.86527 | F3: =D3*($B$8/$D$8) -> 2568988.5 | G3: =E3*($B$8/$D$8) -> 411.33563 | H3: =B3-F3 -> 872821.01 | I3: =C3-G3 -> 247.34228 | J3: Mini-grua que o gran towe não tinha, sem equipe de apoio (grande equipe de apoio)
A4: =ORÇAMENTO_EXECUTIVO!A3 -> MOVIMENTAÇÃO DE TERRA | B4: =ORÇAMENTO_EXECUTIVO!B3 -> 199250.14 | C4: =B4/ORÇAMENTO_EXECUTIVO!$H$2 -> 38.13159 | D4: =[2]ORÇAMENTO_EXECUTIVO!$B$3 -> 230869.63 | E4: =[2]ORÇAMENTO_EXECUTIVO!$D$3 -> 36.965875 | F4: =D4*($B$8/$D$8) -> 248686.94 | G4: =E4*($B$8/$D$8) -> 39.818708 | H4: =B4-F4 -> -49436.802 | I4: =C4-G4 -> -1.6871178
A5: =ORÇAMENTO_EXECUTIVO!A5 -> INFRAESTRUTURA | B5: =ORÇAMENTO_EXECUTIVO!B5+ORÇAMENTO_EXECUTIVO!B4 -> 2209479.4 | C5: =B5/ORÇAMENTO_EXECUTIVO!$H$2 -> 422.84017 | D5: =[2]ORÇAMENTO_EXECUTIVO!$B$4 -> 933522.84 | E5: =[2]ORÇAMENTO_EXECUTIVO!$D$4 -> 149.47175 | F5: =D5*($B$8/$D$8) -> 1005567.3 | G5: =E5*($B$8/$D$8) -> 161.0072 | H5: =B5-F5 -> 1203912.1 | I5: =C5-G5 -> 261.83296 | J5: Contneção
A6: =ORÇAMENTO_EXECUTIVO!A6 -> SUPRAESTRUTURA | B6: =ORÇAMENTO_EXECUTIVO!B6 -> 4169502.5 | C6: =B6/ORÇAMENTO_EXECUTIVO!$H$2 -> 797.94052 | D6: =[2]ORÇAMENTO_EXECUTIVO!$B$5 -> 4384787.1 | E6: =[2]ORÇAMENTO_EXECUTIVO!$D$5 -> 702.07367 | F6: =D6*($B$8/$D$8) -> 4723182.1 | G6: =E6*($B$8/$D$8) -> 756.25606 | H6: =B6-F6 -> -553679.55 | I6: =C6-G6 -> 41.684462
A7: TOTAL | B7: =SUM(B3:B6) -> 10020042 | C7: =SUM(C3:C6) -> 1917.5902 | D7: =SUM(D3:D6) -> 7934111.4 | E7: =SUM(E3:E6) -> 1270.3766 | F7: =SUM(F3:F6) -> 8546424.8 | G7: =SUM(G3:G6) -> 1368.4176 | H7: =SUM(H3:H6) -> 1473616.8 | I7: =SUM(I3:I6) -> 549.17259
A8: CUB/SC | B8: 3008.84 | C8: 45992 | D8: 2793.27 | E8: 45474 | F8: 2793.27 | G8: 45474
B11: 2007.57 | D11: 2007.57 | F11: 2007.57
B12: 2461.35 | D12: 2461.35 | F12: 2461.35
B13: =B12/B11 -> 1.2260345 | D13: =D12/D11 -> 1.2260345 | F13: =F12/F11 -> 1.2260345
C16: 1.1023 | E16: 1.1023 | G16: 1.1023
A18: 900,00 - 1100 | B18: 900 | D18: 900 | F18: 900
A19: 25,00 - 30,00 | B19: 25 | D19: 25 | F19: 25
A20: 15,00 - 22,00 | B20: 15 | D20: 15 | F20: 15
A21: 150,00 - 200,00 | B21: 150 | D21: 150 | F21: 150
A22: 440,00 - 510,00 | B22: 440 | D22: 440 | F22: 440
A23: -
A24: 55,00 - 70,00 | B24: 55 | D24: 55 | F24: 55
A25: 170,00 - 200,00 | B25: 170 | D25: 170 | F25: 170
A26: 165,00 - 230,00 | B26: 165 | D26: 165 | F26: 165
A27: 40,00 - 70,00 | B27: 40 | D27: 40 | F27: 40
A28: 55,00 - 77,00 | B28: 55 | D28: 55 | F28: 55
A29: 35,00 - 50,00 | B29: 35 | D29: 35 | F29: 35
A30: 130,00 - 175,00 | B30: 130 | D30: 130 | F30: 130
A31: 35,00 - 65,00 | B31: 35 | D31: 35 | F31: 35
A32: 35,00 - 55,00 | B32: 35 | D32: 35 | F32: 35
A33: 430,00 - 550,00 | B33: 430 | D33: 430 | F33: 430
A34: 35,00 - 50,00 | B34: 35 | D34: 35 | F34: 35
A35: 150,00 - 220,00 | B35: 150 | D35: 150 | F35: 150

Sheet CÁLCULO_MÉDIAS
C3: DATA BASE | D3: 44896 | E3: DATA BASE | F3: 45108 | G3: DATA BASE | H3: 45383 | I3: DATA BASE | J3: 45444 | K3: DATA BASE | L3: 45139 | M3: DATA BASE | N3: 45839 | O3: DATA BASE | P3: 44805 | Q3: DATA BASE | R3: 45748
C4: CUB | D4: 2651.17 | E4: CUB | F4: 2747.9 | G4: CUB | H4: 2757.56 | I4: CUB | J4: 2793.27 | K4: CUB | L4: 2750.52 | M4: CUB | N4: 2965.54 | O4: CUB | P4: 2623.42 | Q4: CUB | R4: 2916.12
C6: ÁGUAS DE MARÇO - INBRASUL | E6: MAIORI - AMALFI | G6: GRAN TORINO - MABREM | I6: GRAN TOWER | K6: MARINE - AMALFI | M6: PLANN - ATRIUM | O6: HOLZE - NOUVE | Q6: PASSE - PASSIONE | T6: MÉDIAS
C7: VALOR / M2 | D7: INDEXADO | E7: VALOR / M2 | F7: INDEXADO | G7: VALOR / M2 | H7: INDEXADO | I7: VALOR / M2 | J7: INDEXADO | K7: VALOR / M2 | L7: INDEXADO | M7: VALOR / M2 | N7: INDEXADO | O7: VALOR / M2 | P7: INDEXADO | Q7: VALOR / M2 | R7: INDEXADO | T7: MÍNIMA | U7: MÁXIMA
B8: GERENCIAMENTO TECNICO E ADMINISTRATIVO | C8: 1198.23 | D8: =ORÇAMENTO_EXECUTIVO!$B$8/CÁLCULO_MÉDIAS!D$4*C8 -> 1359.8835 | E8: 419.37 | F8: =ORÇAMENTO_EXECUTIVO!$B$8/CÁLCULO_MÉDIAS!F$4*E8 -> 459.19329 | G8: 336.4 | H8: =ORÇAMENTO_EXECUTIVO!$B$8/CÁLCULO_MÉDIAS!H$4*G8 -> 367.05413 | I8: 381.86527 | J8: =ORÇAMENTO_EXECUTIVO!$B$8/CÁLCULO_MÉDIAS!J$4*I8 -> 411.33563 | K8: 521.7077 | L8: =ORÇAMENTO_EXECUTIVO!$B$8/CÁLCULO_MÉDIAS!L$4*K8 -> 570.70481 | M8: 552.082 | N8: =ORÇAMENTO_EXECUTIVO!$B$8/CÁLCULO_MÉDIAS!N$4*M8 -> 560.14298 | O8: 487.93175 | P8: =ORÇAMENTO_EXECUTIVO!$B$8/CÁLCULO_MÉDIAS!P$4*O8 -> 559.61628 | Q8: 681.68055 | R8: =ORÇAMENTO_EXECUTIVO!$B$8/CÁLCULO_MÉDIAS!R$4*Q8 -> 703.35504 | T8: 450 | U8: 570
B9: MOVIMENTAÇÃO DE TERRA | C9: 5.17 | D9: =ORÇAMENTO_EXECUTIVO!$B$8/CÁLCULO_MÉDIAS!D$4*C9 -> 5.867486 | E9: 7.37 | F9: =ORÇAMENTO_EXECUTIVO!$B$8/CÁLCULO_MÉDIAS!F$4*E9 -> 8.0698536 | G9: 0 | H9: =ORÇAMENTO_EXECUTIVO!$B$8/CÁLCULO_MÉDIAS!H$4*G9 -> 0 | I9: 36.965875 | J9: =ORÇAMENTO_EXECUTIVO!$B$8/CÁLCULO_MÉDIAS!J$4*I9 -> 39.818708 | K9: 16.838659 | L9: =ORÇAMENTO_EXECUTIVO!$B$8/CÁLCULO_MÉDIAS!L$4*K9 -> 18.420091 | M9: 28.519929 | N9: =ORÇAMENTO_EXECUTIVO!$B$8/CÁLCULO_MÉDIAS!N$4*M9 -> 28.93635 | O9: 12.078623 | P9: =ORÇAMENTO_EXECUTIVO!$B$8/CÁLCULO_MÉDIAS!P$4*O9 -> 13.853154 | Q9: 30.749636 | R9: =ORÇAMENTO_EXECUTIVO!$B$8/CÁLCULO_MÉDIAS!R$4*Q9 -> 31.727341 | T9: 35 | U9: 65
B10: INFRAESTRUTURA | C10: 144.25 | D10: =ORÇAMENTO_EXECUTIVO!$B$8/CÁLCULO_MÉDIAS!D$4*C10 -> 163.7108 | E10: 183.12 | F10: =ORÇAMENTO_EXECUTIVO!$B$8/CÁLCULO_MÉDIAS!F$4*E10 -> 200.50904 | G10: 162.9 | H10: =ORÇAMENTO_EXECUTIVO!$B$8/CÁLCULO_MÉDIAS!H$4*G10 -> 177.74411 | I10: 149.47175 | J10: =ORÇAMENTO_EXECUTIVO!$B$8/CÁLCULO_MÉDIAS!J$4*I10 -> 161.0072 | K10: 343.98464 | L10: =ORÇAMENTO_EXECUTIVO!$B$8/CÁLCULO_MÉDIAS!L$4*K10 -> 376.29057 | M10: 181.42357 | N10: =ORÇAMENTO_EXECUTIVO!$B$8/CÁLCULO_MÉDIAS!N$4*M10 -> 184.07254 | O10: 157.74779 | P10: =ORÇAMENTO_EXECUTIVO!$B$8/CÁLCULO_MÉDIAS!P$4*O10 -> 180.92332 | Q10: 244.62391 | R10: =ORÇAMENTO_EXECUTIVO!$B$8/CÁLCULO_MÉDIAS!R$4*Q10 -> 252.40189 | T10: =190+160 -> 350 | U10: =250+210 -> 460
B11: SUPRAESTRUTURA | C11: 613.07 | D11: =ORÇAMENTO_EXECUTIVO!$B$8/CÁLCULO_MÉDIAS!D$4*C11 -> 695.77943 | E11: 693.61 | F11: =ORÇAMENTO_EXECUTIVO!$B$8/CÁLCULO_MÉDIAS!F$4*E11 -> 759.47506 | G11: 655 | H11: =ORÇAMENTO_EXECUTIVO!$B$8/CÁLCULO_MÉDIAS!H$4*G11 -> 714.68624 | I11: 702.07367 | J11: =ORÇAMENTO_EXECUTIVO!$B$8/CÁLCULO_MÉDIAS!J$4*I11 -> 756.25606 | K11: 475.7412 | L11: =ORÇAMENTO_EXECUTIVO!$B$8/CÁLCULO_MÉDIAS!L$4*K11 -> 520.42129 | M11: 615.93976 | N11: =ORÇAMENTO_EXECUTIVO!$B$8/CÁLCULO_MÉDIAS!N$4*M11 -> 624.93312 | O11: 578.45426 | P11: =ORÇAMENTO_EXECUTIVO!$B$8/CÁLCULO_MÉDIAS!P$4*O11 -> 663.43792 | Q11: 641.05176 | R11: =ORÇAMENTO_EXECUTIVO!$B$8/CÁLCULO_MÉDIAS!R$4*Q11 -> 661.43443 | T11: 660 | U11: 760
B12: ALVENARIA | C12: 129.07 | D12: =ORÇAMENTO_EXECUTIVO!$B$8/CÁLCULO_MÉDIAS!D$4*C12 -> 146.48287 | E12: 124 | F12: =ORÇAMENTO_EXECUTIVO!$B$8/CÁLCULO_MÉDIAS!F$4*E12 -> 135.77501 | G12: 122.73 | H12: =ORÇAMENTO_EXECUTIVO!$B$8/CÁLCULO_MÉDIAS!H$4*G12 -> 133.91365 | I12: 138.28094 | J12: =ORÇAMENTO_EXECUTIVO!$B$8/CÁLCULO_MÉDIAS!J$4*I12 -> 148.95274 | K12: 115.25458 | L12: =ORÇAMENTO_EXECUTIVO!$B$8/CÁLCULO_MÉDIAS!L$4*K12 -> 126.07892 | M12: 171.30843 | N12: =ORÇAMENTO_EXECUTIVO!$B$8/CÁLCULO_MÉDIAS!N$4*M12 -> 173.80971 | O12: 112.59325 | P12: =ORÇAMENTO_EXECUTIVO!$B$8/CÁLCULO_MÉDIAS!P$4*O12 -> 129.13489 | R12: =ORÇAMENTO_EXECUTIVO!$B$8/CÁLCULO_MÉDIAS!R$4*Q12 -> 0 | T12: 120 | U12: 135
B13: INSTALAÇÕES ELÉTRICAS, HIDRÁULICAS, GLP E PREVENTIVAS | C13: 273.65 | D13: =ORÇAMENTO_EXECUTIVO!$B$8/CÁLCULO_MÉDIAS!D$4*C13 -> 310.56819 | E13: 304.39 | F13: =ORÇAMENTO_EXECUTIVO!$B$8/CÁLCULO_MÉDIAS!F$4*E13 -> 333.29481 | G13: 346.19 | H13: =ORÇAMENTO_EXECUTIVO!$B$8/CÁLCULO_MÉDIAS!H$4*G13 -> 377.73623 | I13: 309.87918 | J13: =ORÇAMENTO_EXECUTIVO!$B$8/CÁLCULO_MÉDIAS!J$4*I13 -> 333.79404 | K13: 302.34998 | L13: =ORÇAMENTO_EXECUTIVO!$B$8/CÁLCULO_MÉDIAS!L$4*K13 -> 330.74572 | M13: 393.81 | N13: =ORÇAMENTO_EXECUTIVO!$B$8/CÁLCULO_MÉDIAS!N$4*M13 -> 399.56004 | O13: 240.74097 | P13: =ORÇAMENTO_EXECUTIVO!$B$8/CÁLCULO_MÉDIAS!P$4*O13 -> 276.10945 | R13: =ORÇAMENTO_EXECUTIVO!$B$8/CÁLCULO_MÉDIAS!R$4*Q13 -> 0 | T13: 270 | U13: 365
B14: EQUIPAMENTOS E SISTEMAS ESPECIAIS | C14: 131.86 | D14: =ORÇAMENTO_EXECUTIVO!$B$8/CÁLCULO_MÉDIAS!D$4*C14 -> 149.64927 | E14: 149.47 | F14: =ORÇAMENTO_EXECUTIVO!$B$8/CÁLCULO_MÉDIAS!F$4*E14 -> 163.66364 | G14: 163.3 | H14: =ORÇAMENTO_EXECUTIVO!$B$8/CÁLCULO_MÉDIAS!H$4*G14 -> 178.18056 | I14: 224.9132 | J14: =ORÇAMENTO_EXECUTIVO!$B$8/CÁLCULO_MÉDIAS!J$4*I14 -> 242.27083 | K14: 169.40435 | L14: =ORÇAMENTO_EXECUTIVO!$B$8/CÁLCULO_MÉDIAS!L$4*K14 -> 185.31426 | M14: 204.04 | N14: =ORÇAMENTO_EXECUTIVO!$B$8/CÁLCULO_MÉDIAS!N$4*M14 -> 207.0192 | O14: 244.07509 | P14: =ORÇAMENTO_EXECUTIVO!$B$8/CÁLCULO_MÉDIAS!P$4*O14 -> 279.9334 | R14: =ORÇAMENTO_EXECUTIVO!$B$8/CÁLCULO_MÉDIAS!R$4*Q14 -> 0 | T14: 140 | U14: 170
B15: IMPERMEABILIZAÇÃO | C15: 41.71 | D15: =ORÇAMENTO_EXECUTIVO!$B$8/CÁLCULO_MÉDIAS!D$4*C15 -> 47.337106 | E15: 74.34 | F15: =ORÇAMENTO_EXECUTIVO!$B$8/CÁLCULO_MÉDIAS!F$4*E15 -> 81.399311 | G15: 43.36 | H15: =ORÇAMENTO_EXECUTIVO!$B$8/CÁLCULO_MÉDIAS!H$4*G15 -> 47.311138 | I15: 67.249425 | J15: =ORÇAMENTO_EXECUTIVO!$B$8/CÁLCULO_MÉDIAS!J$4*I15 -> 72.439385 | K15: 65.362085 | L15: =ORÇAMENTO_EXECUTIVO!$B$8/CÁLCULO_MÉDIAS!L$4*K15 -> 71.500682 | M15: 70.908491 | N15: =ORÇAMENTO_EXECUTIVO!$B$8/CÁLCULO_MÉDIAS!N$4*M15 -> 71.943829 | O15: 45.575749 | P15: =ORÇAMENTO_EXECUTIVO!$B$8/CÁLCULO_MÉDIAS!P$4*O15 -> 52.271514 | R15: =ORÇAMENTO_EXECUTIVO!$B$8/CÁLCULO_MÉDIAS!R$4*Q15 -> 0 | T15: 45 | U15: 80
B16: REVESTIMENTOS INTERNOS EM PISO E PAREDE | C16: 159.86 | D16: =ORÇAMENTO_EXECUTIVO!$B$8/CÁLCULO_MÉDIAS!D$4*C16 -> 181.42675 | E16: 190.23 | F16: =ORÇAMENTO_EXECUTIVO!$B$8/CÁLCULO_MÉDIAS!F$4*E16 -> 208.2942 | G16: 146.21 | H16: =ORÇAMENTO_EXECUTIVO!$B$8/CÁLCULO_MÉDIAS!H$4*G16 -> 159.53325 | I16: 164.93295 | J16: =ORÇAMENTO_EXECUTIVO!$B$8/CÁLCULO_MÉDIAS!J$4*I16 -> 177.66161 | K16: 160.86774 | L16: =ORÇAMENTO_EXECUTIVO!$B$8/CÁLCULO_MÉDIAS!L$4*K16 -> 175.97592 | M16: 185.15 | N16: =ORÇAMENTO_EXECUTIVO!$B$8/CÁLCULO_MÉDIAS!N$4*M16 -> 187.85338 | O16: 177.78961 | P16: =ORÇAMENTO_EXECUTIVO!$B$8/CÁLCULO_MÉDIAS!P$4*O16 -> 203.90958 | R16: =ORÇAMENTO_EXECUTIVO!$B$8/CÁLCULO_MÉDIAS!R$4*Q16 -> 0 | T16: 145 | U16: 190
B17: REVESTIMENTOS E ACABAMENTOS INTERNOS EM TETO | C17: 68.43 | D17: =ORÇAMENTO_EXECUTIVO!$B$8/CÁLCULO_MÉDIAS!D$4*C17 -> 77.661908 | E17: 54.57 | F17: =ORÇAMENTO_EXECUTIVO!$B$8/CÁLCULO_MÉDIAS!F$4*E17 -> 59.751956 | G17: 60.1 | H17: =ORÇAMENTO_EXECUTIVO!$B$8/CÁLCULO_MÉDIAS!H$4*G17 -> 65.576555 | I17: 55.140819 | J17: =ORÇAMENTO_EXECUTIVO!$B$8/CÁLCULO_MÉDIAS!J$4*I17 -> 59.396299 | K17: 41.375514 | L17: =ORÇAMENTO_EXECUTIVO!$B$8/CÁLCULO_MÉDIAS!L$4*K17 -> 45.261369 | M17: 72.414536 | N17: =ORÇAMENTO_EXECUTIVO!$B$8/CÁLCULO_MÉDIAS!N$4*M17 -> 73.471865 | O17: 48.608027 | P17: =ORÇAMENTO_EXECUTIVO!$B$8/CÁLCULO_MÉDIAS!P$4*O17 -> 55.74928 | R17: =ORÇAMENTO_EXECUTIVO!$B$8/CÁLCULO_MÉDIAS!R$4*Q17 -> 0 | T17: 55 | U17: 70
B18: ACABAMENTOS EM PISO E PAREDE | C18: 199.49 | D18: =ORÇAMENTO_EXECUTIVO!$B$8/CÁLCULO_MÉDIAS!D$4*C18 -> 226.40325 | E18: 167.8 | F18: =ORÇAMENTO_EXECUTIVO!$B$8/CÁLCULO_MÉDIAS!F$4*E18 -> 183.73425 | G18: 153.35 | H18: =ORÇAMENTO_EXECUTIVO!$B$8/CÁLCULO_MÉDIAS!H$4*G18 -> 167.32387 | I18: 222.33111 | J18: =ORÇAMENTO_EXECUTIVO!$B$8/CÁLCULO_MÉDIAS!J$4*I18 -> 239.48947 | K18: 139.85613 | L18: =ORÇAMENTO_EXECUTIVO!$B$8/CÁLCULO_MÉDIAS!L$4*K18 -> 152.99096 | M18: 244.75 | N18: =ORÇAMENTO_EXECUTIVO!$B$8/CÁLCULO_MÉDIAS!N$4*M18 -> 248.32361 | O18: 198.16454 | P18: =ORÇAMENTO_EXECUTIVO!$B$8/CÁLCULO_MÉDIAS!P$4*O18 -> 227.27791 | R18: =ORÇAMENTO_EXECUTIVO!$B$8/CÁLCULO_MÉDIAS!R$4*Q18 -> 0 | T18: 170 | U18: 210
B19: PINTURA INTERNA | C19: 104.47 | D19: =ORÇAMENTO_EXECUTIVO!$B$8/CÁLCULO_MÉDIAS!D$4*C19 -> 118.56407 | E19: 136.68 | F19: =ORÇAMENTO_EXECUTIVO!$B$8/CÁLCULO_MÉDIAS!F$4*E19 -> 149.6591 | G19: 149.59 | H19: =ORÇAMENTO_EXECUTIVO!$B$8/CÁLCULO_MÉDIAS!H$4*G19 -> 163.22124 | I19: 114.05369 | J19: =ORÇAMENTO_EXECUTIVO!$B$8/CÁLCULO_MÉDIAS!J$4*I19 -> 122.85576 | K19: 140.49637 | L19: =ORÇAMENTO_EXECUTIVO!$B$8/CÁLCULO_MÉDIAS!L$4*K19 -> 153.69134 | M19: 152.49178 | N19: =ORÇAMENTO_EXECUTIVO!$B$8/CÁLCULO_MÉDIAS!N$4*M19 -> 154.71832 | O19: 90.169148 | P19: =ORÇAMENTO_EXECUTIVO!$B$8/CÁLCULO_MÉDIAS!P$4*O19 -> 103.41636 | R19: =ORÇAMENTO_EXECUTIVO!$B$8/CÁLCULO_MÉDIAS!R$4*Q19 -> 0 | T19: 100 | U19: 135
B20: ESQUADRIAS, VIDROS E FERRAGENS | C20: 295.87 | D20: =ORÇAMENTO_EXECUTIVO!$B$8/CÁLCULO_MÉDIAS!D$4*C20 -> 335.78589 | E20: 250.15 | F20: =ORÇAMENTO_EXECUTIVO!$B$8/CÁLCULO_MÉDIAS!F$4*E20 -> 273.90419 | G20: 288.61 | H20: =ORÇAMENTO_EXECUTIVO!$B$8/CÁLCULO_MÉDIAS!H$4*G20 -> 314.90931 | I20: 260.01007 | J20: =ORÇAMENTO_EXECUTIVO!$B$8/CÁLCULO_MÉDIAS!J$4*I20 -> 280.07629 | K20: 233.90719 | L20: =ORÇAMENTO_EXECUTIVO!$B$8/CÁLCULO_MÉDIAS!L$4*K20 -> 255.875 | M20: 271.49529 | N20: =ORÇAMENTO_EXECUTIVO!$B$8/CÁLCULO_MÉDIAS!N$4*M20 -> 275.4594 | O20: 281.037 | P20: =ORÇAMENTO_EXECUTIVO!$B$8/CÁLCULO_MÉDIAS!P$4*O20 -> 322.32558 | R20: =ORÇAMENTO_EXECUTIVO!$B$8/CÁLCULO_MÉDIAS!R$4*Q20 -> 0 | T20: 250 | U20: 290
B21: COBERTURA | C21: 134.47 | D21: =ORÇAMENTO_EXECUTIVO!$B$8/CÁLCULO_MÉDIAS!D$4*C21 -> 152.61138 | E21: 14.89 | F21: =ORÇAMENTO_EXECUTIVO!$B$8/CÁLCULO_MÉDIAS!F$4*E21 -> 16.303951 | G21: 2.47 | H21: =ORÇAMENTO_EXECUTIVO!$B$8/CÁLCULO_MÉDIAS!H$4*G21 -> 2.6950764 | I21: 2.8643931 | J21: =ORÇAMENTO_EXECUTIVO!$B$8/CÁLCULO_MÉDIAS!J$4*I21 -> 3.085452 | K21: 14.778763 | L21: =ORÇAMENTO_EXECUTIVO!$B$8/CÁLCULO_MÉDIAS!L$4*K21 -> 16.166737 | M21: 5.5632672 | N21: =ORÇAMENTO_EXECUTIVO!$B$8/CÁLCULO_MÉDIAS!N$4*M21 -> 5.6444968 | O21: 91.542599 | P21: =ORÇAMENTO_EXECUTIVO!$B$8/CÁLCULO_MÉDIAS!P$4*O21 -> 104.99159 | R21: =ORÇAMENTO_EXECUTIVO!$B$8/CÁLCULO_MÉDIAS!R$4*Q21 -> 0 | T21: 15 | U21: 50
B22: REVESTIMENTOS E ACABAMENTOS DE FACHADA | C22: 12.86 | D22: =ORÇAMENTO_EXECUTIVO!$B$8/CÁLCULO_MÉDIAS!D$4*C22 -> 14.594946 | E22: 134.67 | F22: =ORÇAMENTO_EXECUTIVO!$B$8/CÁLCULO_MÉDIAS!F$4*E22 -> 147.45823 | G22: 114.53 | H22: =ORÇAMENTO_EXECUTIVO!$B$8/CÁLCULO_MÉDIAS!H$4*G22 -> 124.96644 | I22: 252.96888 | J22: =ORÇAMENTO_EXECUTIVO!$B$8/CÁLCULO_MÉDIAS!J$4*I22 -> 272.4917 | K22: 121.66471 | L22: =ORÇAMENTO_EXECUTIVO!$B$8/CÁLCULO_MÉDIAS!L$4*K22 -> 133.09107 | M22: 195.72768 | N22: =ORÇAMENTO_EXECUTIVO!$B$8/CÁLCULO_MÉDIAS!N$4*M22 -> 198.58551 | O22: 3.8263675 | P22: =ORÇAMENTO_EXECUTIVO!$B$8/CÁLCULO_MÉDIAS!P$4*O22 -> 4.3885186 | R22: =ORÇAMENTO_EXECUTIVO!$B$8/CÁLCULO_MÉDIAS!R$4*Q22 -> 0 | T22: 115 | U22: 130
B23: SERVIÇOS COMPLEMENTARES | C23: 210.46 | D23: =ORÇAMENTO_EXECUTIVO!$B$8/CÁLCULO_MÉDIAS!D$4*C23 -> 238.85321 | E23: 125.12 | F23: =ORÇAMENTO_EXECUTIVO!$B$8/CÁLCULO_MÉDIAS!F$4*E23 -> 137.00137 | G23: 157.2 | H23: =ORÇAMENTO_EXECUTIVO!$B$8/CÁLCULO_MÉDIAS!H$4*G23 -> 171.5247 | I23: 268.35407 | J23: =ORÇAMENTO_EXECUTIVO!$B$8/CÁLCULO_MÉDIAS!J$4*I23 -> 289.06424 | K23: 241.24936 | L23: =ORÇAMENTO_EXECUTIVO!$B$8/CÁLCULO_MÉDIAS!L$4*K23 -> 263.90672 | M23: 233.60271 | N23: =ORÇAMENTO_EXECUTIVO!$B$8/CÁLCULO_MÉDIAS!N$4*M23 -> 237.01356 | O23: 141.28486 | P23: =ORÇAMENTO_EXECUTIVO!$B$8/CÁLCULO_MÉDIAS!P$4*O23 -> 162.04173 | R23: =ORÇAMENTO_EXECUTIVO!$B$8/CÁLCULO_MÉDIAS!R$4*Q23 -> 0 | T23: 160 | U23: 220
B24: TOTAL | C24: =SUM(C8:C23) -> 3722.92 | D24: =SUM(D8:D23) -> 4225.1801 | E24: =SUM(E8:E23) -> 3029.78 | F24: =SUM(F8:F23) -> 3317.4873 | G24: =SUM(G8:G23) -> 2901.94 | H24: =SUM(H8:H23) -> 3166.3765 | I24: =SUM(I8:I23) -> 3351.3553 | J24: =SUM(J8:J23) -> 3609.9954 | ... R24: =SUM(R8:R23) -> 1648.9187 | T24: =SUM(T8:T23) -> 3080 | U24: =SUM(U8:U23) -> 3900
