Workbook
Name \0: #REF!
Name \0: #REF!
Name \0: #REF!
Name \1: #REF!
Name \a: #REF!
Name \a: #REF!
Name \a: #REF!
Name \b: #REF!
Name \c: #REF!
Name \d: #REF!
Name \e: #REF!
Name \i: #REF!
Name \J: #REF!
Name \k: #REF!
Name \l: #N/A
Name \m: #REF!
Name \m: #REF!
Name \m: #REF!
Name \o: #REF!
Name \p: #REF!
Name \r: #REF!
Name \T: #REF!
Name \z: #REF!
Name _\0: #REF!
Name _\1: #REF!
Name _\a: #REF!
Name _\b: #REF!
Name _\c: #REF!
Name _\d: #REF!
Name _\e: #REF!
Name _\i: #REF!
Name _\J: #REF!
Name _\k: #REF!
Name _\l: #N/A
Name _\m: #REF!
Name _\o: #REF!
Name _\p: #REF!
Name _\r: #REF!
Name _\T: #REF!
Name _\z: #REF!
Name ______ACR10: #REF!
Name ______ACR15: #REF!
Name ______acr20: #REF!
Name ______acr5: #REF!
Name ______ARQ1: #REF!
Name ______QT100: #REF!
Name ______QT2: #REF!
Name ______QT3: #REF!
Name ______QT4: #REF!
Name ______QT50: #REF!
Name ______QT75: #REF!
Name _____ACR10: #REF!
Name _____ACR15: #REF!
Name _____acr20: #REF!
Name _____acr5: #REF!
Name _____ARQ1: #REF!
Name _____QT100: #REF!
Name _____QT2: #REF!
Name _____QT3: #REF!
Name _____QT4: #REF!

Sheet PREÇO
B1: Projeto | C1: ='Equipamentos de emergência'!D1 -> Senna Tower
B2: Empresa | C2: ='Equipamentos de emergência'!D2 -> FG
B3: Origem | C3: ='Equipamentos de emergência'!D3 -> SEN-EX-ILU-001-MAT-R00.xlsx
B4: Revisão | C4: ='Equipamentos de emergência'!D4 -> R00 - Letícia
A5: ='Equipamentos de emergência'!A5 -> EQUIPAMENTOS DE EMERGÊNCIA
C6: Descrição | D6: Unidade | E6: Custo unitário
C7: Acionador Manual de Alarme de Incêndio | D7: =_xlfn.XLOOKUP(PREÇO!C7,'Equipamentos de emergência'!$E$8:$E$1260,'Equipamentos de emergência'!$J$8:$J$1260) -> pç | E7: 65
C8: Anunciador Audiovisual de Alarme de Incêndio de Parede | D8: =_xlfn.XLOOKUP(PREÇO!C8,'Equipamentos de emergência'!$E$8:$E$1260,'Equipamentos de emergência'!$J$8:$J$1260) -> pç | E8: 191.81
C9: Anunciador Audiovisual de Alarme de Incêndio de Teto | D9: =_xlfn.XLOOKUP(PREÇO!C9,'Equipamentos de emergência'!$E$8:$E$1260,'Equipamentos de emergência'!$J$8:$J$1260) -> pç | E9: 169.96
C10: Atuador Janela Desenfumagem | D10: =_xlfn.XLOOKUP(PREÇO!C10,'Equipamentos de emergência'!$E$8:$E$1260,'Equipamentos de emergência'!$J$8:$J$1260) -> pç | E10: 1150
C11: Caixa 4x2" de Embutir em PVC Padrão NBR IEC 60670 | D11: =_xlfn.XLOOKUP(PREÇO!C11,'Equipamentos de emergência'!$E$8:$E$1260,'Equipamentos de emergência'!$J$8:$J$1260) -> pç | E11: 1.72
C12: Caixa 4x4" de Embutir em PVC Padrão NBR IEC 60670 | D12: =_xlfn.XLOOKUP(PREÇO!C12,'Equipamentos de emergência'!$E$8:$E$1260,'Equipamentos de emergência'!$J$8:$J$1260) -> pç | E12: 1.72
C13: Caixa Octogonal Padrão NBR IEC 60670 | D13: =_xlfn.XLOOKUP(PREÇO!C13,'Equipamentos de emergência'!$E$8:$E$1260,'Equipamentos de emergência'!$J$8:$J$1260) -> pç | E13: 5.32
C14: Central ADW - Detecção de incêndio por sensor linear de temperatura | D14: =_xlfn.XLOOKUP(PREÇO!C14,'Equipamentos de emergência'!$E$8:$E$1260,'Equipamentos de emergência'!$J$8:$J$1260) -> pç | E14: 20000
C15: Central de Alarme de Incêndio | D15: =_xlfn.XLOOKUP(PREÇO!C15,'Equipamentos de emergência'!$E$8:$E$1260,'Equipamentos de emergência'!$J$8:$J$1260) -> pç | E15: 855.86
C16: Central de detecção de fumaça por aspiração | D16: =_xlfn.XLOOKUP(PREÇO!C16,'Equipamentos de emergência'!$E$8:$E$1260,'Equipamentos de emergência'!$J$8:$J$1260) -> pç | E16: 15493.53
C17: Classe A - PVC Anti-chama - 105ºC - Isolação 600V 0.75 mm² | D17: =_xlfn.XLOOKUP(PREÇO!C17,'Equipamentos de emergência'!$E$8:$E$1260,'Equipamentos de emergência'!$J$8:$J$1260) -> m | E17: 0.99
C18: Classe B - PVC Anti-chama - 105ºC - Isolação 600V 1.5 mm² | D18: =_xlfn.XLOOKUP(PREÇO!C18,'Equipamentos de emergência'!$E$8:$E$1260,'Equipamentos de emergência'!$J$8:$J$1260) -> m | E18: 1.69
... C20: Dispositivo Eletromagnético de Porta Aberta | D20: =_xlfn.XLOOKUP(PREÇO!C20,'Equipamentos de emergência'!$E$8:$E$1260,'Equipamentos de emergência'!$J$8:$J$1260) -> pç | E20: 416.9
C21: Extintor ABC | D21: Unidade | E21: 646.56
C22: Eletroduto leve 1" | D22: =_xlfn.XLOOKUP(PREÇO!C22,'Equipamentos de emergência'!$E$8:$E$1260,'Equipamentos de emergência'!$J$8:$J$1260) -> m | E22: 6.67
C23: Eletroduto leve 3/4" | D23: =_xlfn.XLOOKUP(PREÇO!C23,'Equipamentos de emergência'!$E$8:$E$1260,'Equipamentos de emergência'!$J$8:$J$1260) -> m | E23: 8.1
C24: Isolação em PVC (70ºC) 1.5 mm² - Amarelo | D24: =_xlfn.XLOOKUP(PREÇO!C24,'Equipamentos de emergência'!$E$8:$E$1260,'Equipamentos de emergência'!$J$8:$J$1260) -> m | E24: 1.59
C25: Isolação em PVC (70ºC) 1.5 mm² - Preto | D25: =_xlfn.XLOOKUP(PREÇO!C25,'Equipamentos de emergência'!$E$8:$E$1260,'Equipamentos de emergência'!$J$8:$J$1260) -> m | E25: 1.59
C26: Isolação em PVC (70ºC) 1.5 mm² - Vermelho | D26: =_xlfn.XLOOKUP(PREÇO!C26,'Equipamentos de emergência'!$E$8:$E$1260,'Equipamentos de emergência'!$J$8:$J$1260) -> m | E26: 1.59
C27: Isolação em PVC (70ºC) 2.5 mm² - Amarelo | D27: =_xlfn.XLOOKUP(PREÇO!C27,'Equipamentos de emergência'!$E$8:$E$1260,'Equipamentos de emergência'!$J$8:$J$1260) -> m | E27: 2.19
C28: Isolação em PVC (70ºC) 2.5 mm² - Preto | D28: =_xlfn.XLOOKUP(PREÇO!C28,'Equipamentos de emergência'!$E$8:$E$1260,'Equipamentos de emergência'!$J$8:$J$1260) -> m | E28: 2.19
C29: Isolação em PVC (70ºC) 2.5 mm² - Vermelho | D29: =_xlfn.XLOOKUP(PREÇO!C29,'Equipamentos de emergência'!$E$8:$E$1260,'Equipamentos de emergência'!$J$8:$J$1260) -> m | E29: 2.19
C30: Isolação em PVC (70ºC) 4 mm² - Amarelo | D30: =_xlfn.XLOOKUP(PREÇO!C30,'Equipamentos de emergência'!$E$8:$E$1260,'Equipamentos de emergência'!$J$8:$J$1260) -> m | E30: 3.89
C31: Isolação em PVC (70ºC) 4 mm² - Preto | D31: =_xlfn.XLOOKUP(PREÇO!C31,'Equipamentos de emergência'!$E$8:$E$1260,'Equipamentos de emergência'!$J$8:$J$1260) -> m | E31: 3.89
C32: Isolação em PVC (70ºC) 4 mm² - Vermelho | D32: =_xlfn.XLOOKUP(PREÇO!C32,'Equipamentos de emergência'!$E$8:$E$1260,'Equipamentos de emergência'!$J$8:$J$1260) -> m | E32: 3.89
C33: Isolação em PVC (70ºC) 6 mm² - Preto | D33: =_xlfn.XLOOKUP(PREÇO!C33,'Equipamentos de emergência'!$E$8:$E$1260,'Equipamentos de emergência'!$J$8:$J$1260) -> m | E33: 5.79
... C52: PVC Flexível Antichama - NBR 15465 ø3/4" | D52: =_xlfn.XLOOKUP(PREÇO!C52,'Equipamentos de emergência'!$E$8:$E$1260,'Equipamentos de emergência'!$J$8:$J$1260) -> m | E52: 1.8
C53: PVC Rígido - NBR 15465 ø2" | D53: =_xlfn.XLOOKUP(PREÇO!C53,'Equipamentos de emergência'!$E$8:$E$1260,'Equipamentos de emergência'!$J$8:$J$1260) -> m | E53: =75.99/3 -> 25.33
C54: Quadro rebaixador de tensão | D54: =_xlfn.XLOOKUP(PREÇO!C54,'Equipamentos de emergência'!$E$8:$E$1260,'Equipamentos de emergência'!$J$8:$J$1260) -> pç | E54: 700
C55: Repetidor para Central de Alarme de Incêndio | D55: =_xlfn.XLOOKUP(PREÇO!C55,'Equipamentos de emergência'!$E$8:$E$1260,'Equipamentos de emergência'!$J$8:$J$1260) -> pç | E55: 922.9
C56: Sensor de Fumaça | D56: =_xlfn.XLOOKUP(PREÇO!C56,'Equipamentos de emergência'!$E$8:$E$1260,'Equipamentos de emergência'!$J$8:$J$1260) -> pç | E56: 53.9
C57: Sensor de Fumaça para Duto | D57: =_xlfn.XLOOKUP(PREÇO!C57,'Equipamentos de emergência'!$E$8:$E$1260,'Equipamentos de emergência'!$J$8:$J$1260) -> pç | E57: 3680
C58: Sensor de Presença 24V de teto | D58: =_xlfn.XLOOKUP(PREÇO!C58,'Equipamentos de emergência'!$E$8:$E$1260,'Equipamentos de emergência'!$J$8:$J$1260) -> pç | E58: 38.4
C59: Suporte p/ caixa 4x2" Padrão NBR IEC 60670 | D59: =_xlfn.XLOOKUP(PREÇO!C59,'Equipamentos de emergência'!$E$8:$E$1260,'Equipamentos de emergência'!$J$8:$J$1260) -> pç | E59: 1.85
C60: Suporte p/ caixa 4x4" Padrão NBR IEC 60670 | D60: =_xlfn.XLOOKUP(PREÇO!C60,'Equipamentos de emergência'!$E$8:$E$1260,'Equipamentos de emergência'!$J$8:$J$1260) -> pç | E60: 3.15

Sheet Equipamentos de emergência
C1: Projeto | D1: Senna Tower
C2: Empresa | D2: FG
C3: Origem | D3: SEN-EX-ILU-001-MAT-R00.xlsx
C4: Revisão | D4: R00 - Letícia
A5: EQUIPAMENTOS DE EMERGÊNCIA
A6: TORRE | B6: PAVIMENTO | C6: GRUPO/EAP | D6: SUBGRUPO | E6: Descrição | F6: Quantidade | G6: Repetição | H6: Perda | I6: Qte com perda | J6: Unidade | K6: Custo unitário | L6: Custo Total | N6: Torre | O6: EAP | P6: {=TRANSPOSE(_xlfn.UNIQUE(_xlfn._xlws.FILTER($C$7:$C$1048576,$C$7:$C$1048576<>"")))} -> Cabeamento e equipamentos alarme de incêndio | Q6: Automação iluminação de emergência | R6: Extintores e placas de sinalização | S6: TOTAL
A7: GERAL | B7: SUBSOLO | L7: =IF(SUM(F7:K7)=0,SUMIFS($L8:$L$1593,$B8:$B$1593,$B7,$A8:$A$1593,$A7),I7*K7) -> 30825.523 | N7: GERAL | O7: {=_xlfn.UNIQUE(_xlfn._xlws.FILTER($B$7:$B$1048576,$B$7:$B$1048576<>""))} -> SUBSOLO | P7: =SUMIFS($L$7:$L$1260,$C$7:$C$1260,P$6,$B$7:$B$1260,$O7,$A$7:$A$1260,$N7) -> 18908.343 | Q7: =SUMIFS($L$7:$L$1260,$C$7:$C$1260,Q$6,$B$7:$B$1260,$O7,$A$7:$A$1260,$N7) -> 1396.5 | R7: =SUMIFS($L$7:$L$1260,$C$7:$C$1260,R$6,$B$7:$B$1260,$O7,$A$7:$A$1260,$N7) -> 10520.68 | S7: =SUM(P7:R7) -> 30825.523
A8: =A7 -> GERAL | B8: =B7 -> SUBSOLO | C8: Cabeamento e equipamentos alarme de incêndio | D8: =_xlfn.XLOOKUP(E8,Subsolo!$D$6:$D$58,Subsolo!$C$6:$C$58) -> Acionadores | E8: Acionador Manual de Alarme de Incêndio | F8: 7 | G8: 1 | H8: 0 | I8: =(F8+H8*F8)*G8 -> 7 | J8: pç | K8: =_xlfn.XLOOKUP($E8,PREÇO!$C$7:$C$91,PREÇO!$E$7:$E$91) -> 65 | L8: =IF(SUM(F8:K8)=0,SUMIFS($L9:$L$1593,$B9:$B$1593,$B8,$A9:$A$1593,$A8),I8*K8) -> 455 | N8: GERAL | O8: 1° PAV. TÉRREO | P8: =SUMIFS($L$7:$L$1260,$C$7:$C$1260,P$6,$B$7:$B$1260,$O8,$A$7:$A$1260,$N8) -> 29821.845 | Q8: =SUMIFS($L$7:$L$1260,$C$7:$C$1260,Q$6,$B$7:$B$1260,$O8,$A$7:$A$1260,$N8) -> 6113.7 | R8: =SUMIFS($L$7:$L$1260,$C$7:$C$1260,R$6,$B$7:$B$1260,$O8,$A$7:$A$1260,$N8) -> 12604.64 | S8: =SUM(P8:R8) -> 48540.185
A9: =A8 -> GERAL | B9: =B8 -> SUBSOLO | C9: Cabeamento e equipamentos alarme de incêndio | D9: =_xlfn.XLOOKUP(E9,Subsolo!$D$6:$D$58,Subsolo!$C$6:$C$58) -> Anunciadores | E9: Anunciador Audiovisual de Alarme de Incêndio de Parede | F9: 7 | G9: 1 | H9: 0 | I9: =(F9+H9*F9)*G9 -> 7 | J9: pç | K9: =_xlfn.XLOOKUP($E9,PREÇO!$C$7:$C$91,PREÇO!$E$7:$E$91) -> 191.81 | L9: =IF(SUM(F9:K9)=0,SUMIFS($L10:$L$1593,$B10:$B$1593,$B9,$A10:$A$1593,$A9),I9*K9) -> 1342.67 | N9: GERAL | O9: 2° PAV. - ESTAC. 01 | P9: =SUMIFS($L$7:$L$1260,$C$7:$C$1260,P$6,$B$7:$B$1260,$O9,$A$7:$A$1260,$N9) -> 22694.598 | Q9: =SUMIFS($L$7:$L$1260,$C$7:$C$1260,Q$6,$B$7:$B$1260,$O9,$A$7:$A$1260,$N9) -> 6211.7 | R9: =SUMIFS($L$7:$L$1260,$C$7:$C$1260,R$6,$B$7:$B$1260,$O9,$A$7:$A$1260,$N9) -> 10470.02 | S9: =SUM(P9:R9) -> 39376.318
A10: =A9 -> GERAL | B10: =B9 -> SUBSOLO | C10: Cabeamento e equipamentos alarme de incêndio | D10: =_xlfn.XLOOKUP(E10,Subsolo!$D$6:$D$58,Subsolo!$C$6:$C$58) -> Atuadores | E10: Atuador Janela Desenfumagem | F10: 1 | G10: 1 | H10: 0 | I10: =(F10+H10*F10)*G10 -> 1 | J10: pç | K10: =_xlfn.XLOOKUP($E10,PREÇO!$C$7:$C$91,PREÇO!$E$7:$E$91) -> 1150 | L10: =IF(SUM(F10:K10)=0,SUMIFS($L11:$L$1593,$B11:$B$1593,$B10,$A11:$A$1593,$A10),I10*K10) -> 1150 | N10: GERAL | O10: 3° PAV. - ESTAC. 02 | P10: =SUMIFS($L$7:$L$1260,$C$7:$C$1260,P$6,$B$7:$B$1260,$O10,$A$7:$A$1260,$N10) -> 18568.466 | Q10: =SUMIFS($L$7:$L$1260,$C$7:$C$1260,Q$6,$B$7:$B$1260,$O10,$A$7:$A$1260,$N10) -> 6113.4 | R10: =SUMIFS($L$7:$L$1260,$C$7:$C$1260,R$6,$B$7:$B$1260,$O10,$A$7:$A$1260,$N10) -> 10408.36 | S10: =SUM(P10:R10) -> 35090.226
A11: =A10 -> GERAL | B11: =B10 -> SUBSOLO | C11: Cabeamento e equipamentos alarme de incêndio | D11: =_xlfn.XLOOKUP(E11,Subsolo!$D$6:$D$58,Subsolo!$C$6:$C$58) -> Sensores | E11: Sensor de Fumaça | F11: 11 | G11: 1 | H11: 0 | I11: =(F11+H11*F11)*G11 -> 11 | J11: pç | K11: =_xlfn.XLOOKUP($E11,PREÇO!$C$7:$C$91,PREÇO!$E$7:$E$91) -> 53.9 | L11: =IF(SUM(F11:K11)=0,SUMIFS($L12:$L$1593,$B12:$B$1593,$B11,$A12:$A$1593,$A11),I11*K11) -> 592.9 | N11: GERAL | O11: 4º PAV. - ESTAC. 03 | P11: =SUMIFS($L$7:$L$1260,$C$7:$C$1260,P$6,$B$7:$B$1260,$O11,$A$7:$A$1260,$N11) -> 18537.743 | Q11: =SUMIFS($L$7:$L$1260,$C$7:$C$1260,Q$6,$B$7:$B$1260,$O11,$A$7:$A$1260,$N11) -> 6113.4 | R11: =SUMIFS($L$7:$L$1260,$C$7:$C$1260,R$6,$B$7:$B$1260,$O11,$A$7:$A$1260,$N11) -> 19460.2 | S11: =SUM(P11:R11) -> 44111.342
A12: =A11 -> GERAL | B12: =B11 -> SUBSOLO | C12: Cabeamento e equipamentos alarme de incêndio | D12: =_xlfn.XLOOKUP(E12,Subsolo!$D$6:$D$58,Subsolo!$C$6:$C$58) -> Caixas | E12: Caixa Octogonal Padrão NBR IEC 60670 | F12: 62 | G12: 1 | H12: 0 | I12: =(F12+H12*F12)*G12 -> 62 | J12: pç | K12: =_xlfn.XLOOKUP($E12,PREÇO!$C$7:$C$91,PREÇO!$E$7:$E$91) -> 5.32 | L12: =IF(SUM(F12:K12)=0,SUMIFS($L13:$L$1593,$B13:$B$1593,$B12,$A13:$A$1593,$A12),I12*K12) -> 329.84 | N12: GERAL | O12: 5º PAV. - ESTAC. 04 | P12: =SUMIFS($L$7:$L$1260,$C$7:$C$1260,P$6,$B$7:$B$1260,$O12,$A$7:$A$1260,$N12) -> 19291.904 | Q12: =SUMIFS($L$7:$L$1260,$C$7:$C$1260,Q$6,$B$7:$B$1260,$O12,$A$7:$A$1260,$N12) -> 6221.7 | R12: =SUMIFS($L$7:$L$1260,$C$7:$C$1260,R$6,$B$7:$B$1260,$O12,$A$7:$A$1260,$N12) -> 1479.84 | S12: =SUM(P12:R12) -> 26993.444
A13: =A12 -> GERAL | B13: =B12 -> SUBSOLO | C13: Cabeamento e equipamentos alarme de incêndio | D13: =_xlfn.XLOOKUP(E13,Subsolo!$D$6:$D$58,Subsolo!$C$6:$C$58) -> Placas | E13: Placa cega para caixa octogonal Padrão NBR IEC 60670 | F13: 44 | G13: 1 | H13: 0 | I13: =(F13+H13*F13)*G13 -> 44 | J13: pç | K13: =_xlfn.XLOOKUP($E13,PREÇO!$C$7:$C$91,PREÇO!$E$7:$E$91) -> 2.5 | L13: =IF(SUM(F13:K13)=0,SUMIFS($L14:$L$1593,$B14:$B$1593,$B13,$A14:$A$1593,$A13),I13*K13) -> 110 | N13: GERAL | O13: 6º PAV. - ESTAC. 05 | P13: =SUMIFS($L$7:$L$1260,$C$7:$C$1260,P$6,$B$7:$B$1260,$O13,$A$7:$A$1260,$N13) -> 19088.124 | Q13: =SUMIFS($L$7:$L$1260,$C$7:$C$1260,Q$6,$B$7:$B$1260,$O13,$A$7:$A$1260,$N13) -> 6113.4 | R13: =SUMIFS($L$7:$L$1260,$C$7:$C$1260,R$6,$B$7:$B$1260,$O13,$A$7:$A$1260,$N13) -> 10470.02 | S13: =SUM(P13:R13) -> 35671.544
A14: =A13 -> GERAL | B14: =B13 -> SUBSOLO | C14: Cabeamento e equipamentos alarme de incêndio | D14: =_xlfn.XLOOKUP(E14,Subsolo!$D$6:$D$58,Subsolo!$C$6:$C$58) -> Caixas | E14: Caixa 4x2" de Embutir em PVC Padrão NBR IEC 60670 | F14: 103 | G14: 1 | H14: 0 | I14: =(F14+H14*F14)*G14 -> 103 | J14: pç | K14: =_xlfn.XLOOKUP($E14,PREÇO!$C$7:$C$91,PREÇO!$E$7:$E$91) -> 1.72 | L14: =IF(SUM(F14:K14)=0,SUMIFS($L15:$L$1593,$B15:$B$1593,$B14,$A15:$A$1593,$A14),I14*K14) -> 177.16 | N14: GERAL | O14: 7º PAV. - ESTAC. 06 | P14: =SUMIFS($L$7:$L$1260,$C$7:$C$1260,P$6,$B$7:$B$1260,$O14,$A$7:$A$1260,$N14) -> 18419.213 | Q14: =SUMIFS($L$7:$L$1260,$C$7:$C$1260,Q$6,$B$7:$B$1260,$O14,$A$7:$A$1260,$N14) -> 5896.8 | R14: =SUMIFS($L$7:$L$1260,$C$7:$C$1260,R$6,$B$7:$B$1260,$O14,$A$7:$A$1260,$N14) -> 10408.36 | S14: =SUM(P14:R14) -> 34724.373
A15: =A14 -> GERAL | B15: =B14 -> SUBSOLO | C15: Cabeamento e equipamentos alarme de incêndio | D15: =_xlfn.XLOOKUP(E15,Subsolo!$D$6:$D$58,Subsolo!$C$6:$C$58) -> Caixas | E15: Caixa 4x4" de Embutir em PVC Padrão NBR IEC 60670 | F15: 2 | G15: 1 | H15: 0 | I15: =(F15+H15*F15)*G15 -> 2 | J15: pç | K15: =_xlfn.XLOOKUP($E15,PREÇO!$C$7:$C$91,PREÇO!$E$7:$E$91) -> 1.72 | L15: =IF(SUM(F15:K15)=0,SUMIFS($L16:$L$1593,$B16:$B$1593,$B15,$A16:$A$1593,$A15),I15*K15) -> 3.44 | N15: GERAL | O15: 8º PAV. - LAZER PÚBLICO 01 | P15: =SUMIFS($L$7:$L$1260,$C$7:$C$1260,P$6,$B$7:$B$1260,$O15,$A$7:$A$1260,$N15) -> 11072.128 | Q15: =SUMIFS($L$7:$L$1260,$C$7:$C$1260,Q$6,$B$7:$B$1260,$O15,$A$7:$A$1260,$N15) -> 2319.9 | R15: =SUMIFS($L$7:$L$1260,$C$7:$C$1260,R$6,$B$7:$B$1260,$O15,$A$7:$A$1260,$N15) -> 9619.26 | S15: =SUM(P15:R15) -> 23011.288
A16: =A15 -> GERAL | B16: =B15 -> SUBSOLO | C16: Cabeamento e equipamentos alarme de incêndio | D16: =_xlfn.XLOOKUP(E16,Subsolo!$D$6:$D$58,Subsolo!$C$6:$C$58) -> Placas | E16: Placa 4x2" cega Padrão NBR IEC 60670 | F16: 66 | G16: 1 | H16: 0 | I16: =(F16+H16*F16)*G16 -> 66 | J16: pç | K16: =_xlfn.XLOOKUP($E16,PREÇO!$C$7:$C$91,PREÇO!$E$7:$E$91) -> 4.59 | L16: =IF(SUM(F16:K16)=0,SUMIFS($L17:$L$1593,$B17:$B$1593,$B16,$A17:$A$1593,$A16),I16*K16) -> 302.94 | N16: GERAL | O16: 9º PAV. - LAZER PÚBLICO 02 | P16: =SUMIFS($L$7:$L$1260,$C$7:$C$1260,P$6,$B$7:$B$1260,$O16,$A$7:$A$1260,$N16) -> 8782.3704 | Q16: =SUMIFS($L$7:$L$1260,$C$7:$C$1260,Q$6,$B$7:$B$1260,$O16,$A$7:$A$1260,$N16) -> 1877.1 | R16: =SUMIFS($L$7:$L$1260,$C$7:$C$1260,R$6,$B$7:$B$1260,$O16,$A$7:$A$1260,$N16) -> 9822.96 | S16: =SUM(P16:R16) -> 20482.43
A17: =A16 -> GERAL | B17: =B16 -> SUBSOLO | C17: Cabeamento e equipamentos alarme de incêndio | D17: =_xlfn.XLOOKUP(E17,Subsolo!$D$6:$D$58,Subsolo!$C$6:$C$58) -> Placas | E17: Placa 4x2" com furo para saída de cabos Padrão NBR IEC 60670 | F17: 37 | G17: 1 | H17: 0 | I17: =(F17+H17*F17)*G17 -> 37 | J17: pç | K17: =_xlfn.XLOOKUP($E17,PREÇO!$C$7:$C$91,PREÇO!$E$7:$E$91) -> 6.55 | L17: =IF(SUM(F17:K17)=0,SUMIFS($L18:$L$1593,$B18:$B$1593,$B17,$A18:$A$1593,$A17),I17*K17) -> 242.35 | N17: GERAL | O17: 10º PAV. - LAZER 01 | P17: =SUMIFS($L$7:$L$1260,$C$7:$C$1260,P$6,$B$7:$B$1260,$O17,$A$7:$A$1260,$N17) -> 7509.7772 | Q17: =SUMIFS($L$7:$L$1260,$C$7:$C$1260,Q$6,$B$7:$B$1260,$O17,$A$7:$A$1260,$N17) -> 941.7 | R17: =SUMIFS($L$7:$L$1260,$C$7:$C$1260,R$6,$B$7:$B$1260,$O17,$A$7:$A$1260,$N17) -> 9890.86 | S17: =SUM(P17:R17) -> 18342.337
A18: =A17 -> GERAL | B18: =B17 -> SUBSOLO | C18: Cabeamento e equipamentos alarme de incêndio | D18: =_xlfn.XLOOKUP(E18,Subsolo!$D$6:$D$58,Subsolo!$C$6:$C$58) -> Placas | E18: Placa 4x4" cega Padrão NBR IEC 60670 | F18: 2 | G18: 1 | H18: 0 | I18: =(F18+H18*F18)*G18 -> 2 | J18: pç | K18: =_xlfn.XLOOKUP($E18,PREÇO!$C$7:$C$91,PREÇO!$E$7:$E$91) -> 12.25 | L18: =IF(SUM(F18:K18)=0,SUMIFS($L19:$L$1593,$B19:$B$1593,$B18,$A19:$A$1593,$A18),I18*K18) -> 24.5 | N18: GERAL | O18: 11º PAV. - LAZER 02 | P18: =SUMIFS($L$7:$L$1260,$C$7:$C$1260,P$6,$B$7:$B$1260,$O18,$A$7:$A$1260,$N18) -> 6643.056 | Q18: =SUMIFS($L$7:$L$1260,$C$7:$C$1260,Q$6,$B$7:$B$1260,$O18,$A$7:$A$1260,$N18) -> 878.1 | R18: =SUMIFS($L$7:$L$1260,$C$7:$C$1260,R$6,$B$7:$B$1260,$O18,$A$7:$A$1260,$N18) -> 9816.72 | S18: =SUM(P18:R18) -> 17337.876
A19: =A18 -> GERAL | B19: =B18 -> SUBSOLO | C19: Cabeamento e equipamentos alarme de incêndio | D19: =_xlfn.XLOOKUP(E19,Subsolo!$D$6:$D$58,Subsolo!$C$6:$C$58) -> Suportes | E19: Suporte p/ caixa 4x2" Padrão NBR IEC 60670 | F19: 103 | G19: 1 | H19: 0 | I19: =(F19+H19*F19)*G19 -> 103 | J19: pç | K19: =_xlfn.XLOOKUP($E19,PREÇO!$C$7:$C$91,PREÇO!$E$7:$E$91) -> 1.85 | L19: =IF(SUM(F19:K19)=0,SUMIFS($L20:$L$1593,$B20:$B$1593,$B19,$A20:$A$1593,$A19),I19*K19) -> 190.55 | N19: GERAL | O19: 12º PAV. - ÁREA TÉCNICA 01 | P19: =SUMIFS($L$7:$L$1260,$C$7:$C$1260,P$6,$B$7:$B$1260,$O19,$A$7:$A$1260,$N19) -> 3576.0521 | Q19: =SUMIFS($L$7:$L$1260,$C$7:$C$1260,Q$6,$B$7:$B$1260,$O19,$A$7:$A$1260,$N19) -> 591.9 | R19: =SUMIFS($L$7:$L$1260,$C$7:$C$1260,R$6,$B$7:$B$1260,$O19,$A$7:$A$1260,$N19) -> 2771.22 | S19: =SUM(P19:R19) -> 6939.1721
... A21: =A20 -> GERAL | B21: =B20 -> SUBSOLO | C21: Cabeamento e equipamentos alarme de incêndio | D21: =_xlfn.XLOOKUP(E21,Subsolo!$D$6:$D$58,Subsolo!$C$6:$C$58) -> Embutir | E21: Cx de passagem de embutir com dimensão de 50x50x15 cm | F21: 1 | G21: 1 | H21: 0 | I21: =(F21+H21*F21)*G21 -> 1 | J21: pç | K21: =_xlfn.XLOOKUP($E21,PREÇO!$C$7:$C$91,PREÇO!$E$7:$E$91) -> 291.6 | L21: =IF(SUM(F21:K21)=0,SUMIFS($L22:$L$1593,$B22:$B$1593,$B21,$A22:$A$1593,$A21),I21*K21) -> 291.6 | N21: GERAL | O21: 19º PAV. - TIPO 02 - x3 - LANÇAMENTO | P21: =SUMIFS($L$7:$L$1260,$C$7:$C$1260,P$6,$B$7:$B$1260,$O21,$A$7:$A$1260,$N21) -> 14441.874 | Q21: =SUMIFS($L$7:$L$1260,$C$7:$C$1260,Q$6,$B$7:$B$1260,$O21,$A$7:$A$1260,$N21) -> 1537.2 | R21: =SUMIFS($L$7:$L$1260,$C$7:$C$1260,R$6,$B$7:$B$1260,$O21,$A$7:$A$1260,$N21) -> 2124.66 | S21: =SUM(P21:R21) -> 18103.734
A22: =A21 -> GERAL | B22: =B21 -> SUBSOLO | C22: Cabeamento e equipamentos alarme de incêndio | D22: Eletrodutos | E22: PVC Flexível Antichama - NBR 15465 ø1" | F22: 125.45 | G22: 1 | H22: 0 | I22: =(F22+H22*F22)*G22 -> 125.45 | J22: m | K22: =_xlfn.XLOOKUP($E22,PREÇO!$C$7:$C$91,PREÇO!$E$7:$E$91) -> 2.53 | L22: =IF(SUM(F22:K22)=0,SUMIFS($L23:$L$1593,$B23:$B$1593,$B22,$A23:$A$1593,$A22),I22*K22) -> 317.3885 | N22: GERAL | O22: 22º PAV. - ÁREA TÉCNICA 02 | P22: =SUMIFS($L$7:$L$1260,$C$7:$C$1260,P$6,$B$7:$B$1260,$O22,$A$7:$A$1260,$N22) -> 8700.4222 | Q22: =SUMIFS($L$7:$L$1260,$C$7:$C$1260,Q$6,$B$7:$B$1260,$O22,$A$7:$A$1260,$N22) -> 1498.2 | R22: =SUMIFS($L$7:$L$1260,$C$7:$C$1260,R$6,$B$7:$B$1260,$O22,$A$7:$A$1260,$N22) -> 2771.22 | S22: =SUM(P22:R22) -> 12969.842
A23: =A22 -> GERAL | B23: =B22 -> SUBSOLO | C23: Cabeamento e equipamentos alarme de incêndio | D23: Eletrodutos | E23: PVC Flexível Antichama - NBR 15465 ø3/4" | F23: 563.68 | G23: 1 | H23: 0 | I23: =(F23+H23*F23)*G23 -> 563.68 | J23: m | K23: =_xlfn.XLOOKUP($E23,PREÇO!$C$7:$C$91,PREÇO!$E$7:$E$91) -> 1.8 | L23: =IF(SUM(F23:K23)=0,SUMIFS($L24:$L$1593,$B24:$B$1593,$B23,$A24:$A$1593,$A23),I23*K23) -> 1014.624 | N23: GERAL | O23: 23º PAV. - TIPO 03A - x11 - LANÇAMENTO | P23: =SUMIFS($L$7:$L$1260,$C$7:$C$1260,P$6,$B$7:$B$1260,$O23,$A$7:$A$1260,$N23) -> 52391.692 | Q23: =SUMIFS($L$7:$L$1260,$C$7:$C$1260,Q$6,$B$7:$B$1260,$O23,$A$7:$A$1260,$N23) -> 5636.4 | R23: =SUMIFS($L$7:$L$1260,$C$7:$C$1260,R$6,$B$7:$B$1260,$O23,$A$7:$A$1260,$N23) -> 7790.42 | S23: =SUM(P23:R23) -> 65818.512
A24: =A23 -> GERAL | B24: =B23 -> SUBSOLO | C24: Automação iluminação de emergência | D24: =_xlfn.XLOOKUP(E24,Subsolo!$D$6:$D$58,Subsolo!$C$6:$C$58) -> Luminárias e Placas de Saída | E24: Luminária de Emergência 24V de Parede | F24: 63 | G24: 1 | H24: 0 | I24: =(F24+H24*F24)*G24 -> 63 | J24: pç | K24: =_xlfn.XLOOKUP($E24,PREÇO!$C$7:$C$91,PREÇO!$E$7:$E$91) -> 15.9 | L24: =IF(SUM(F24:K24)=0,SUMIFS($L25:$L$1593,$B25:$B$1593,$B24,$A25:$A$1593,$A24),I24*K24) -> 1001.7 | N24: GERAL | O24: 34º PAV. - TIPO 03B - x8 - MODELO | P24: =SUMIFS($L$7:$L$1260,$C$7:$C$1260,P$6,$B$7:$B$1260,$O24,$A$7:$A$1260,$N24) -> 36451.486 | Q24: =SUMIFS($L$7:$L$1260,$C$7:$C$1260,Q$6,$B$7:$B$1260,$O24,$A$7:$A$1260,$N24) -> 4099.2 | R24: =SUMIFS($L$7:$L$1260,$C$7:$C$1260,R$6,$B$7:$B$1260,$O24,$A$7:$A$1260,$N24) -> 5665.76 | S24: =SUM(P24:R24) -> 46216.446
A25: =A24 -> GERAL | B25: =B24 -> SUBSOLO | C25: Automação iluminação de emergência | D25: =_xlfn.XLOOKUP(E25,Subsolo!$D$6:$D$58,Subsolo!$C$6:$C$58) -> Luminárias e Placas de Saída | E25: Luminária de Emergência 24V de Teto | F25: 4 | G25: 1 | H25: 0 | I25: =(F25+H25*F25)*G25 -> 4 | J25: pç | K25: =_xlfn.XLOOKUP($E25,PREÇO!$C$7:$C$91,PREÇO!$E$7:$E$91) -> 69.9 | L25: =IF(SUM(F25:K25)=0,SUMIFS($L26:$L$1593,$B26:$B$1593,$B25,$A26:$A$1593,$A25),I25*K25) -> 279.6 | N25: GERAL | O25: 42º PAV. - ÁREA TÉCNICA 03 | P25: =SUMIFS($L$7:$L$1260,$C$7:$C$1260,P$6,$B$7:$B$1260,$O25,$A$7:$A$1260,$N25) -> 4886.2467 | Q25: =SUMIFS($L$7:$L$1260,$C$7:$C$1260,Q$6,$B$7:$B$1260,$O25,$A$7:$A$1260,$N25) -> 1498.2 | R25: =SUMIFS($L$7:$L$1260,$C$7:$C$1260,R$6,$B$7:$B$1260,$O25,$A$7:$A$1260,$N25) -> 2771.22 | S25: =SUM(P25:R25) -> 9155.6667
A26: =A25 -> GERAL | B26: =B25 -> SUBSOLO | C26: Extintores e placas de sinalização | D26: =_xlfn.XLOOKUP(E26,Subsolo!$D$6:$D$58,Subsolo!$C$6:$C$58) -> Luminárias e Placas de Saída | E26: Placa de Saída 24V de Parede com Direção | F26: 18 | G26: 1 | H26: 0 | I26: =(F26+H26*F26)*G26 -> 18 | J26: pç | K26: =_xlfn.XLOOKUP($E26,PREÇO!$C$7:$C$91,PREÇO!$E$7:$E$91) -> 67.9 | L26: =IF(SUM(F26:K26)=0,SUMIFS($L27:$L$1593,$B27:$B$1593,$B26,$A27:$A$1593,$A26),I26*K26) -> 1222.2 | N26: GERAL | O26: 43º PAV. - TIPO 03C - x9 - MODELO | P26: =SUMIFS($L$7:$L$1260,$C$7:$C$1260,P$6,$B$7:$B$1260,$O26,$A$7:$A$1260,$N26) -> 42664.635 | Q26: =SUMIFS($L$7:$L$1260,$C$7:$C$1260,Q$6,$B$7:$B$1260,$O26,$A$7:$A$1260,$N26) -> 4611.6 | R26: =SUMIFS($L$7:$L$1260,$C$7:$C$1260,R$6,$B$7:$B$1260,$O26,$A$7:$A$1260,$N26) -> 6373.98 | S26: =SUM(P26:R26) -> 53650.215
A27: =A26 -> GERAL | B27: =B26 -> SUBSOLO | C27: Extintores e placas de sinalização | D27: =_xlfn.XLOOKUP(E27,Subsolo!$D$6:$D$58,Subsolo!$C$6:$C$58) -> Luminárias e Placas de Saída | E27: Placa de Saída 24V de Parede sem Direção | F27: 2 | G27: 1 | H27: 0 | I27: =(F27+H27*F27)*G27 -> 2 | J27: pç | K27: =_xlfn.XLOOKUP($E27,PREÇO!$C$7:$C$91,PREÇO!$E$7:$E$91) -> 61.66 | L27: =IF(SUM(F27:K27)=0,SUMIFS($L28:$L$1593,$B28:$B$1593,$B27,$A28:$A$1593,$A27),I27*K27) -> 123.32 | N27: GERAL | O27: 52º PAV. - TIPO 04A - x10 - LANÇAMENTO | P27: =SUMIFS($L$7:$L$1260,$C$7:$C$1260,P$6,$B$7:$B$1260,$O27,$A$7:$A$1260,$N27) -> 50180.864 | Q27: =SUMIFS($L$7:$L$1260,$C$7:$C$1260,Q$6,$B$7:$B$1260,$O27,$A$7:$A$1260,$N27) -> 5124 | R27: =SUMIFS($L$7:$L$1260,$C$7:$C$1260,R$6,$B$7:$B$1260,$O27,$A$7:$A$1260,$N27) -> 7082.2 | S27: =SUM(P27:R27) -> 62387.064
A28: =A27 -> GERAL | B28: =B27 -> SUBSOLO | C28: Extintores e placas de sinalização | D28: =_xlfn.XLOOKUP(E28,Subsolo!$D$6:$D$58,Subsolo!$C$6:$C$58) -> Luminárias e Placas de Saída | E28: Placa de Saída Dupla Face 24V de Teto com Direção | F28: 2 | G28: 1 | H28: 0 | I28: =(F28+H28*F28)*G28 -> 2 | J28: pç | K28: =_xlfn.XLOOKUP($E28,PREÇO!$C$7:$C$91,PREÇO!$E$7:$E$91) -> 61.66 | L28: =IF(SUM(F28:K28)=0,SUMIFS($L30:$L$1593,$B30:$B$1593,$B28,$A30:$A$1593,$A28),I28*K28) -> 123.32 | N28: GERAL | O28: 62º PAV. - ÁREA TÉCNICA 04 | P28: =SUMIFS($L$7:$L$1260,$C$7:$C$1260,P$6,$B$7:$B$1260,$O28,$A$7:$A$1260,$N28) -> 5926.3326 | Q28: =SUMIFS($L$7:$L$1260,$C$7:$C$1260,Q$6,$B$7:$B$1260,$O28,$A$7:$A$1260,$N28) -> 2125.2 | R28: =SUMIFS($L$7:$L$1260,$C$7:$C$1260,R$6,$B$7:$B$1260,$O28,$A$7:$A$1260,$N28) -> 2894.54 | S28: =SUM(P28:R28) -> 10946.073
A29: =A27 -> GERAL | B29: =B27 -> SUBSOLO | C29: Extintores e placas de sinalização | D29: Extintior | E29: Extintor ABC | F29: 14 | G29: 1 | H29: 0 | I29: =(F29+H29*F29)*G29 -> 14 | J29: Unidade | K29: =_xlfn.XLOOKUP($E29,PREÇO!$C$7:$C$91,PREÇO!$E$7:$E$91) -> 646.56 | L29: =IF(SUM(F29:K29)=0,SUMIFS($L30:$L$1593,$B30:$B$1593,$B29,$A30:$A$1593,$A29),I29*K29) -> 9051.84 | N29: GERAL | O29: 63º PAV. - LAZER 03 | P29: =SUMIFS($L$7:$L$1260,$C$7:$C$1260,P$6,$B$7:$B$1260,$O29,$A$7:$A$1260,$N29) -> 3886.7686 | Q29: =SUMIFS($L$7:$L$1260,$C$7:$C$1260,Q$6,$B$7:$B$1260,$O29,$A$7:$A$1260,$N29) -> 703.2 | R29: =SUMIFS($L$7:$L$1260,$C$7:$C$1260,R$6,$B$7:$B$1260,$O29,$A$7:$A$1260,$N29) -> 1613.9 | S29: =SUM(P29:R29) -> 6203.8686
A30: =A28 -> GERAL | B30: =B28 -> SUBSOLO | C30: Automação iluminação de emergência | D30: =_xlfn.XLOOKUP(E30,Subsolo!$D$6:$D$58,Subsolo!$C$6:$C$58) -> Sensores de Presença | E30: Sensor de Presença 24V de teto | F30: 3 | G30: 1 | H30: 0 | I30: =(F30+H30*F30)*G30 -> 3 | J30: pç | K30: =_xlfn.XLOOKUP($E30,PREÇO!$C$7:$C$91,PREÇO!$E$7:$E$91) -> 38.4 | L30: =IF(SUM(F30:K30)=0,SUMIFS($L31:$L$1593,$B31:$B$1593,$B30,$A31:$A$1593,$A30),I30*K30) -> 115.2 | N30: GERAL | O30: 64º PAV. - LAZER 04 | P30: =SUMIFS($L$7:$L$1260,$C$7:$C$1260,P$6,$B$7:$B$1260,$O30,$A$7:$A$1260,$N30) -> 3530.0916 | Q30: =SUMIFS($L$7:$L$1260,$C$7:$C$1260,Q$6,$B$7:$B$1260,$O30,$A$7:$A$1260,$N30) -> 687.3 | R30: =SUMIFS($L$7:$L$1260,$C$7:$C$1260,R$6,$B$7:$B$1260,$O30,$A$7:$A$1260,$N30) -> 1478.1 | S30: =SUM(P30:R30) -> 5695.4916
A31: =A30 -> GERAL | B31: =B30 -> SUBSOLO | C31: Cabeamento e equipamentos alarme de incêndio | D31: Cabo Unipolar Cobre | E31: =Subsolo!C40&" "&Subsolo!D40 -> Isolação em PVC (70ºC) 1.5 mm² - Amarelo | F31: =Subsolo!E40 -> 14.43 | G31: 1 | H31: 0 | I31: =(F31+H31*F31)*G31 -> 14.43 | J31: =Subsolo!F40 -> m | K31: =_xlfn.XLOOKUP($E31,PREÇO!$C$7:$C$91,PREÇO!$E$7:$E$91) -> 1.59 | L31: =IF(SUM(F31:K31)=0,SUMIFS($L32:$L$1593,$B32:$B$1593,$B31,$A32:$A$1593,$A31),I31*K31) -> 22.9437 | N31: GERAL | O31: 65º PAV. - TIPO 04B - x36 - MODELO | P31: =SUMIFS($L$7:$L$1260,$C$7:$C$1260,P$6,$B$7:$B$1260,$O31,$A$7:$A$1260,$N31) -> 158915.86 | Q31: =SUMIFS($L$7:$L$1260,$C$7:$C$1260,Q$6,$B$7:$B$1260,$O31,$A$7:$A$1260,$N31) -> 18446.4 | R31: =SUMIFS($L$7:$L$1260,$C$7:$C$1260,R$6,$B$7:$B$1260,$O31,$A$7:$A$1260,$N31) -> 25495.92 | S31: =SUM(P31:R31) -> 202858.18
A32: =A31 -> GERAL | B32: =B31 -> SUBSOLO | C32: Cabeamento e equipamentos alarme de incêndio | D32: Cabo Unipolar Cobre | E32: =Subsolo!C41&" "&Subsolo!D41 -> Isolação em PVC (70ºC) 1.5 mm² - Preto | F32: =Subsolo!E41 -> 7.22 | G32: 1 | H32: 0 | I32: =(F32+H32*F32)*G32 -> 7.22 | J32: =Subsolo!F41 -> m | K32: =_xlfn.XLOOKUP($E32,PREÇO!$C$7:$C$91,PREÇO!$E$7:$E$91) -> 1.59 | L32: =IF(SUM(F32:K32)=0,SUMIFS($L33:$L$1593,$B33:$B$1593,$B32,$A33:$A$1593,$A32),I32*K32) -> 11.4798 | N32: GERAL | O32: 82º PAV. - ÁREA TÉCNICA 05 | P32: =SUMIFS($L$7:$L$1260,$C$7:$C$1260,P$6,$B$7:$B$1260,$O32,$A$7:$A$1260,$N32) -> 8465.2044 | Q32: =SUMIFS($L$7:$L$1260,$C$7:$C$1260,Q$6,$B$7:$B$1260,$O32,$A$7:$A$1260,$N32) -> 1498.2 | R32: =SUMIFS($L$7:$L$1260,$C$7:$C$1260,R$6,$B$7:$B$1260,$O32,$A$7:$A$1260,$N32) -> 2771.22 | S32: =SUM(P32:R32) -> 12734.624
A33: =A32 -> GERAL | B33: =B32 -> SUBSOLO | C33: Cabeamento e equipamentos alarme de incêndio | D33: Cabo Unipolar Cobre | E33: =Subsolo!C42&" "&Subsolo!D42 -> Isolação em PVC (70ºC) 1.5 mm² - Vermelho | F33: =Subsolo!E42 -> 7.22 | G33: 1 | H33: 0 | I33: =(F33+H33*F33)*G33 -> 7.22 | J33: =Subsolo!F42 -> m | K33: =_xlfn.XLOOKUP($E33,PREÇO!$C$7:$C$91,PREÇO!$E$7:$E$91) -> 1.59 | L33: =IF(SUM(F33:K33)=0,SUMIFS($L34:$L$1593,$B34:$B$1593,$B33,$A34:$A$1593,$A33),I33*K33) -> 11.4798 | N33: GERAL | O33: 102º PAV. - ÁREA TÉCNICA 06 | P33: =SUMIFS($L$7:$L$1260,$C$7:$C$1260,P$6,$B$7:$B$1260,$O33,$A$7:$A$1260,$N33) -> 4858.5708 | Q33: =SUMIFS($L$7:$L$1260,$C$7:$C$1260,Q$6,$B$7:$B$1260,$O33,$A$7:$A$1260,$N33) -> 1498.2 | R33: =SUMIFS($L$7:$L$1260,$C$7:$C$1260,R$6,$B$7:$B$1260,$O33,$A$7:$A$1260,$N33) -> 2771.22 | S33: =SUM(P33:R33) -> 9127.9908
A34: =A33 -> GERAL | B34: =B33 -> SUBSOLO | C34: Cabeamento e equipamentos alarme de incêndio | D34: Cabo Unipolar Cobre | E34: =Subsolo!C43&" "&Subsolo!D43 -> Isolação em PVC (70ºC) 2.5 mm² - Amarelo | F34: =Subsolo!E43 -> 12.57 | G34: 1 | H34: 0 | I34: =(F34+H34*F34)*G34 -> 12.57 | J34: =Subsolo!F43 -> m | K34: =_xlfn.XLOOKUP($E34,PREÇO!$C$7:$C$91,PREÇO!$E$7:$E$91) -> 2.19 | L34: =IF(SUM(F34:K34)=0,SUMIFS($L35:$L$1593,$B35:$B$1593,$B34,$A35:$A$1593,$A34),I34*K34) -> 27.5283 | N34: GERAL | O34: 103º PAV. - TIPO 04C - x19 - MODELO | P34: =SUMIFS($L$7:$L$1260,$C$7:$C$1260,P$6,$B$7:$B$1260,$O34,$A$7:$A$1260,$N34) -> 89713.664 | Q34: =SUMIFS($L$7:$L$1260,$C$7:$C$1260,Q$6,$B$7:$B$1260,$O34,$A$7:$A$1260,$N34) -> 9735.6 | R34: =SUMIFS($L$7:$L$1260,$C$7:$C$1260,R$6,$B$7:$B$1260,$O34,$A$7:$A$1260,$N34) -> 13456.18 | S34: =SUM(P34:R34) -> 112905.44
A35: =A34 -> GERAL | B35: =B34 -> SUBSOLO | C35: Cabeamento e equipamentos alarme de incêndio | D35: Cabo Unipolar Cobre | E35: =Subsolo!C44&" "&Subsolo!D44 -> Isolação em PVC (70ºC) 2.5 mm² - Preto | F35: =Subsolo!E44 -> 112.72 | G35: 1 | H35: 0 | I35: =(F35+H35*F35)*G35 -> 112.72 | J35: =Subsolo!F44 -> m | K35: =_xlfn.XLOOKUP($E35,PREÇO!$C$7:$C$91,PREÇO!$E$7:$E$91) -> 2.19 | L35: =IF(SUM(F35:K35)=0,SUMIFS($L36:$L$1593,$B36:$B$1593,$B35,$A36:$A$1593,$A35),I35*K35) -> 246.8568 | N35: GERAL | O35: 122º PAV. - ÁREA TÉCNICA 07 | P35: =SUMIFS($L$7:$L$1260,$C$7:$C$1260,P$6,$B$7:$B$1260,$O35,$A$7:$A$1260,$N35) -> 7291.1146 | Q35: =SUMIFS($L$7:$L$1260,$C$7:$C$1260,Q$6,$B$7:$B$1260,$O35,$A$7:$A$1260,$N35) -> 1498.2 | R35: =SUMIFS($L$7:$L$1260,$C$7:$C$1260,R$6,$B$7:$B$1260,$O35,$A$7:$A$1260,$N35) -> 2771.22 | S35: =SUM(P35:R35) -> 11560.535
A36: =A35 -> GERAL | B36: =B35 -> SUBSOLO | C36: Cabeamento e equipamentos alarme de incêndio | D36: Cabo Unipolar Cobre | E36: =Subsolo!C45&" "&Subsolo!D45 -> Isolação em PVC (70ºC) 2.5 mm² - Vermelho | F36: =Subsolo!E45 -> 112.72 | G36: 1 | H36: 0 | I36: =(F36+H36*F36)*G36 -> 112.72 | J36: =Subsolo!F45 -> m | K36: =_xlfn.XLOOKUP($E36,PREÇO!$C$7:$C$91,PREÇO!$E$7:$E$91) -> 2.19 | L36: =IF(SUM(F36:K36)=0,SUMIFS($L37:$L$1593,$B37:$B$1593,$B36,$A37:$A$1593,$A36),I36*K36) -> 246.8568 | N36: GERAL | O36: 123º PAV. - TIPO 04D - x9 - MODELO | P36: =SUMIFS($L$7:$L$1260,$C$7:$C$1260,P$6,$B$7:$B$1260,$O36,$A$7:$A$1260,$N36) -> 42302.086 | Q36: =SUMIFS($L$7:$L$1260,$C$7:$C$1260,Q$6,$B$7:$B$1260,$O36,$A$7:$A$1260,$N36) -> 4611.6 | R36: =SUMIFS($L$7:$L$1260,$C$7:$C$1260,R$6,$B$7:$B$1260,$O36,$A$7:$A$1260,$N36) -> 6373.98 | S36: =SUM(P36:R36) -> 53287.666
A37: =A36 -> GERAL | B37: =B36 -> SUBSOLO | C37: Cabeamento e equipamentos alarme de incêndio | D37: Cabo Unipolar Cobre | E37: =Subsolo!C46&" "&Subsolo!D46 -> Isolação em PVC (70ºC) 4 mm² - Preto | F37: =Subsolo!E46 -> 489.91 | G37: 1 | H37: 0 | I37: =(F37+H37*F37)*G37 -> 489.91 | J37: =Subsolo!F46 -> m | K37: =_xlfn.XLOOKUP($E37,PREÇO!$C$7:$C$91,PREÇO!$E$7:$E$91) -> 3.89 | L37: =IF(SUM(F37:K37)=0,SUMIFS($L38:$L$1593,$B38:$B$1593,$B37,$A38:$A$1593,$A37),I37*K37) -> 1905.7499 | N37: GERAL | O37: 132º PAV. - DUPLEX INF REBAIXADOR- LANÇAMENTO | P37: =SUMIFS($L$7:$L$1260,$C$7:$C$1260,P$6,$B$7:$B$1260,$O37,$A$7:$A$1260,$N37) -> 7564.5446 | Q37: =SUMIFS($L$7:$L$1260,$C$7:$C$1260,Q$6,$B$7:$B$1260,$O37,$A$7:$A$1260,$N37) -> 1024.8 | R37: =SUMIFS($L$7:$L$1260,$C$7:$C$1260,R$6,$B$7:$B$1260,$O37,$A$7:$A$1260,$N37) -> 1416.44 | S37: =SUM(P37:R37) -> 10005.785
A38: =A37 -> GERAL | B38: =B37 -> SUBSOLO | C38: Cabeamento e equipamentos alarme de incêndio | D38: Cabo Unipolar Cobre | E38: =Subsolo!C47&" "&Subsolo!D47 -> Isolação em PVC (70ºC) 4 mm² - Vermelho | F38: =Subsolo!E47 -> 489.91 | G38: 1 | H38: 0 | I38: =(F38+H38*F38)*G38 -> 489.91 | J38: =Subsolo!F47 -> m | K38: =_xlfn.XLOOKUP($E38,PREÇO!$C$7:$C$91,PREÇO!$E$7:$E$91) -> 3.89 | L38: =IF(SUM(F38:K38)=0,SUMIFS($L39:$L$1593,$B39:$B$1593,$B38,$A39:$A$1593,$A38),I38*K38) -> 1905.7499 | N38: GERAL | O38: 133º PAV. - DUPLEX SUP - LANÇAMENTO | P38: =SUMIFS($L$7:$L$1260,$C$7:$C$1260,P$6,$B$7:$B$1260,$O38,$A$7:$A$1260,$N38) -> 9790.4764 | Q38: =SUMIFS($L$7:$L$1260,$C$7:$C$1260,Q$6,$B$7:$B$1260,$O38,$A$7:$A$1260,$N38) -> 1024.8 | R38: =SUMIFS($L$7:$L$1260,$C$7:$C$1260,R$6,$B$7:$B$1260,$O38,$A$7:$A$1260,$N38) -> 1416.44 | S38: =SUM(P38:R38) -> 12231.716
A39: =A38 -> GERAL | B39: =B38 -> SUBSOLO | C39: Cabeamento e equipamentos alarme de incêndio | D39: Cabo Unipolar Cobre | E39: =Subsolo!C48&" "&Subsolo!D48 -> Isolação em PVC (70ºC) 6 mm² - Preto | F39: =Subsolo!E48 -> 532.57 | G39: 1 | H39: 0 | I39: =(F39+H39*F39)*G39 -> 532.57 | J39: =Subsolo!F48 -> m | K39: =_xlfn.XLOOKUP($E39,PREÇO!$C$7:$C$91,PREÇO!$E$7:$E$91) -> 5.79 | L39: =IF(SUM(F39:K39)=0,SUMIFS($L40:$L$1593,$B40:$B$1593,$B39,$A40:$A$1593,$A39),I39*K39) -> 3083.5803 | N39: GERAL | O39: 136º PAV. - TRIPLEX - LANÇAMENTO | P39: =SUMIFS($L$7:$L$1260,$C$7:$C$1260,P$6,$B$7:$B$1260,$O39,$A$7:$A$1260,$N39) -> 2877.4507 | Q39: =SUMIFS($L$7:$L$1260,$C$7:$C$1260,Q$6,$B$7:$B$1260,$O39,$A$7:$A$1260,$N39) -> 512.4 | R39: =SUMIFS($L$7:$L$1260,$C$7:$C$1260,R$6,$B$7:$B$1260,$O39,$A$7:$A$1260,$N39) -> 708.22 | S39: =SUM(P39:R39) -> 4098.0707
A40: =A39 -> GERAL | B40: =B39 -> SUBSOLO | C40: Cabeamento e equipamentos alarme de incêndio | D40: Cabo Unipolar Cobre | E40: =Subsolo!C49&" "&Subsolo!D49 -> Isolação em PVC (70ºC) 6 mm² - Vermelho | F40: =Subsolo!E49 -> 532.57 | G40: 1 | H40: 0 | I40: =(F40+H40*F40)*G40 -> 532.57 | J40: =Subsolo!F49 -> m | K40: =_xlfn.XLOOKUP($E40,PREÇO!$C$7:$C$91,PREÇO!$E$7:$E$91) -> 5.79 | L40: =IF(SUM(F40:K40)=0,SUMIFS($L41:$L$1593,$B41:$B$1593,$B40,$A41:$A$1593,$A40),I40*K40) -> 3083.5803 | N40: GERAL | O40: 137º PAV. - TRIPLEX REBAIXADOR - LANÇAMENTO | P40: =SUMIFS($L$7:$L$1260,$C$7:$C$1260,P$6,$B$7:$B$1260,$O40,$A$7:$A$1260,$N40) -> 3898.8215 | Q40: =SUMIFS($L$7:$L$1260,$C$7:$C$1260,Q$6,$B$7:$B$1260,$O40,$A$7:$A$1260,$N40) -> 512.4 | R40: =SUMIFS($L$7:$L$1260,$C$7:$C$1260,R$6,$B$7:$B$1260,$O40,$A$7:$A$1260,$N40) -> 708.22 | S40: =SUM(P40:R40) -> 5119.4415
A41: =A40 -> GERAL | B41: =B40 -> SUBSOLO | C41: Cabeamento e equipamentos alarme de incêndio | D41: Eletrodutos | E41: =Subsolo!C53&" "&Subsolo!D53 -> PVC Flexível Antichama - NBR 15465 ø1" | F41: =Subsolo!E53 -> 382.07 | G41: 1 | H41: 0 | I41: =(F41+H41*F41)*G41 -> 382.07 | J41: =Subsolo!F53 -> m | K41: =_xlfn.XLOOKUP($E41,PREÇO!$C$7:$C$91,PREÇO!$E$7:$E$91) -> 2.53 | L41: =IF(SUM(F41:K41)=0,SUMIFS($L42:$L$1593,$B42:$B$1593,$B41,$A42:$A$1593,$A41),I41*K41) -> 966.6371 | N41: GERAL | O41: 138º PAV. - TRIPLEX - LANÇAMENTO | P41: =SUMIFS($L$7:$L$1260,$C$7:$C$1260,P$6,$B$7:$B$1260,$O41,$A$7:$A$1260,$N41) -> 4899.6372 | Q41: =SUMIFS($L$7:$L$1260,$C$7:$C$1260,Q$6,$B$7:$B$1260,$O41,$A$7:$A$1260,$N41) -> 512.4 | R41: =SUMIFS($L$7:$L$1260,$C$7:$C$1260,R$6,$B$7:$B$1260,$O41,$A$7:$A$1260,$N41) -> 708.22 | S41: =SUM(P41:R41) -> 6120.2572
A42: =A41 -> GERAL | B42: =B41 -> SUBSOLO | C42: Cabeamento e equipamentos alarme de incêndio | D42: Eletrodutos | E42: =Subsolo!C54&" "&Subsolo!D54 -> PVC Flexível Antichama - NBR 15465 ø3/4" | F42: =Subsolo!E54 -> 5.5 | G42: 1 | H42: 0 | I42: =(F42+H42*F42)*G42 -> 5.5 | J42: =Subsolo!F54 -> m | K42: =_xlfn.XLOOKUP($E42,PREÇO!$C$7:$C$91,PREÇO!$E$7:$E$91) -> 1.8 | L42: =IF(SUM(F42:K42)=0,SUMIFS($L43:$L$1593,$B43:$B$1593,$B42,$A43:$A$1593,$A42),I42*K42) -> 9.9 | N42: GERAL | O42: 139º PAV. - ÁREA TÉCNICA 08 - LANÇAMENTO | P42: =SUMIFS($L$7:$L$1260,$C$7:$C$1260,P$6,$B$7:$B$1260,$O42,$A$7:$A$1260,$N42) -> 3394.5981 | Q42: =SUMIFS($L$7:$L$1260,$C$7:$C$1260,Q$6,$B$7:$B$1260,$O42,$A$7:$A$1260,$N42) -> 591.9 | R42: =SUMIFS($L$7:$L$1260,$C$7:$C$1260,R$6,$B$7:$B$1260,$O42,$A$7:$A$1260,$N42) -> 2771.22 | S42: =SUM(P42:R42) -> 6757.7181
A43: =A42 -> GERAL | B43: =B42 -> SUBSOLO | C43: Cabeamento e equipamentos alarme de incêndio | D43: Cabo blindado multipolar para alarme de incêndio | E43: =Subsolo!C57&" "&Subsolo!D57 -> Classe A - PVC Anti-chama - 105ºC - Isolação 600V 0.75 mm² | F43: =Subsolo!E57 -> 379.87 | G43: 1 | H43: 0 | I43: =(F43+H43*F43)*G43 -> 379.87 | J43: =Subsolo!F57 -> m | K43: =_xlfn.XLOOKUP($E43,PREÇO!$C$7:$C$91,PREÇO!$E$7:$E$91) -> 0.99 | L43: =IF(SUM(F43:K43)=0,SUMIFS($L44:$L$1593,$B44:$B$1593,$B43,$A44:$A$1593,$A43),I43*K43) -> 376.0713 | N43: GERAL | O43: 140º PAV. - LAZER 05 | P43: =SUMIFS($L$7:$L$1260,$C$7:$C$1260,P$6,$B$7:$B$1260,$O43,$A$7:$A$1260,$N43) -> 4467.8708 | Q43: =SUMIFS($L$7:$L$1260,$C$7:$C$1260,Q$6,$B$7:$B$1260,$O43,$A$7:$A$1260,$N43) -> 814.5 | R43: =SUMIFS($L$7:$L$1260,$C$7:$C$1260,R$6,$B$7:$B$1260,$O43,$A$7:$A$1260,$N43) -> 1478.1 | S43: =SUM(P43:R43) -> 6760.4708
A44: =A43 -> GERAL | B44: =B43 -> SUBSOLO | C44: Cabeamento e equipamentos alarme de incêndio | D44: Cabo blindado multipolar para alarme de incêndio | E44: =Subsolo!C58&" "&Subsolo!D58 -> Classe B - PVC Anti-chama - 105ºC - Isolação 600V 1.5 mm² | F44: =Subsolo!E58 -> 271.4 | G44: 1 | H44: 0 | I44: =(F44+H44*F44)*G44 -> 271.4 | J44: =Subsolo!F58 -> m | K44: =_xlfn.XLOOKUP($E44,PREÇO!$C$7:$C$91,PREÇO!$E$7:$E$91) -> 1.69 | L44: =IF(SUM(F44:K44)=0,SUMIFS($L45:$L$1593,$B45:$B$1593,$B44,$A45:$A$1593,$A44),I44*K44) -> 458.666 | N44: GERAL | O44: 141º PAV. - LAZER 06 | P44: =SUMIFS($L$7:$L$1260,$C$7:$C$1260,P$6,$B$7:$B$1260,$O44,$A$7:$A$1260,$N44) -> 3766.0578 | Q44: =SUMIFS($L$7:$L$1260,$C$7:$C$1260,Q$6,$B$7:$B$1260,$O44,$A$7:$A$1260,$N44) -> 719.1 | R44: =SUMIFS($L$7:$L$1260,$C$7:$C$1260,R$6,$B$7:$B$1260,$O44,$A$7:$A$1260,$N44) -> 1478.1 | S44: =SUM(P44:R44) -> 5963.2578
A45: GERAL | B45: 1° PAV. TÉRREO | L45: =IF(SUM(F45:K45)=0,SUMIFS($L46:$L$1593,$B46:$B$1593,$B45,$A46:$A$1593,$A45),I45*K45) -> 48540.185 | N45: GERAL | O45: 142º PAV. - TERRAÇO TÉCNICO | P45: =SUMIFS($L$7:$L$1260,$C$7:$C$1260,P$6,$B$7:$B$1260,$O45,$A$7:$A$1260,$N45) -> 4944.5295 | Q45: =SUMIFS($L$7:$L$1260,$C$7:$C$1260,Q$6,$B$7:$B$1260,$O45,$A$7:$A$1260,$N45) -> 973.8 | R45: =SUMIFS($L$7:$L$1260,$C$7:$C$1260,R$6,$B$7:$B$1260,$O45,$A$7:$A$1260,$N45) -> 3017.86 | S45: =SUM(P45:R45) -> 8936.1895
A46: =A45 -> GERAL | B46: =B45 -> 1° PAV. TÉRREO | C46: Cabeamento e equipamentos alarme de incêndio | D46: =_xlfn.XLOOKUP('Equipamentos de emergência'!E46,Térreo!$D$6:$D$66,Térreo!$C$6:$C$66) -> Acionadores | E46: =Térreo!D6 -> Acionador Manual de Alarme de Incêndio | F46: =Térreo!E6 -> 11 | G46: 1 | H46: 0 | I46: =(F46+H46*F46)*G46 -> 11 | J46: pç | K46: =_xlfn.XLOOKUP($E46,PREÇO!$C$7:$C$91,PREÇO!$E$7:$E$91) -> 65 | L46: =IF(SUM(F46:K46)=0,SUMIFS($L47:$L$1593,$B47:$B$1593,$B46,$A47:$A$1593,$A46),I46*K46) -> 715 | N46: GERAL | O46: GERAL | P46: =SUMIFS($L$7:$L$1260,$C$7:$C$1260,P$6,$B$7:$B$1260,$O46,$A$7:$A$1260,$N46) -> 776164.13 | Q46: =SUMIFS($L$7:$L$1260,$C$7:$C$1260,Q$6,$B$7:$B$1260,$O46,$A$7:$A$1260,$N46) -> 0 | R46: =SUMIFS($L$7:$L$1260,$C$7:$C$1260,R$6,$B$7:$B$1260,$O46,$A$7:$A$1260,$N46) -> 0 | S46: =SUM(P46:R46) -> 776164.13
A47: =A46 -> GERAL | B47: =B46 -> 1° PAV. TÉRREO | C47: Cabeamento e equipamentos alarme de incêndio | D47: =_xlfn.XLOOKUP('Equipamentos de emergência'!E47,Térreo!$D$6:$D$66,Térreo!$C$6:$C$66) -> Anunciadores | E47: =Térreo!D7 -> Anunciador Audiovisual de Alarme de Incêndio de Parede | F47: =Térreo!E7 -> 11 | G47: 1 | H47: 0 | I47: =(F47+H47*F47)*G47 -> 11 | J47: pç | K47: =_xlfn.XLOOKUP($E47,PREÇO!$C$7:$C$91,PREÇO!$E$7:$E$91) -> 191.81 | L47: =IF(SUM(F47:K47)=0,SUMIFS($L48:$L$1593,$B48:$B$1593,$B47,$A48:$A$1593,$A47),I47*K47) -> 2109.91 | N47: GERAL | P47: =SUMIFS($L$7:$L$1260,$C$7:$C$1260,P$6,$B$7:$B$1260,$O47,$A$7:$A$1260,$N47) -> 0 | Q47: =SUMIFS($L$7:$L$1260,$C$7:$C$1260,Q$6,$B$7:$B$1260,$O47,$A$7:$A$1260,$N47) -> 0 | R47: =SUMIFS($L$7:$L$1260,$C$7:$C$1260,R$6,$B$7:$B$1260,$O47,$A$7:$A$1260,$N47) -> 0 | S47: =SUM(P47:R47) -> 0
A48: =A47 -> GERAL | B48: =B47 -> 1° PAV. TÉRREO | C48: Cabeamento e equipamentos alarme de incêndio | D48: =_xlfn.XLOOKUP('Equipamentos de emergência'!E48,Térreo!$D$6:$D$66,Térreo!$C$6:$C$66) -> Atuadores | E48: =Térreo!D8 -> Atuador Janela Desenfumagem | F48: =Térreo!E8 -> 1 | G48: 1 | H48: 0 | I48: =(F48+H48*F48)*G48 -> 1 | J48: pç | K48: =_xlfn.XLOOKUP($E48,PREÇO!$C$7:$C$91,PREÇO!$E$7:$E$91) -> 1150 | L48: =IF(SUM(F48:K48)=0,SUMIFS($L49:$L$1593,$B49:$B$1593,$B48,$A49:$A$1593,$A48),I48*K48) -> 1150 | P48: =SUM(P7:P47) -> 1589806.8 | Q48: =SUM(Q7:Q47) -> 125358.5 | R48: =SUM(R7:R47) -> 239901.02 | S48: =SUM(S7:S47) -> 1955066.3
A49: =A48 -> GERAL | B49: =B48 -> 1° PAV. TÉRREO | C49: Cabeamento e equipamentos alarme de incêndio | D49: =_xlfn.XLOOKUP('Equipamentos de emergência'!E49,Térreo!$D$6:$D$66,Térreo!$C$6:$C$66) -> Central de Alarme | E49: =Térreo!D9 -> Central de Alarme de Incêndio | F49: =Térreo!E9 -> 2 | G49: 1 | H49: 0 | I49: =(F49+H49*F49)*G49 -> 2 | J49: pç | K49: =_xlfn.XLOOKUP($E49,PREÇO!$C$7:$C$91,PREÇO!$E$7:$E$91) -> 855.86 | L49: =IF(SUM(F49:K49)=0,SUMIFS($L50:$L$1593,$B50:$B$1593,$B49,$A50:$A$1593,$A49),I49*K49) -> 1711.72
A50: =A49 -> GERAL | B50: =B49 -> 1° PAV. TÉRREO | C50: Cabeamento e equipamentos alarme de incêndio | D50: =_xlfn.XLOOKUP('Equipamentos de emergência'!E50,Térreo!$D$6:$D$66,Térreo!$C$6:$C$66) -> Central de Alarme | E50: =Térreo!D10 -> Repetidor para Central de Alarme de Incêndio | F50: =Térreo!E10 -> 1 | G50: 1 | H50: 0 | I50: =(F50+H50*F50)*G50 -> 1 | J50: pç | K50: =_xlfn.XLOOKUP($E50,PREÇO!$C$7:$C$91,PREÇO!$E$7:$E$91) -> 922.9 | L50: =IF(SUM(F50:K50)=0,SUMIFS($L51:$L$1593,$B51:$B$1593,$B50,$A51:$A$1593,$A50),I50*K50) -> 922.9
A51: =A50 -> GERAL | B51: =B50 -> 1° PAV. TÉRREO | C51: Cabeamento e equipamentos alarme de incêndio | D51: =_xlfn.XLOOKUP('Equipamentos de emergência'!E51,Térreo!$D$6:$D$66,Térreo!$C$6:$C$66) -> Sensores | E51: =Térreo!D11 -> Sensor de Fumaça | F51: =Térreo!E11 -> 14 | G51: 1 | H51: 0 | I51: =(F51+H51*F51)*G51 -> 14 | J51: pç | K51: =_xlfn.XLOOKUP($E51,PREÇO!$C$7:$C$91,PREÇO!$E$7:$E$91) -> 53.9 | L51: =IF(SUM(F51:K51)=0,SUMIFS($L52:$L$1593,$B52:$B$1593,$B51,$A52:$A$1593,$A51),I51*K51) -> 754.6
A52: =A51 -> GERAL | B52: =B51 -> 1° PAV. TÉRREO | C52: Cabeamento e equipamentos alarme de incêndio | D52: =_xlfn.XLOOKUP('Equipamentos de emergência'!E52,Térreo!$D$6:$D$66,Térreo!$C$6:$C$66) -> Sensores | E52: =Térreo!D12 -> Sensor de Fumaça para Duto | F52: =Térreo!E12 -> 1 | G52: 1 | H52: 0 | I52: =(F52+H52*F52)*G52 -> 1 | J52: pç | K52: =_xlfn.XLOOKUP($E52,PREÇO!$C$7:$C$91,PREÇO!$E$7:$E$91) -> 3680 | L52: =IF(SUM(F52:K52)=0,SUMIFS($L53:$L$1593,$B53:$B$1593,$B52,$A53:$A$1593,$A52),I52*K52) -> 3680
A53: =A52 -> GERAL | B53: =B52 -> 1° PAV. TÉRREO | C53: Cabeamento e equipamentos alarme de incêndio | D53: =_xlfn.XLOOKUP('Equipamentos de emergência'!E53,Térreo!$D$6:$D$66,Térreo!$C$6:$C$66) -> Caixas | E53: =Térreo!D15 -> Caixa Octogonal Padrão NBR IEC 60670 | F53: =Térreo!E15 -> 116 | G53: 1 | H53: 0 | I53: =(F53+H53*F53)*G53 -> 116 | J53: pç | K53: =_xlfn.XLOOKUP($E53,PREÇO!$C$7:$C$91,PREÇO!$E$7:$E$91) -> 5.32 | L53: =IF(SUM(F53:K53)=0,SUMIFS($L54:$L$1593,$B54:$B$1593,$B53,$A54:$A$1593,$A53),I53*K53) -> 617.12
A54: =A53 -> GERAL | B54: =B53 -> 1° PAV. TÉRREO | C54: Cabeamento e equipamentos alarme de incêndio | D54: =_xlfn.XLOOKUP('Equipamentos de emergência'!E54,Térreo!$D$6:$D$66,Térreo!$C$6:$C$66) -> Placas | E54: =Térreo!D16 -> Placa cega para caixa octogonal Padrão NBR IEC 60670 | F54: =Térreo!E16 -> 41 | G54: 1 | H54: 0 | I54: =(F54+H54*F54)*G54 -> 41 | J54: pç | K54: =_xlfn.XLOOKUP($E54,PREÇO!$C$7:$C$91,PREÇO!$E$7:$E$91) -> 2.5 | L54: =IF(SUM(F54:K54)=0,SUMIFS($L55:$L$1593,$B55:$B$1593,$B54,$A55:$A$1593,$A54),I54*K54) -> 102.5
A55: =A54 -> GERAL | B55: =B54 -> 1° PAV. TÉRREO | C55: Cabeamento e equipamentos alarme de incêndio | D55: =_xlfn.XLOOKUP('Equipamentos de emergência'!E55,Térreo!$D$6:$D$66,Térreo!$C$6:$C$66) -> Caixas | E55: =Térreo!D19 -> Caixa 4x2" de Embutir em PVC Padrão NBR IEC 60670 | F55: =Térreo!E19 -> 197 | G55: 1 | H55: 0 | I55: =(F55+H55*F55)*G55 -> 197 | J55: pç | K55: =_xlfn.XLOOKUP($E55,PREÇO!$C$7:$C$91,PREÇO!$E$7:$E$91) -> 1.72 | L55: =IF(SUM(F55:K55)=0,SUMIFS($L56:$L$1593,$B56:$B$1593,$B55,$A56:$A$1593,$A55),I55*K55) -> 338.84
A56: =A55 -> GERAL | B56: =B55 -> 1° PAV. TÉRREO | C56: Cabeamento e equipamentos alarme de incêndio | D56: =_xlfn.XLOOKUP('Equipamentos de emergência'!E56,Térreo!$D$6:$D$66,Térreo!$C$6:$C$66) -> Caixas | E56: =Térreo!D20 -> Caixa 4x4" de Embutir em PVC Padrão NBR IEC 60670 | F56: =Térreo!E20 -> 2 | G56: 1 | H56: 0 | I56: =(F56+H56*F56)*G56 -> 2 | J56: pç | K56: =_xlfn.XLOOKUP($E56,PREÇO!$C$7:$C$91,PREÇO!$E$7:$E$91) -> 1.72 | L56: =IF(SUM(F56:K56)=0,SUMIFS($L57:$L$1593,$B57:$B$1593,$B56,$A57:$A$1593,$A56),I56*K56) -> 3.44
A57: =A56 -> GERAL | B57: =B56 -> 1° PAV. TÉRREO | C57: Cabeamento e equipamentos alarme de incêndio | D57: =_xlfn.XLOOKUP('Equipamentos de emergência'!E57,Térreo!$D$6:$D$66,Térreo!$C$6:$C$66) -> Placas | E57: =Térreo!D21 -> Placa 4x2" cega Padrão NBR IEC 60670 | F57: =Térreo!E21 -> 113 | G57: 1 | H57: 0 | I57: =(F57+H57*F57)*G57 -> 113 | J57: pç | K57: =_xlfn.XLOOKUP($E57,PREÇO!$C$7:$C$91,PREÇO!$E$7:$E$91) -> 4.59 | L57: =IF(SUM(F57:K57)=0,SUMIFS($L58:$L$1593,$B58:$B$1593,$B57,$A58:$A$1593,$A57),I57*K57) -> 518.67
A58: =A57 -> GERAL | B58: =B57 -> 1° PAV. TÉRREO | C58: Cabeamento e equipamentos alarme de incêndio | D58: =_xlfn.XLOOKUP('Equipamentos de emergência'!E58,Térreo!$D$6:$D$66,Térreo!$C$6:$C$66) -> Placas | E58: =Térreo!D22 -> Placa 4x2" com furo para saída de cabos Padrão NBR IEC 60670 | F58: =Térreo!E22 -> 84 | G58: 1 | H58: 0 | I58: =(F58+H58*F58)*G58 -> 84 | J58: pç | K58: =_xlfn.XLOOKUP($E58,PREÇO!$C$7:$C$91,PREÇO!$E$7:$E$91) -> 6.55 | L58: =IF(SUM(F58:K58)=0,SUMIFS($L59:$L$1593,$B59:$B$1593,$B58,$A59:$A$1593,$A58),I58*K58) -> 550.2
A59: =A58 -> GERAL | B59: =B58 -> 1° PAV. TÉRREO | C59: Cabeamento e equipamentos alarme de incêndio | D59: =_xlfn.XLOOKUP('Equipamentos de emergência'!E59,Térreo!$D$6:$D$66,Térreo!$C$6:$C$66) -> Placas | E59: =Térreo!D23 -> Placa 4x4" cega Padrão NBR IEC 60670 | F59: =Térreo!E23 -> 2 | G59: 1 | H59: 0 | I59: =(F59+H59*F59)*G59 -> 2 | J59: pç | K59: =_xlfn.XLOOKUP($E59,PREÇO!$C$7:$C$91,PREÇO!$E$7:$E$91) -> 12.25 | L59: =IF(SUM(F59:K59)=0,SUMIFS($L60:$L$1593,$B60:$B$1593,$B59,$A60:$A$1593,$A59),I59*K59) -> 24.5
A60: =A59 -> GERAL | B60: =B59 -> 1° PAV. TÉRREO | C60: Cabeamento e equipamentos alarme de incêndio | D60: =_xlfn.XLOOKUP('Equipamentos de emergência'!E60,Térreo!$D$6:$D$66,Térreo!$C$6:$C$66) -> Suportes | E60: =Térreo!D24 -> Suporte p/ caixa 4x2" Padrão NBR IEC 60670 | F60: =Térreo!E24 -> 197 | G60: 1 | H60: 0 | I60: =(F60+H60*F60)*G60 -> 197 | J60: pç | K60: =_xlfn.XLOOKUP($E60,PREÇO!$C$7:$C$91,PREÇO!$E$7:$E$91) -> 1.85 | L60: =IF(SUM(F60:K60)=0,SUMIFS($L61:$L$1593,$B61:$B$1593,$B60,$A61:$A$1593,$A60),I60*K60) -> 364.45
A61: =A60 -> GERAL | B61: =B60 -> 1° PAV. TÉRREO | C61: Cabeamento e equipamentos alarme de incêndio | D61: =_xlfn.XLOOKUP('Equipamentos de emergência'!E61,Térreo!$D$6:$D$66,Térreo!$C$6:$C$66) -> Suportes | E61: =Térreo!D25 -> Suporte p/ caixa 4x4" Padrão NBR IEC 60670 | F61: =Térreo!E25 -> 2 | G61: 1 | H61: 0 | I61: =(F61+H61*F61)*G61 -> 2 | J61: pç | K61: =_xlfn.XLOOKUP($E61,PREÇO!$C$7:$C$91,PREÇO!$E$7:$E$91) -> 3.15 | L61: =IF(SUM(F61:K61)=0,SUMIFS($L62:$L$1593,$B62:$B$1593,$B61,$A62:$A$1593,$A61),I61*K61) -> 6.3
A62: =A61 -> GERAL | B62: =B61 -> 1° PAV. TÉRREO | C62: Cabeamento e equipamentos alarme de incêndio | D62: =_xlfn.XLOOKUP('Equipamentos de emergência'!E62,Térreo!$D$6:$D$66,Térreo!$C$6:$C$66) -> Embutir | E62: =Térreo!D28 -> Cx de passagem de embutir com dimensão de 50x50x15 cm | F62: =Térreo!E28 -> 1 | G62: 1 | H62: 0 | I62: =(F62+H62*F62)*G62 -> 1 | J62: pç | K62: =_xlfn.XLOOKUP($E62,PREÇO!$C$7:$C$91,PREÇO!$E$7:$E$91) -> 291.6 | L62: =IF(SUM(F62:K62)=0,SUMIFS($L63:$L$1593,$B63:$B$1593,$B62,$A63:$A$1593,$A62),I62*K62) -> 291.6
A63: =A62 -> GERAL | B63: =B62 -> 1° PAV. TÉRREO | C63: Cabeamento e equipamentos alarme de incêndio | D63: Eletrodutos | E63: =Térreo!C31&" "&Térreo!D31 -> PVC Flexível Antichama - NBR 15465 ø1" | F63: =Térreo!E31 -> 205.47 | G63: 1 | H63: 0 | I63: =(F63+H63*F63)*G63 -> 205.47 | J63: pç | K63: =_xlfn.XLOOKUP($E63,PREÇO!$C$7:$C$91,PREÇO!$E$7:$E$91) -> 2.53 | L63: =IF(SUM(F63:K63)=0,SUMIFS($L64:$L$1593,$B64:$B$1593,$B63,$A64:$A$1593,$A63),I63*K63) -> 519.8391
A64: =A63 -> GERAL | B64: =B63 -> 1° PAV. TÉRREO | C64: Cabeamento e equipamentos alarme de incêndio | D64: Eletrodutos | E64: =Térreo!C32&" "&Térreo!D32 -> PVC Flexível Antichama - NBR 15465 ø3/4" | F64: =Térreo!E32 -> 690.61 | G64: 1 | H64: 0 | I64: =(F64+H64*F64)*G64 -> 690.61 | J64: pç | K64: =_xlfn.XLOOKUP($E64,PREÇO!$C$7:$C$91,PREÇO!$E$7:$E$91) -> 1.8 | L64: =IF(SUM(F64:K64)=0,SUMIFS($L65:$L$1593,$B65:$B$1593,$B64,$A65:$A$1593,$A64),I64*K64) -> 1243.098
A65: =A64 -> GERAL | B65: =B64 -> 1° PAV. TÉRREO | C65: Automação iluminação de emergência | D65: =_xlfn.XLOOKUP('Equipamentos de emergência'!E65,Térreo!$D$6:$D$66,Térreo!$C$6:$C$66) -> Blocos Autônomos | E65: =Térreo!D35 -> Luminária de Emergência de Parede - Autônoma | F65: =Térreo!E35 -> 8 | G65: 1 | H65: 0 | I65: =(F65+H65*F65)*G65 -> 8 | J65: pç | K65: =_xlfn.XLOOKUP($E65,PREÇO!$C$7:$C$91,PREÇO!$E$7:$E$91) -> 59.9 | L65: =IF(SUM(F65:K65)=0,SUMIFS($L66:$L$1593,$B66:$B$1593,$B65,$A66:$A$1593,$A65),I65*K65) -> 479.2
A66: =A65 -> GERAL | B66: =B65 -> 1° PAV. TÉRREO | C66: Automação iluminação de emergência | D66: =_xlfn.XLOOKUP('Equipamentos de emergência'!E66,Térreo!$D$6:$D$66,Térreo!$C$6:$C$66) -> Blocos Autônomos | E66: =Térreo!D36 -> Placa de Saída de Parede sem Direção - Autônoma | F66: =Térreo!E36 -> 1 | G66: 1 | H66: 0 | I66: =(F66+H66*F66)*G66 -> 1 | J66: pç | K66: =_xlfn.XLOOKUP($E66,PREÇO!$C$7:$C$91,PREÇO!$E$7:$E$91) -> 62.9 | L66: =IF(SUM(F66:K66)=0,SUMIFS($L67:$L$1593,$B67:$B$1593,$B66,$A67:$A$1593,$A66),I66*K66) -> 62.9
A67: =A66 -> GERAL | B67: =B66 -> 1° PAV. TÉRREO | C67: Automação iluminação de emergência | D67: =_xlfn.XLOOKUP('Equipamentos de emergência'!E67,Térreo!$D$6:$D$66,Térreo!$C$6:$C$66) -> Blocos Autônomos | E67: =Térreo!D37 -> Placa de Saída de Teto sem Direção - Autônoma | F67: =Térreo!E37 -> 3 | G67: 1 | H67: 0 | I67: =(F67+H67*F67)*G67 -> 3 | J67: pç | K67: =_xlfn.XLOOKUP($E67,PREÇO!$C$7:$C$91,PREÇO!$E$7:$E$91) -> 62.9 | L67: =IF(SUM(F67:K67)=0,SUMIFS($L68:$L$1593,$B68:$B$1593,$B67,$A68:$A$1593,$A67),I67*K67) -> 188.7
A68: =A67 -> GERAL | B68: =B67 -> 1° PAV. TÉRREO | C68: Automação iluminação de emergência | D68: =_xlfn.XLOOKUP('Equipamentos de emergência'!E68,Térreo!$D$6:$D$66,Térreo!$C$6:$C$66) -> Luminárias e Placas de Saída | E68: =Térreo!D38 -> Luminária de Emergência 24V de Parede | F68: =Térreo!E38 -> 110 | G68: 1 | H68: 0 | I68: =(F68+H68*F68)*G68 -> 110 | J68: pç | K68: =_xlfn.XLOOKUP($E68,PREÇO!$C$7:$C$91,PREÇO!$E$7:$E$91) -> 15.9 | L68: =IF(SUM(F68:K68)=0,SUMIFS($L69:$L$1593,$B69:$B$1593,$B68,$A69:$A$1593,$A68),I68*K68) -> 1749
A69: =A68 -> GERAL | B69: =B68 -> 1° PAV. TÉRREO | C69: Automação iluminação de emergência | D69: =_xlfn.XLOOKUP('Equipamentos de emergência'!E69,Térreo!$D$6:$D$66,Térreo!$C$6:$C$66) -> Luminárias e Placas de Saída | E69: =Térreo!D39 -> Luminária de Emergência 24V de Teto | F69: =Térreo!E39 -> 41 | G69: 1 | H69: 0 | I69: =(F69+H69*F69)*G69 -> 41 | J69: pç | K69: =_xlfn.XLOOKUP($E69,PREÇO!$C$7:$C$91,PREÇO!$E$7:$E$91) -> 69.9 | L69: =IF(SUM(F69:K69)=0,SUMIFS($L70:$L$1593,$B70:$B$1593,$B69,$A70:$A$1593,$A69),I69*K69) -> 2865.9
A70: =A69 -> GERAL | B70: =B69 -> 1° PAV. TÉRREO | C70: Extintores e placas de sinalização | D70: =_xlfn.XLOOKUP('Equipamentos de emergência'!E70,Térreo!$D$6:$D$66,Térreo!$C$6:$C$66) -> Luminárias e Placas de Saída | E70: =Térreo!D40 -> Placa de Saída 24V de Parede com Direção | F70: =Térreo!E40 -> 16 | G70: 1 | H70: 0 | I70: =(F70+H70*F70)*G70 -> 16 | J70: pç | K70: =_xlfn.XLOOKUP($E70,PREÇO!$C$7:$C$91,PREÇO!$E$7:$E$91) -> 67.9 | L70: =IF(SUM(F70:K70)=0,SUMIFS($L71:$L$1593,$B71:$B$1593,$B70,$A71:$A$1593,$A70),I70*K70) -> 1086.4
A71: =A70 -> GERAL | B71: =B70 -> 1° PAV. TÉRREO | C71: Extintores e placas de sinalização | D71: =_xlfn.XLOOKUP('Equipamentos de emergência'!E71,Térreo!$D$6:$D$66,Térreo!$C$6:$C$66) -> Luminárias e Placas de Saída | E71: =Térreo!D41 -> Placa de Saída 24V de Parede sem Direção | F71: =Térreo!E41 -> 29 | G71: 1 | H71: 0 | I71: =(F71+H71*F71)*G71 -> 29 | J71: pç | K71: =_xlfn.XLOOKUP($E71,PREÇO!$C$7:$C$91,PREÇO!$E$7:$E$91) -> 61.66 | L71: =IF(SUM(F71:K71)=0,SUMIFS($L72:$L$1593,$B72:$B$1593,$B71,$A72:$A$1593,$A71),I71*K71) -> 1788.14
A72: =A71 -> GERAL | B72: =B71 -> 1° PAV. TÉRREO | C72: Extintores e placas de sinalização | D72: =_xlfn.XLOOKUP('Equipamentos de emergência'!E72,Térreo!$D$6:$D$66,Térreo!$C$6:$C$66) -> Luminárias e Placas de Saída | E72: =Térreo!D42 -> Placa de Saída 24V de Teto sem Direção | F72: =Térreo!E42 -> 4 | G72: 1 | H72: 0 | I72: =(F72+H72*F72)*G72 -> 4 | J72: pç | K72: =_xlfn.XLOOKUP($E72,PREÇO!$C$7:$C$91,PREÇO!$E$7:$E$91) -> 61.66 | L72: =IF(SUM(F72:K72)=0,SUMIFS($L73:$L$1593,$B73:$B$1593,$B72,$A73:$A$1593,$A72),I72*K72) -> 246.64
A73: =A72 -> GERAL | B73: =B72 -> 1° PAV. TÉRREO | C73: Extintores e placas de sinalização | D73: =_xlfn.XLOOKUP('Equipamentos de emergência'!E73,Térreo!$D$6:$D$66,Térreo!$C$6:$C$66) -> Luminárias e Placas de Saída | E73: =Térreo!D43 -> Placa de Saída Dupla Face 24V de Teto com Direção | F73: =Térreo!E43 -> 7 | G73: 1 | H73: 0 | I73: =(F73+H73*F73)*G73 -> 7 | J73: pç | K73: =_xlfn.XLOOKUP($E73,PREÇO!$C$7:$C$91,PREÇO!$E$7:$E$91) -> 61.66 | L73: =IF(SUM(F73:K73)=0,SUMIFS($L75:$L$1593,$B75:$B$1593,$B73,$A75:$A$1593,$A73),I73*K73) -> 431.62
A74: =A72 -> GERAL | B74: =B73 -> 1° PAV. TÉRREO | C74: Extintores e placas de sinalização | D74: Extintior | E74: Extintor ABC | F74: 14 | G74: 1 | H74: 0 | I74: =(F74+H74*F74)*G74 -> 14 | J74: Unidade | K74: =_xlfn.XLOOKUP($E74,PREÇO!$C$7:$C$91,PREÇO!$E$7:$E$91) -> 646.56 | L74: =IF(SUM(F74:K74)=0,SUMIFS($L75:$L$1593,$B75:$B$1593,$B74,$A75:$A$1593,$A74),I74*K74) -> 9051.84
A75: =A73 -> GERAL | B75: =B73 -> 1° PAV. TÉRREO | C75: Automação iluminação de emergência | D75: =_xlfn.XLOOKUP('Equipamentos de emergência'!E75,Térreo!$D$6:$D$66,Térreo!$C$6:$C$66) -> Sensores de Presença | E75: =Térreo!D44 -> Sensor de Presença 24V de teto | F75: =Térreo!E44 -> 20 | G75: 1 | H75: 0 | I75: =(F75+H75*F75)*G75 -> 20 | J75: pç | K75: =_xlfn.XLOOKUP($E75,PREÇO!$C$7:$C$91,PREÇO!$E$7:$E$91) -> 38.4 | L75: =IF(SUM(F75:K75)=0,SUMIFS($L76:$L$1593,$B76:$B$1593,$B75,$A76:$A$1593,$A75),I75*K75) -> 768
A76: =A75 -> GERAL | B76: =B75 -> 1° PAV. TÉRREO | C76: Cabeamento e equipamentos alarme de incêndio | D76: Cabo Unipolar Cobre | E76: =Térreo!C47&" "&Térreo!D47 -> Isolação em PVC (70ºC) 1.5 mm² - Amarelo | F76: =Térreo!E47 -> 227.56 | G76: 1 | H76: 0 | I76: =(F76+H76*F76)*G76 -> 227.56 | J76: m | K76: =_xlfn.XLOOKUP($E76,PREÇO!$C$7:$C$91,PREÇO!$E$7:$E$91) -> 1.59 | L76: =IF(SUM(F76:K76)=0,SUMIFS($L77:$L$1593,$B77:$B$1593,$B76,$A77:$A$1593,$A76),I76*K76) -> 361.8204
A77: =A76 -> GERAL | B77: =B76 -> 1° PAV. TÉRREO | C77: Cabeamento e equipamentos alarme de incêndio | D77: Cabo Unipolar Cobre | E77: =Térreo!C48&" "&Térreo!D48 -> Isolação em PVC (70ºC) 1.5 mm² - Preto | F77: =Térreo!E48 -> 113.78 | G77: 1 | H77: 0 | I77: =(F77+H77*F77)*G77 -> 113.78 | J77: m | K77: =_xlfn.XLOOKUP($E77,PREÇO!$C$7:$C$91,PREÇO!$E$7:$E$91) -> 1.59 | L77: =IF(SUM(F77:K77)=0,SUMIFS($L78:$L$1593,$B78:$B$1593,$B77,$A78:$A$1593,$A77),I77*K77) -> 180.9102
A78: =A77 -> GERAL | B78: =B77 -> 1° PAV. TÉRREO | C78: Cabeamento e equipamentos alarme de incêndio | D78: Cabo Unipolar Cobre | E78: =Térreo!C49&" "&Térreo!D49 -> Isolação em PVC (70ºC) 1.5 mm² - Vermelho | F78: =Térreo!E49 -> 113.78 | G78: 1 | H78: 0 | I78: =(F78+H78*F78)*G78 -> 113.78 | J78: m | K78: =_xlfn.XLOOKUP($E78,PREÇO!$C$7:$C$91,PREÇO!$E$7:$E$91) -> 1.59 | L78: =IF(SUM(F78:K78)=0,SUMIFS($L79:$L$1593,$B79:$B$1593,$B78,$A79:$A$1593,$A78),I78*K78) -> 180.9102
A79: =A78 -> GERAL | B79: =B78 -> 1° PAV. TÉRREO | C79: Cabeamento e equipamentos alarme de incêndio | D79: Cabo Unipolar Cobre | E79: =Térreo!C50&" "&Térreo!D50 -> Isolação em PVC (70ºC) 2.5 mm² - Amarelo | F79: =Térreo!E50 -> 15.5 | G79: 1 | H79: 0 | I79: =(F79+H79*F79)*G79 -> 15.5 | J79: m | K79: =_xlfn.XLOOKUP($E79,PREÇO!$C$7:$C$91,PREÇO!$E$7:$E$91) -> 2.19 | L79: =IF(SUM(F79:K79)=0,SUMIFS($L80:$L$1593,$B80:$B$1593,$B79,$A80:$A$1593,$A79),I79*K79) -> 33.945
A80: =A79 -> GERAL | B80: =B79 -> 1° PAV. TÉRREO | C80: Cabeamento e equipamentos alarme de incêndio | D80: Cabo Unipolar Cobre | E80: =Térreo!C51&" "&Térreo!D51 -> Isolação em PVC (70ºC) 2.5 mm² - Preto | F80: =Térreo!E51 -> 217.09 | G80: 1 | H80: 0 | I80: =(F80+H80*F80)*G80 -> 217.09 | J80: m | K80: =_xlfn.XLOOKUP($E80,PREÇO!$C$7:$C$91,PREÇO!$E$7:$E$91) -> 2.19 | L80: =IF(SUM(F80:K80)=0,SUMIFS($L81:$L$1593,$B81:$B$1593,$B80,$A81:$A$1593,$A80),I80*K80) -> 475.4271
A81: =A80 -> GERAL | B81: =B80 -> 1° PAV. TÉRREO | C81: Cabeamento e equipamentos alarme de incêndio | D81: Cabo Unipolar Cobre | E81: =Térreo!C52&" "&Térreo!D52 -> Isolação em PVC (70ºC) 2.5 mm² - Vermelho | F81: =Térreo!E52 -> 217.09 | G81: 1 | H81: 0 | I81: =(F81+H81*F81)*G81 -> 217.09 | J81: m | K81: =_xlfn.XLOOKUP($E81,PREÇO!$C$7:$C$91,PREÇO!$E$7:$E$91) -> 2.19 | L81: =IF(SUM(F81:K81)=0,SUMIFS($L82:$L$1593,$B82:$B$1593,$B81,$A82:$A$1593,$A81),I81*K81) -> 475.4271
A82: =A81 -> GERAL | B82: =B81 -> 1° PAV. TÉRREO | C82: Cabeamento e equipamentos alarme de incêndio | D82: Cabo Unipolar Cobre | E82: =Térreo!C53&" "&Térreo!D53 -> Isolação em PVC (70ºC) 4 mm² - Preto | F82: =Térreo!E53 -> 546.89 | G82: 1 | H82: 0 | I82: =(F82+H82*F82)*G82 -> 546.89 | J82: m | K82: =_xlfn.XLOOKUP($E82,PREÇO!$C$7:$C$91,PREÇO!$E$7:$E$91) -> 3.89 | L82: =IF(SUM(F82:K82)=0,SUMIFS($L83:$L$1593,$B83:$B$1593,$B82,$A83:$A$1593,$A82),I82*K82) -> 2127.4021
A83: =A82 -> GERAL | B83: =B82 -> 1° PAV. TÉRREO | C83: Cabeamento e equipamentos alarme de incêndio | D83: Cabo Unipolar Cobre | E83: =Térreo!C54&" "&Térreo!D54 -> Isolação em PVC (70ºC) 4 mm² - Vermelho | F83: =Térreo!E54 -> 546.89 | G83: 1 | H83: 0 | I83: =(F83+H83*F83)*G83 -> 546.89 | J83: m | K83: =_xlfn.XLOOKUP($E83,PREÇO!$C$7:$C$91,PREÇO!$E$7:$E$91) -> 3.89 | L83: =IF(SUM(F83:K83)=0,SUMIFS($L84:$L$1593,$B84:$B$1593,$B83,$A84:$A$1593,$A83),I83*K83) -> 2127.4021
A84: =A83 -> GERAL | B84: =B83 -> 1° PAV. TÉRREO | C84: Cabeamento e equipamentos alarme de incêndio | D84: Cabo Unipolar Cobre | E84: =Térreo!C55&" "&Térreo!D55 -> Isolação em PVC (70ºC) 6 mm² - Preto | F84: =Térreo!E55 -> 559.28 | G84: 1 | H84: 0 | I84: =(F84+H84*F84)*G84 -> 559.28 | J84: m | K84: =_xlfn.XLOOKUP($E84,PREÇO!$C$7:$C$91,PREÇO!$E$7:$E$91) -> 5.79 | L84: =IF(SUM(F84:K84)=0,SUMIFS($L85:$L$1593,$B85:$B$1593,$B84,$A85:$A$1593,$A84),I84*K84) -> 3238.2312
A85: =A84 -> GERAL | B85: =B84 -> 1° PAV. TÉRREO | C85: Cabeamento e equipamentos alarme de incêndio | D85: Cabo Unipolar Cobre | E85: =Térreo!C56&" "&Térreo!D56 -> Isolação em PVC (70ºC) 6 mm² - Vermelho | F85: =Térreo!E56 -> 559.28 | G85: 1 | H85: 0 | I85: =(F85+H85*F85)*G85 -> 559.28 | J85: m | K85: =_xlfn.XLOOKUP($E85,PREÇO!$C$7:$C$91,PREÇO!$E$7:$E$91) -> 5.79 | L85: =IF(SUM(F85:K85)=0,SUMIFS($L86:$L$1593,$B86:$B$1593,$B85,$A86:$A$1593,$A85),I85*K85) -> 3238.2312
A86: =A85 -> GERAL | B86: =B85 -> 1° PAV. TÉRREO | C86: Cabeamento e equipamentos alarme de incêndio | D86: Eletrodutos | E86: =Térreo!C60&" "&Térreo!D60 -> PVC Flexível Antichama - NBR 15465 ø1" | F86: =Térreo!E60 -> 385.44 | G86: 1 | H86: 0 | I86: =(F86+H86*F86)*G86 -> 385.44 | J86: m | K86: =_xlfn.XLOOKUP($E86,PREÇO!$C$7:$C$91,PREÇO!$E$7:$E$91) -> 2.53 | L86: =IF(SUM(F86:K86)=0,SUMIFS($L87:$L$1593,$B87:$B$1593,$B86,$A87:$A$1593,$A86),I86*K86) -> 975.1632
A87: =A86 -> GERAL | B87: =B86 -> 1° PAV. TÉRREO | C87: Cabeamento e equipamentos alarme de incêndio | D87: Eletrodutos | E87: =Térreo!C61&" "&Térreo!D61 -> PVC Flexível Antichama - NBR 15465 ø3/4" | F87: =Térreo!E61 -> 13.06 | G87: 1 | H87: 0 | I87: =(F87+H87*F87)*G87 -> 13.06 | J87: m | K87: =_xlfn.XLOOKUP($E87,PREÇO!$C$7:$C$91,PREÇO!$E$7:$E$91) -> 1.8 | L87: =IF(SUM(F87:K87)=0,SUMIFS($L88:$L$1593,$B88:$B$1593,$B87,$A88:$A$1593,$A87),I87*K87) -> 23.508
A88: =A87 -> GERAL | B88: =B87 -> 1° PAV. TÉRREO | C88: Cabeamento e equipamentos alarme de incêndio | D88: Eletrodutos | E88: =Térreo!C62&" "&Térreo!D62 -> PVC Rígido - NBR 15465 ø2" | F88: =Térreo!E62 -> 3.6 | G88: 1 | H88: 0 | I88: =(F88+H88*F88)*G88 -> 3.6 | J88: m | K88: =_xlfn.XLOOKUP($E88,PREÇO!$C$7:$C$91,PREÇO!$E$7:$E$91) -> 25.33 | L88: =IF(SUM(F88:K88)=0,SUMIFS($L89:$L$1593,$B89:$B$1593,$B88,$A89:$A$1593,$A88),I88*K88) -> 91.188
A89: =A88 -> GERAL | B89: =B88 -> 1° PAV. TÉRREO | C89: Cabeamento e equipamentos alarme de incêndio | D89: Cabo blindado multipolar para alarme de incêndio | E89: =Térreo!C65&" "&Térreo!D65 -> Classe A - PVC Anti-chama - 105ºC - Isolação 600V 0.75 mm² | F89: =Térreo!E65 -> 375.82 | G89: 1 | H89: 0 | I89: =(F89+H89*F89)*G89 -> 375.82 | J89: m | K89: =_xlfn.XLOOKUP($E89,PREÇO!$C$7:$C$91,PREÇO!$E$7:$E$91) -> 0.99 | L89: =IF(SUM(F89:K89)=0,SUMIFS($L90:$L$1593,$B90:$B$1593,$B89,$A90:$A$1593,$A89),I89*K89) -> 372.0618
A90: =A89 -> GERAL | B90: =B89 -> 1° PAV. TÉRREO | C90: Cabeamento e equipamentos alarme de incêndio | D90: Cabo blindado multipolar para alarme de incêndio | E90: =Térreo!C66&" "&Térreo!D66 -> Classe B - PVC Anti-chama - 105ºC - Isolação 600V 1.5 mm² | F90: =Térreo!E66 -> 174.87 | G90: 1 | H90: 0 | I90: =(F90+H90*F90)*G90 -> 174.87 | J90: m | K90: =_xlfn.XLOOKUP($E90,PREÇO!$C$7:$C$91,PREÇO!$E$7:$E$91) -> 1.69 | L90: =IF(SUM(F90:K90)=0,SUMIFS($L91:$L$1593,$B91:$B$1593,$B90,$A91:$A$1593,$A90),I90*K90) -> 295.5303
A91: GERAL | B91: 2° PAV. - ESTAC. 01 | L91: =IF(SUM(F91:K91)=0,SUMIFS($L92:$L$1593,$B92:$B$1593,$B91,$A92:$A$1593,$A91),I91*K91) -> 39376.318
A92: =A91 -> GERAL | B92: =B91 -> 2° PAV. - ESTAC. 01 | C92: Cabeamento e equipamentos alarme de incêndio | D92: ='Garagem 01'!C6 -> Acionadores | E92: ='Garagem 01'!D6 -> Acionador Manual de Alarme de Incêndio | F92: ='Garagem 01'!E6 -> 7 | G92: 1 | H92: 0 | I92: =(F92+H92*F92)*G92 -> 7 | J92: ='Garagem 01'!F6 -> pç | K92: =_xlfn.XLOOKUP($E92,PREÇO!$C$7:$C$91,PREÇO!$E$7:$E$91) -> 65 | L92: =IF(SUM(F92:K92)=0,SUMIFS($L93:$L$1593,$B93:$B$1593,$B92,$A93:$A$1593,$A92),I92*K92) -> 455
A93: =A92 -> GERAL | B93: =B92 -> 2° PAV. - ESTAC. 01 | C93: Cabeamento e equipamentos alarme de incêndio | D93: ='Garagem 01'!C7 -> Anunciadores | E93: ='Garagem 01'!D7 -> Anunciador Audiovisual de Alarme de Incêndio de Parede | F93: ='Garagem 01'!E7 -> 7 | G93: 1 | H93: 0 | I93: =(F93+H93*F93)*G93 -> 7 | J93: ='Garagem 01'!F7 -> pç | K93: =_xlfn.XLOOKUP($E93,PREÇO!$C$7:$C$91,PREÇO!$E$7:$E$91) -> 191.81 | L93: =IF(SUM(F93:K93)=0,SUMIFS($L94:$L$1593,$B94:$B$1593,$B93,$A94:$A$1593,$A93),I93*K93) -> 1342.67
A94: =A93 -> GERAL | B94: =B93 -> 2° PAV. - ESTAC. 01 | C94: Cabeamento e equipamentos alarme de incêndio | D94: ='Garagem 01'!C8 -> Atuadores | E94: ='Garagem 01'!D8 -> Atuador Janela Desenfumagem | F94: ='Garagem 01'!E8 -> 1 | G94: 1 | H94: 0 | I94: =(F94+H94*F94)*G94 -> 1 | J94: ='Garagem 01'!F8 -> pç | K94: =_xlfn.XLOOKUP($E94,PREÇO!$C$7:$C$91,PREÇO!$E$7:$E$91) -> 1150 | L94: =IF(SUM(F94:K94)=0,SUMIFS($L95:$L$1593,$B95:$B$1593,$B94,$A95:$A$1593,$A94),I94*K94) -> 1150
A95: =A94 -> GERAL | B95: =B94 -> 2° PAV. - ESTAC. 01 | C95: Cabeamento e equipamentos alarme de incêndio | D95: ='Garagem 01'!C9 -> Atuadores | E95: ='Garagem 01'!D9 -> Dispositivo Eletromagnético de Porta Aberta | F95: ='Garagem 01'!E9 -> 1 | G95: 1 | H95: 0 | I95: =(F95+H95*F95)*G95 -> 1 | J95: ='Garagem 01'!F9 -> pç | K95: =_xlfn.XLOOKUP($E95,PREÇO!$C$7:$C$91,PREÇO!$E$7:$E$91) -> 416.9 | L95: =IF(SUM(F95:K95)=0,SUMIFS($L96:$L$1593,$B96:$B$1593,$B95,$A96:$A$1593,$A95),I95*K95) -> 416.9
A96: =A95 -> GERAL | B96: =B95 -> 2° PAV. - ESTAC. 01 | C96: Cabeamento e equipamentos alarme de incêndio | D96: ='Garagem 01'!C10 -> Sensores | E96: ='Garagem 01'!D10 -> Sensor de Fumaça | F96: ='Garagem 01'!E10 -> 7 | G96: 1 | H96: 0 | I96: =(F96+H96*F96)*G96 -> 7 | J96: ='Garagem 01'!F10 -> pç | K96: =_xlfn.XLOOKUP($E96,PREÇO!$C$7:$C$91,PREÇO!$E$7:$E$91) -> 53.9 | L96: =IF(SUM(F96:K96)=0,SUMIFS($L97:$L$1593,$B97:$B$1593,$B96,$A97:$A$1593,$A96),I96*K96) -> 377.3
A97: =A96 -> GERAL | B97: =B96 -> 2° PAV. - ESTAC. 01 | C97: Cabeamento e equipamentos alarme de incêndio | D97: ='Garagem 01'!C13 -> Caixas | E97: ='Garagem 01'!D13 -> Caixa Octogonal Padrão NBR IEC 60670 | F97: ='Garagem 01'!E13 -> 130 | G97: 1 | H97: 0 | I97: =(F97+H97*F97)*G97 -> 130 | J97: ='Garagem 01'!F13 -> pç | K97: =_xlfn.XLOOKUP($E97,PREÇO!$C$7:$C$91,PREÇO!$E$7:$E$91) -> 5.32 | L97: =IF(SUM(F97:K97)=0,SUMIFS($L98:$L$1593,$B98:$B$1593,$B97,$A98:$A$1593,$A97),I97*K97) -> 691.6
A98: =A97 -> GERAL | B98: =B97 -> 2° PAV. - ESTAC. 01 | C98: Cabeamento e equipamentos alarme de incêndio | D98: ='Garagem 01'!C14 -> Placas | E98: ='Garagem 01'!D14 -> Placa cega para caixa octogonal Padrão NBR IEC 60670 | F98: ='Garagem 01'!E14 -> 19 | G98: 1 | H98: 0 | I98: =(F98+H98*F98)*G98 -> 19 | J98: ='Garagem 01'!F14 -> pç | K98: =_xlfn.XLOOKUP($E98,PREÇO!$C$7:$C$91,PREÇO!$E$7:$E$91) -> 2.5 | L98: =IF(SUM(F98:K98)=0,SUMIFS($L99:$L$1593,$B99:$B$1593,$B98,$A99:$A$1593,$A98),I98*K98) -> 47.5
A99: =A98 -> GERAL | B99: =B98 -> 2° PAV. - ESTAC. 01 | C99: Cabeamento e equipamentos alarme de incêndio | D99: ='Garagem 01'!C17 -> Caixas | E99: ='Garagem 01'!D17 -> Caixa 4x2" de Embutir em PVC Padrão NBR IEC 60670 | F99: ='Garagem 01'!E17 -> 47 | G99: 1 | H99: 0 | I99: =(F99+H99*F99)*G99 -> 47 | J99: ='Garagem 01'!F17 -> pç | K99: =_xlfn.XLOOKUP($E99,PREÇO!$C$7:$C$91,PREÇO!$E$7:$E$91) -> 1.72 | L99: =IF(SUM(F99:K99)=0,SUMIFS($L100:$L$1593,$B100:$B$1593,$B99,$A100:$A$1593,$A99),I99*K99) -> 80.84
A100: =A99 -> GERAL | B100: =B99 -> 2° PAV. - ESTAC. 01 | C100: Cabeamento e equipamentos alarme de incêndio | D100: ='Garagem 01'!C18 -> Caixas | E100: ='Garagem 01'!D18 -> Caixa 4x4" de Embutir em PVC Padrão NBR IEC 60670 | F100: ='Garagem 01'!E18 -> 3 | G100: 1 | H100: 0 | I100: =(F100+H100*F100)*G100 -> 3 | J100: ='Garagem 01'!F18 -> pç | K100: =_xlfn.XLOOKUP($E100,PREÇO!$C$7:$C$91,PREÇO!$E$7:$E$91) -> 1.72 | L100: =IF(SUM(F100:K100)=0,SUMIFS($L101:$L$1593,$B101:$B$1593,$B100,$A101:$A$1593,$A100),I100*K100) -> 5.16
A101: =A100 -> GERAL | B101: =B100 -> 2° PAV. - ESTAC. 01 | C101: Cabeamento e equipamentos alarme de incêndio | D101: ='Garagem 01'!C19 -> Placas | E101: ='Garagem 01'!D19 -> Placa 4x2" cega Padrão NBR IEC 60670 | F101: ='Garagem 01'!E19 -> 7 | G101: 1 | H101: 0 | I101: =(F101+H101*F101)*G101 -> 7 | J101: ='Garagem 01'!F19 -> pç | K101: =_xlfn.XLOOKUP($E101,PREÇO!$C$7:$C$91,PREÇO!$E$7:$E$91) -> 4.59 | L101: =IF(SUM(F101:K101)=0,SUMIFS($L102:$L$1593,$B102:$B$1593,$B101,$A102:$A$1593,$A101),I101*K101) -> 32.13
...

Sheet Tipo 3A - x11
B2: Lista de Materiais (23º PAV. - TIPO 03A - x11 - LANÇAMENTO)
B3: Elétrica
B4: .. Alarme de Incêndio
B5: Nº | C5: Descrição | D5: Item | E5: Quantidade | F5: Unidade
B6: 1 | C6: Acionadores | D6: Acionador Manual de Alarme de Incêndio | E6: 1 | F6: pç
B7: 2 | C7: Anunciadores | D7: Anunciador Audiovisual de Alarme de Incêndio de Parede | E7: 1 | F7: pç
B8: 3 | C8: Anunciadores | D8: Anunciador Audiovisual de Alarme de Incêndio de Teto | E8: 2 | F8: pç
B9: 4 | C9: Atuadores | D9: Atuador Janela Desenfumagem | E9: 1 | F9: pç
B10: 5 | C10: Atuadores | D10: Dispositivo Eletromagnético de Porta Aberta | E10: 1 | F10: pç
B11: 6 | C11: Sensores | D11: Sensor de Fumaça | E11: 17 | F11: pç
B12: .. Caixa Octogonal
B13: Nº | C13: Descrição | D13: Item | E13: Quantidade | F13: Unidade
B14: 1 | C14: Caixas | D14: Caixa Octogonal Padrão NBR IEC 60670 | E14: 29 | F14: pç
B15: 2 | C15: Placas | D15: Placa cega para caixa octogonal Padrão NBR IEC 60670 | E15: 2 | F15: pç
B16: .. Caixas 4x2" e 4x4"
B17: Nº | C17: Descrição | D17: Item | E17: Quantidade | F17: Unidade
B18: 1 | C18: Caixas | D18: Caixa 4x2" de Embutir em PVC Padrão NBR IEC 60670 | E18: 9 | F18: pç
B19: 2 | C19: Placas | D19: Placa 4x2" cega Padrão NBR IEC 60670 | E19: 3 | F19: pç
B20: 3 | C20: Placas | D20: Placa 4x2" com furo para saída de cabos Padrão NBR IEC 60670 | E20: 6 | F20: pç
B21: 4 | C21: Suportes | D21: Suporte p/ caixa 4x2" Padrão NBR IEC 60670 | E21: 9 | F21: pç
B22: .. Eletrodutos
B23: Nº | C23: Descrição | D23: Item | E23: Quantidade | F23: Unidade
B24: 1 | C24: PVC Flexível Antichama - NBR 15465 | D24: ø1" | E24: 21 | F24: m
B25: 2 | C25: PVC Flexível Antichama - NBR 15465 | D25: ø3/4" | E25: 35.38 | F25: m
B26: .. Iluminação Emergência
B27: Nº | C27: Descrição | D27: Item | E27: Quantidade | F27: Unidade
B28: 1 | C28: Luminárias e Placas de Saída | D28: Luminária de Emergência 24V de Parede | E28: 3 | F28: pç
B29: 2 | C29: Luminárias e Placas de Saída | D29: Luminária de Emergência 24V de Teto | E29: 5 | F29: pç
B30: 3 | C30: Luminárias e Placas de Saída | D30: Placa de Saída 24V de Parede sem Direção | E30: 1 | F30: pç
B31: 4 | C31: Sensores de Presença | D31: Sensor de Presença 24V de teto | E31: 3 | F31: pç
B32: Cabo Unipolar Cobre
B33: Nº | C33: Descrição | D33: Item | E33: Quantidade | F33: Unidade
B34: 1 | C34: Isolação em PVC (70ºC) | D34: 1.5 mm² - Amarelo | E34: 73.02 | F34: m
B35: 2 | C35: Isolação em PVC (70ºC) | D35: 1.5 mm² - Preto | E35: 110.62 | F35: m
B36: 3 | C36: Isolação em PVC (70ºC) | D36: 1.5 mm² - Vermelho | E36: 110.62 | F36: m
B37: 4 | C37: Isolação em PVC (70ºC) | D37: 2.5 mm² - Amarelo | E37: 24.88 | F37: m
B38: 5 | C38: Isolação em PVC (70ºC) | D38: 2.5 mm² - Preto | E38: 12.44 | F38: m
B39: 6 | C39: Isolação em PVC (70ºC) | D39: 2.5 mm² - Vermelho | E39: 12.44 | F39: m
B40: Elétrica (Alarme)
B41: .. Eletrodutos
B42: Nº | C42: Descrição | D42: Item | E42: Quantidade | F42: Unidade
B43: 1 | C43: PVC Flexível Antichama - NBR 15465 | D43: ø1" | E43: 148.02 | F43: m
B44: Cabo blindado multipolar para alarme de incêndio
B45: Nº | C45: Descrição | D45: Item | E45: Quantidade | F45: Unidade
B46: 1 | C46: Classe A - PVC Anti-chama - 105ºC - Isolação 600V | D46: 0.75 mm² | E46: 142.7 | F46: m
B47: 2 | C47: Classe B - PVC Anti-chama - 105ºC - Isolação 600V | D47: 1.5 mm² | E47: 135.53 | F47: m

Sheet Tipo 3B - x8
B2: Lista de Materiais (34º PAV. - TIPO 03B - x8 - MODELO)
B3: Elétrica
B4: .. Alarme de Incêndio
B5: Nº | C5: Descrição | D5: Item | E5: Quantidade | F5: Unidade
B6: 1 | C6: Acionadores | D6: Acionador Manual de Alarme de Incêndio | E6: 1 | F6: pç
B7: 2 | C7: Anunciadores | D7: Anunciador Audiovisual de Alarme de Incêndio de Parede | E7: 1 | F7: pç
B8: 3 | C8: Anunciadores | D8: Anunciador Audiovisual de Alarme de Incêndio de Teto | E8: 2 | F8: pç
B9: 4 | C9: Atuadores | D9: Atuador Janela Desenfumagem | E9: 1 | F9: pç
B10: 5 | C10: Atuadores | D10: Dispositivo Eletromagnético de Porta Aberta | E10: 1 | F10: pç
B11: 6 | C11: Sensores | D11: Sensor de Fumaça | E11: 19 | F11: pç
B12: .. Caixa Octogonal
B13: Nº | C13: Descrição | D13: Item | E13: Quantidade | F13: Unidade
B14: 1 | C14: Caixas | D14: Caixa Octogonal Padrão NBR IEC 60670 | E14: 31 | F14: pç
B15: 2 | C15: Placas | D15: Placa cega para caixa octogonal Padrão NBR IEC 60670 | E15: 2 | F15: pç
B16: .. Caixas 4x2" e 4x4"
B17: Nº | C17: Descrição | D17: Item | E17: Quantidade | F17: Unidade
B18: 1 | C18: Caixas | D18: Caixa 4x2" de Embutir em PVC Padrão NBR IEC 60670 | E18: 9 | F18: pç
B19: 2 | C19: Placas | D19: Placa 4x2" cega Padrão NBR IEC 60670 | E19: 3 | F19: pç
B20: 3 | C20: Placas | D20: Placa 4x2" com furo para saída de cabos Padrão NBR IEC 60670 | E20: 6 | F20: pç
B21: 4 | C21: Suportes | D21: Suporte p/ caixa 4x2" Padrão NBR IEC 60670 | E21: 9 | F21: pç
B22: .. Eletrodutos
B23: Nº | C23: Descrição | D23: Item | E23: Quantidade | F23: Unidade
B24: 1 | C24: PVC Flexível Antichama - NBR 15465 | D24: ø1" | E24: 29.07 | F24: m
B25: 2 | C25: PVC Flexível Antichama - NBR 15465 | D25: ø3/4" | E25: 27.08 | F25: m
B26: .. Iluminação Emergência
B27: Nº | C27: Descrição | D27: Item | E27: Quantidade | F27: Unidade
B28: 1 | C28: Luminárias e Placas de Saída | D28: Luminária de Emergência 24V de Parede | E28: 3 | F28: pç
B29: 2 | C29: Luminárias e Placas de Saída | D29: Luminária de Emergência 24V de Teto | E29: 5 | F29: pç
B30: 3 | C30: Luminárias e Placas de Saída | D30: Placa de Saída 24V de Parede sem Direção | E30: 1 | F30: pç
B31: 4 | C31: Sensores de Presença | D31: Sensor de Presença 24V de teto | E31: 3 | F31: pç
B32: Cabo Unipolar Cobre
B33: Nº | C33: Descrição | D33: Item | E33: Quantidade | F33: Unidade
B34: 1 | C34: Isolação em PVC (70ºC) | D34: 1.5 mm² - Amarelo | E34: 49.82 | F34: m
B35: 2 | C35: Isolação em PVC (70ºC) | D35: 1.5 mm² - Preto | E35: 61.19 | F35: m
B36: 3 | C36: Isolação em PVC (70ºC) | D36: 1.5 mm² - Vermelho | E36: 61.19 | F36: m
B37: 4 | C37: Isolação em PVC (70ºC) | D37: 2.5 mm² - Amarelo | E37: 22.48 | F37: m
B38: 5 | C38: Isolação em PVC (70ºC) | D38: 2.5 mm² - Preto | E38: 14.84 | F38: m
B39: 6 | C39: Isolação em PVC (70ºC) | D39: 2.5 mm² - Vermelho | E39: 14.84 | F39: m
B40: Elétrica (Alarme)
B41: .. Eletrodutos
B42: Nº | C42: Descrição | D42: Item | E42: Quantidade | F42: Unidade
B43: 1 | C43: PVC Flexível Antichama - NBR 15465 | D43: ø1" | E43: 120.82 | F43: m
B44: Cabo blindado multipolar para alarme de incêndio
B45: Nº | C45: Descrição | D45: Item | E45: Quantidade | F45: Unidade
B46: 1 | C46: Classe A - PVC Anti-chama - 105ºC - Isolação 600V | D46: 0.75 mm² | E46: 115.5 | F46: m
B47: 2 | C47: Classe B - PVC Anti-chama - 105ºC - Isolação 600V | D47: 1.5 mm² | E47: 108.43 | F47: m

Sheet Técnico 3
B2: Lista de Materiais (42º PAV. - ÁREA TÉCNICA 03)
B3: Elétrica
B4: .. Alarme de Incêndio
B5: Nº | C5: Descrição | D5: Item | E5: Quantidade | F5: Unidade
B6: 1 | C6: Acionadores | D6: Acionador Manual de Alarme de Incêndio | E6: 1 | F6: pç
B7: 2 | C7: Anunciadores | D7: Anunciador Audiovisual de Alarme de Incêndio de Parede | E7: 1 | F7: pç
B8: 3 | C8: Atuadores | D8: Atuador Janela Desenfumagem | E8: 1 | F8: pç
B9: 4 | C9: Central de Alarme | D9: Central de Alarme de Incêndio | E9: 1 | F9: pç
B10: 5 | C10: Sensores | D10: Sensor de Fumaça | E10: 8 | F10: pç
B11: .. Caixa Octogonal
B12: Nº | C12: Descrição | D12: Item | E12: Quantidade | F12: Unidade
B13: 1 | C13: Caixas | D13: Caixa Octogonal Padrão NBR IEC 60670 | E13: 31 | F13: pç
B14: .. Caixas 4x2" e 4x4"
B15: Nº | C15: Descrição | D15: Item | E15: Quantidade | F15: Unidade
B16: 1 | C16: Caixas | D16: Caixa 4x2" de Embutir em PVC Padrão NBR IEC 60670 | E16: 12 | F16: pç
B17: 2 | C17: Placas | D17: Placa 4x2" cega Padrão NBR IEC 60670 | E17: 5 | F17: pç
B18: 3 | C18: Placas | D18: Placa 4x2" com furo para saída de cabos Padrão NBR IEC 60670 | E18: 7 | F18: pç
B19: 4 | C19: Suportes | D19: Suporte p/ caixa 4x2" Padrão NBR IEC 60670 | E19: 12 | F19: pç
B20: .. Cx de Passagem
B21: Nº | C21: Descrição | D21: Item | E21: Quantidade | F21: Unidade
B22: 1 | C22: Embutir | D22: Cx de passagem de embutir com dimensão de 50x50x15 cm | E22: 1 | F22: pç
B23: .. Eletrodutos
B24: Nº | C24: Descrição | D24: Item | E24: Quantidade | F24: Unidade
B25: 1 | C25: PVC Flexível Antichama - NBR 15465 | D25: ø1" | E25: 15 | F25: m
B26: 2 | C26: PVC Flexível Antichama - NBR 15465 | D26: ø3/4" | E26: 119.25 | F26: m
B27: .. Iluminação Emergência
B28: Nº | C28: Descrição | D28: Item | E28: Quantidade | F28: Unidade
B29: 1 | C29: Luminárias e Placas de Saída | D29: Luminária de Emergência 24V de Parede | E29: 5 | F29: pç
B30: 2 | C30: Luminárias e Placas de Saída | D30: Luminária de Emergência 24V de Teto | E30: 17 | F30: pç
B31: 3 | C31: Luminárias e Placas de Saída | D31: Placa de Saída 24V de Parede sem Direção | E31: 3 | F31: pç
B32: 4 | C32: Sensores de Presença | D32: Sensor de Presença 24V de teto | E32: 6 | F32: pç
B33: Cabo Unipolar Cobre
B34: Nº | C34: Descrição | D34: Item | E34: Quantidade | F34: Unidade
B35: 1 | C35: Isolação em PVC (70ºC) | D35: 1.5 mm² - Amarelo | E35: 118.06 | F35: m
B36: 2 | C36: Isolação em PVC (70ºC) | D36: 1.5 mm² - Preto | E36: 88.15 | F36: m
B37: 3 | C37: Isolação em PVC (70ºC) | D37: 1.5 mm² - Vermelho | E37: 88.15 | F37: m
B38: 4 | C38: Isolação em PVC (70ºC) | D38: 2.5 mm² - Amarelo | E38: 17.26 | F38: m
B39: 5 | C39: Isolação em PVC (70ºC) | D39: 2.5 mm² - Preto | E39: 138.72 | F39: m
B40: 6 | C40: Isolação em PVC (70ºC) | D40: 2.5 mm² - Vermelho | E40: 138.72 | F40: m
B41: Elétrica (Alarme)
B42: .. Eletrodutos
B43: Nº | C43: Descrição | D43: Item | E43: Quantidade | F43: Unidade
B44: 1 | C44: PVC Flexível Antichama - NBR 15465 | D44: ø1" | E44: 70.74 | F44: m
B45: Cabo blindado multipolar para alarme de incêndio
B46: Nº | C46: Descrição | D46: Item | E46: Quantidade | F46: Unidade
B47: 1 | C47: Classe A - PVC Anti-chama - 105ºC - Isolação 600V | D47: 0.75 mm² | E47: 63.29 | F47: m
B48: 2 | C48: Classe B - PVC Anti-chama - 105ºC - Isolação 600V | D48: 1.5 mm² | E48: 9.8 | F48: m

Sheet Tipo 3C - x9
B2: Lista de Materiais (43º PAV. - TIPO 03C - x9 - MODELO)
B3: Elétrica
B4: .. Alarme de Incêndio
B5: Nº | C5: Descrição | D5: Item | E5: Quantidade | F5: Unidade
B6: 1 | C6: Acionadores | D6: Acionador Manual de Alarme de Incêndio | E6: 1 | F6: pç
B7: 2 | C7: Anunciadores | D7: Anunciador Audiovisual de Alarme de Incêndio de Parede | E7: 1 | F7: pç
B8: 3 | C8: Anunciadores | D8: Anunciador Audiovisual de Alarme de Incêndio de Teto | E8: 2 | F8: pç
B9: 4 | C9: Atuadores | D9: Atuador Janela Desenfumagem | E9: 1 | F9: pç
B10: 5 | C10: Atuadores | D10: Dispositivo Eletromagnético de Porta Aberta | E10: 1 | F10: pç
B11: 6 | C11: Sensores | D11: Sensor de Fumaça | E11: 19 | F11: pç
B12: .. Caixa Octogonal
B13: Nº | C13: Descrição | D13: Item | E13: Quantidade | F13: Unidade
B14: 1 | C14: Caixas | D14: Caixa Octogonal Padrão NBR IEC 60670 | E14: 31 | F14: pç
B15: 2 | C15: Placas | D15: Placa cega para caixa octogonal Padrão NBR IEC 60670 | E15: 2 | F15: pç
B16: .. Caixas 4x2" e 4x4"
B17: Nº | C17: Descrição | D17: Item | E17: Quantidade | F17: Unidade
B18: 1 | C18: Caixas | D18: Caixa 4x2" de Embutir em PVC Padrão NBR IEC 60670 | E18: 9 | F18: pç
B19: 2 | C19: Placas | D19: Placa 4x2" cega Padrão NBR IEC 60670 | E19: 3 | F19: pç
B20: 3 | C20: Placas | D20: Placa 4x2" com furo para saída de cabos Padrão NBR IEC 60670 | E20: 6 | F20: pç
B21: 4 | C21: Suportes | D21: Suporte p/ caixa 4x2" Padrão NBR IEC 60670 | E21: 9 | F21: pç
B22: .. Eletrodutos
B23: Nº | C23: Descrição | D23: Item | E23: Quantidade | F23: Unidade
B24: 1 | C24: PVC Flexível Antichama - NBR 15465 | D24: ø1" | E24: 24.07 | F24: m
B25: 2 | C25: PVC Flexível Antichama - NBR 15465 | D25: ø3/4" | E25: 32.12 | F25: m
B26: .. Iluminação Emergência
B27: Nº | C27: Descrição | D27: Item | E27: Quantidade | F27: Unidade
B28: 1 | C28: Luminárias e Placas de Saída | D28: Luminária de Emergência 24V de Parede | E28: 3 | F28: pç
B29: 2 | C29: Luminárias e Placas de Saída | D29: Luminária de Emergência 24V de Teto | E29: 5 | F29: pç
B30: 3 | C30: Luminárias e Placas de Saída | D30: Placa de Saída 24V de Parede sem Direção | E30: 1 | F30: pç
B31: 4 | C31: Sensores de Presença | D31: Sensor de Presença 24V de teto | E31: 3 | F31: pç
B32: Cabo Unipolar Cobre
B33: Nº | C33: Descrição | D33: Item | E33: Quantidade | F33: Unidade
B34: 1 | C34: Isolação em PVC (70ºC) | D34: 1.5 mm² - Amarelo | E34: 73.02 | F34: m
B35: 2 | C35: Isolação em PVC (70ºC) | D35: 1.5 mm² - Preto | E35: 110.53 | F35: m
B36: 3 | C36: Isolação em PVC (70ºC) | D36: 1.5 mm² - Vermelho | E36: 110.53 | F36: m
B37: 4 | C37: Isolação em PVC (70ºC) | D37: 2.5 mm² - Amarelo | E37: 24.68 | F37: m
B38: 5 | C38: Isolação em PVC (70ºC) | D38: 2.5 mm² - Preto | E38: 12.34 | F38: m
B39: 6 | C39: Isolação em PVC (70ºC) | D39: 2.5 mm² - Vermelho | E39: 12.34 | F39: m
B40: Elétrica (Alarme)
B41: .. Eletrodutos
B42: Nº | C42: Descrição | D42: Item | E42: Quantidade | F42: Unidade
B43: 1 | C43: PVC Flexível Antichama - NBR 15465 | D43: ø1" | E43: 120.82 | F43: m
B44: Cabo blindado multipolar para alarme de incêndio
B45: Nº | C45: Descrição | D45: Item | E45: Quantidade | F45: Unidade
B46: 1 | C46: Classe A - PVC Anti-chama - 105ºC - Isolação 600V | D46: 0.75 mm² | E46: 115.5 | F46: m
B47: 2 | C47: Classe B - PVC Anti-chama - 105ºC - Isolação 600V | D47: 1.5 mm² | E47: 108.43 | F47: m

Sheet Tipo 4A - x10
B2: Lista de Materiais (52º PAV. - TIPO 04A - x10 - LANÇAMENTO)
B3: Elétrica
B4: .. Alarme de Incêndio
B5: Nº | C5: Descrição | D5: Item | E5: Quantidade | F5: Unidade
B6: 1 | C6: Acionadores | D6: Acionador Manual de Alarme de Incêndio | E6: 1 | F6: pç
B7: 2 | C7: Anunciadores | D7: Anunciador Audiovisual de Alarme de Incêndio de Parede | E7: 1 | F7: pç
B8: 3 | C8: Anunciadores | D8: Anunciador Audiovisual de Alarme de Incêndio de Teto | E8: 2 | F8: pç
B9: 4 | C9: Atuadores | D9: Atuador Janela Desenfumagem | E9: 1 | F9: pç
B10: 5 | C10: Atuadores | D10: Dispositivo Eletromagnético de Porta Aberta | E10: 1 | F10: pç
B11: 6 | C11: Sensores | D11: Sensor de Fumaça | E11: 19 | F11: pç
B12: .. Caixa Octogonal
B13: Nº | C13: Descrição | D13: Item | E13: Quantidade | F13: Unidade
B14: 1 | C14: Caixas | D14: Caixa Octogonal Padrão NBR IEC 60670 | E14: 31 | F14: pç
B15: 2 | C15: Placas | D15: Placa cega para caixa octogonal Padrão NBR IEC 60670 | E15: 2 | F15: pç
B16: .. Caixas 4x2" e 4x4"
B17: Nº | C17: Descrição | D17: Item | E17: Quantidade | F17: Unidade
B18: 1 | C18: Caixas | D18: Caixa 4x2" de Embutir em PVC Padrão NBR IEC 60670 | E18: 9 | F18: pç
B19: 2 | C19: Placas | D19: Placa 4x2" cega Padrão NBR IEC 60670 | E19: 3 | F19: pç
B20: 3 | C20: Placas | D20: Placa 4x2" com furo para saída de cabos Padrão NBR IEC 60670 | E20: 6 | F20: pç
B21: 4 | C21: Suportes | D21: Suporte p/ caixa 4x2" Padrão NBR IEC 60670 | E21: 9 | F21: pç
B22: .. Cx de Passagem
B23: Nº | C23: Descrição | D23: Item | E23: Quantidade | F23: Unidade
B24: 1 | C24: Embutir | D24: Cx de passagem de embutir com dimensão de 50x50x15 cm | E24: 1 | F24: pç
B25: .. Eletrodutos
B26: Nº | C26: Descrição | D26: Item | E26: Quantidade | F26: Unidade
B27: 1 | C27: PVC Flexível Antichama - NBR 15465 | D27: ø1" | E27: 24.07 | F27: m
B28: 2 | C28: PVC Flexível Antichama - NBR 15465 | D28: ø3/4" | E28: 35.78 | F28: m
B29: .. Iluminação Emergência
B30: Nº | C30: Descrição | D30: Item | E30: Quantidade | F30: Unidade
B31: 1 | C31: Luminárias e Placas de Saída | D31: Luminária de Emergência 24V de Parede | E31: 3 | F31: pç
B32: 2 | C32: Luminárias e Placas de Saída | D32: Luminária de Emergência 24V de Teto | E32: 5 | F32: pç
B33: 3 | C33: Luminárias e Placas de Saída | D33: Placa de Saída 24V de Parede sem Direção | E33: 1 | F33: pç
B34: 4 | C34: Sensores de Presença | D34: Sensor de Presença 24V de teto | E34: 3 | F34: pç
B35: Cabo Unipolar Cobre
B36: Nº | C36: Descrição | D36: Item | E36: Quantidade | F36: Unidade
B37: 1 | C37: Isolação em PVC (70ºC) | D37: 1.5 mm² - Amarelo | E37: 63.56 | F37: m
B38: 2 | C38: Isolação em PVC (70ºC) | D38: 1.5 mm² - Preto | E38: 59.55 | F38: m
B39: 3 | C39: Isolação em PVC (70ºC) | D39: 1.5 mm² - Vermelho | E39: 59.55 | F39: m
B40: 4 | C40: Isolação em PVC (70ºC) | D40: 2.5 mm² - Amarelo | E40: 15.28 | F40: m
B41: 5 | C41: Isolação em PVC (70ºC) | D41: 2.5 mm² - Preto | E41: 52.78 | F41: m
B42: 6 | C42: Isolação em PVC (70ºC) | D42: 2.5 mm² - Vermelho | E42: 52.78 | F42: m
B43: Elétrica (Alarme)
B44: .. Eletrodutos
B45: Nº | C45: Descrição | D45: Item | E45: Quantidade | F45: Unidade
B46: 1 | C46: PVC Flexível Antichama - NBR 15465 | D46: ø1" | E46: 120.82 | F46: m
B47: Cabo blindado multipolar para alarme de incêndio
B48: Nº | C48: Descrição | D48: Item | E48: Quantidade | F48: Unidade
B49: 1 | C49: Classe A - PVC Anti-chama - 105ºC - Isolação 600V | D49: 0.75 mm² | E49: 115.5 | F49: m
B50: 2 | C50: Classe B - PVC Anti-chama - 105ºC - Isolação 600V | D50: 1.5 mm² | E50: 108.43 | F50: m

Sheet Técnico 4
B2: Lista de Materiais (62º PAV. - ÁREA TÉCNICA 04)
B3: Elétrica
B4: .. Alarme de Incêndio
B5: Nº | C5: Descrição | D5: Item | E5: Quantidade | F5: Unidade
B6: 1 | C6: Acionadores | D6: Acionador Manual de Alarme de Incêndio | E6: 1 | F6: pç
B7: 2 | C7: Anunciadores | D7: Anunciador Audiovisual de Alarme de Incêndio de Parede | E7: 1 | F7: pç
B8: 3 | C8: Atuadores | D8: Atuador Janela Desenfumagem | E8: 1 | F8: pç
B9: 4 | C9: Central de Alarme | D9: Central de Alarme de Incêndio | E9: 1 | F9: pç
B10: 5 | C10: Sensores | D10: Sensor de Fumaça | E10: 11 | F10: pç
B11: .. Caixa Octogonal
B12: Nº | C12: Descrição | D12: Item | E12: Quantidade | F12: Unidade
B13: 1 | C13: Caixas | D13: Caixa Octogonal Padrão NBR IEC 60670 | E13: 45 | F13: pç
B14: .. Caixas 4x2" e 4x4"
B15: Nº | C15: Descrição | D15: Item | E15: Quantidade | F15: Unidade
B16: 1 | C16: Caixas | D16: Caixa 4x2" de Embutir em PVC Padrão NBR IEC 60670 | E16: 13 | F16: pç
B17: 2 | C17: Placas | D17: Placa 4x2" cega Padrão NBR IEC 60670 | E17: 4 | F17: pç
B18: 3 | C18: Placas | D18: Placa 4x2" com furo para saída de cabos Padrão NBR IEC 60670 | E18: 9 | F18: pç
B19: 4 | C19: Suportes | D19: Suporte p/ caixa 4x2" Padrão NBR IEC 60670 | E19: 13 | F19: pç
B20: .. Cx de Passagem
B21: Nº | C21: Descrição | D21: Item | E21: Quantidade | F21: Unidade
B22: 1 | C22: Embutir | D22: Cx de passagem de embutir com dimensão de 50x50x15 cm | E22: 1 | F22: pç
B23: .. Eletrodutos
B24: Nº | C24: Descrição | D24: Item | E24: Quantidade | F24: Unidade
B25: 1 | C25: PVC Flexível Antichama - NBR 15465 | D25: ø1" | E25: 27.2 | F25: m
B26: 2 | C26: PVC Flexível Antichama - NBR 15465 | D26: ø3/4" | E26: 132.75 | F26: m
B27: .. Iluminação Emergência
B28: Nº | C28: Descrição | D28: Item | E28: Quantidade | F28: Unidade
B29: 1 | C29: Luminárias e Placas de Saída | D29: Luminária de Emergência 24V de Parede | E29: 4 | F29: pç
B30: 2 | C30: Luminárias e Placas de Saída | D30: Luminária de Emergência 24V de Teto | E30: 24 | F30: pç
B31: 3 | C31: Luminárias e Placas de Saída | D31: Placa de Saída 24V de Parede sem Direção | E31: 5 | F31: pç
B32: 4 | C32: Sensores de Presença | D32: Sensor de Presença 24V de teto | E32: 10 | F32: pç
B33: Cabo Unipolar Cobre
B34: Nº | C34: Descrição | D34: Item | E34: Quantidade | F34: Unidade
B35: 1 | C35: Isolação em PVC (70ºC) | D35: 1.5 mm² - Amarelo | E35: 236.52 | F35: m
B36: 2 | C36: Isolação em PVC (70ºC) | D36: 1.5 mm² - Preto | E36: 242.44 | F36: m
B37: 3 | C37: Isolação em PVC (70ºC) | D37: 1.5 mm² - Vermelho | E37: 242.44 | F37: m
B38: 4 | C38: Isolação em PVC (70ºC) | D38: 2.5 mm² - Amarelo | E38: 17.88 | F38: m
B39: 5 | C39: Isolação em PVC (70ºC) | D39: 2.5 mm² - Preto | E39: 123.88 | F39: m
B40: 6 | C40: Isolação em PVC (70ºC) | D40: 2.5 mm² - Vermelho | E40: 123.88 | F40: m
B41: Elétrica (Alarme)
B42: .. Eletrodutos
B43: Nº | C43: Descrição | D43: Item | E43: Quantidade | F43: Unidade
B44: 1 | C44: PVC Flexível Antichama - NBR 15465 | D44: ø1" | E44: 105.29 | F44: m
B45: Cabo blindado multipolar para alarme de incêndio
B46: Nº | C46: Descrição | D46: Item | E46: Quantidade | F46: Unidade
B47: 1 | C47: Classe A - PVC Anti-chama - 105ºC - Isolação 600V | D47: 0.75 mm² | E47: 97.87 | F47: m
B48: 2 | C48: Classe B - PVC Anti-chama - 105ºC - Isolação 600V | D48: 1.5 mm² | E48: 9.6 | F48: m

Sheet Lazer 3
B2: Lista de Materiais (63º PAV. - LAZER 03)
B3: Elétrica
B4: .. Alarme de Incêndio
B5: Nº | C5: Descrição | D5: Item | E5: Quantidade | F5: Unidade
B6: 1 | C6: Acionadores | D6: Acionador Manual de Alarme de Incêndio | E6: 1 | F6: pç
B7: 2 | C7: Anunciadores | D7: Anunciador Audiovisual de Alarme de Incêndio de Parede | E7: 1 | F7: pç
B8: 3 | C8: Atuadores | D8: Atuador Janela Desenfumagem | E8: 1 | F8: pç
B9: 4 | C9: Atuadores | D9: Dispositivo Eletromagnético de Porta Aberta | E9: 1 | F9: pç
B10: 5 | C10: Sensores | D10: Sensor de Fumaça | E10: 3 | F10: pç
B11: .. Caixa Octogonal
B12: Nº | C12: Descrição | D12: Item | E12: Quantidade | F12: Unidade
B13: 1 | C13: Caixas | D13: Caixa Octogonal Padrão NBR IEC 60670 | E13: 14 | F13: pç
B14: 2 | C14: Placas | D14: Placa cega para caixa octogonal Padrão NBR IEC 60670 | E14: 3 | F14: pç
B15: .. Caixas 4x2" e 4x4"
B16: Nº | C16: Descrição | D16: Item | E16: Quantidade | F16: Unidade
B17: 1 | C17: Caixas | D17: Caixa 4x2" de Embutir em PVC Padrão NBR IEC 60670 | E17: 24 | F17: pç
B18: 2 | C18: Placas | D18: Placa 4x2" cega Padrão NBR IEC 60670 | E18: 15 | F18: pç
B19: 3 | C19: Placas | D19: Placa 4x2" com furo para saída de cabos Padrão NBR IEC 60670 | E19: 9 | F19: pç
B20: 4 | C20: Suportes | D20: Suporte p/ caixa 4x2" Padrão NBR IEC 60670 | E20: 24 | F20: pç
B21: .. Eletrodutos
B22: Nº | C22: Descrição | D22: Item | E22: Quantidade | F22: Unidade
B23: 1 | C23: PVC Flexível Antichama - NBR 15465 | D23: ø1" | E23: 13.77 | F23: m
B24: 2 | C24: PVC Flexível Antichama - NBR 15465 | D24: ø3/4" | E24: 130.7 | F24: m
B25: .. Iluminação Emergência
B26: Nº | C26: Descrição | D26: Item | E26: Quantidade | F26: Unidade
B27: 1 | C27: Luminárias e Placas de Saída | D27: Luminária de Emergência 24V de Parede | E27: 15 | F27: pç
B28: 2 | C28: Luminárias e Placas de Saída | D28: Luminária de Emergência 24V de Teto | E28: 5 | F28: pç
B29: 3 | C29: Luminárias e Placas de Saída | D29: Placa de Saída 24V de Parede com Direção | E29: 2 | F29: pç
B30: 4 | C30: Luminárias e Placas de Saída | D30: Placa de Saída 24V de Parede sem Direção | E30: 3 | F30: pç
B31: 5 | C31: Sensores de Presença | D31: Sensor de Presença 24V de teto | E31: 3 | F31: pç
B32: Cabo Unipolar Cobre
B33: Nº | C33: Descrição | D33: Item | E33: Quantidade | F33: Unidade
B34: 1 | C34: Isolação em PVC (70ºC) | D34: 1.5 mm² - Amarelo | E34: 82.38 | F34: m
B35: 2 | C35: Isolação em PVC (70ºC) | D35: 1.5 mm² - Preto | E35: 66.5 | F35: m
B36: 3 | C36: Isolação em PVC (70ºC) | D36: 1.5 mm² - Vermelho | E36: 66.5 | F36: m
B37: 4 | C37: Isolação em PVC (70ºC) | D37: 2.5 mm² - Amarelo | E37: 39.02 | F37: m
B38: 5 | C38: Isolação em PVC (70ºC) | D38: 2.5 mm² - Preto | E38: 184.86 | F38: m
B39: 6 | C39: Isolação em PVC (70ºC) | D39: 2.5 mm² - Vermelho | E39: 184.86 | F39: m
B40: Elétrica (Alarme)
B41: .. Eletrodutos
B42: Nº | C42: Descrição | D42: Item | E42: Quantidade | F42: Unidade
B43: 1 | C43: PVC Flexível Antichama - NBR 15465 | D43: ø1" | E43: 22.07 | F43: m
B44: 2 | C44: PVC Flexível Antichama - NBR 15465 | D44: ø3/4" | E44: 1.1 | F44: m
B45: Cabo blindado multipolar para alarme de incêndio
B46: Nº | C46: Descrição | D46: Item | E46: Quantidade | F46: Unidade
B47: 1 | C47: Classe A - PVC Anti-chama - 105ºC - Isolação 600V | D47: 0.75 mm² | E47: 22.07 | F47: m
B48: 2 | C48: Classe B - PVC Anti-chama - 105ºC - Isolação 600V | D48: 1.5 mm² | E48: 10.97 | F48: m

Sheet Lazer 4
B2: Lista de Materiais (64º PAV. - LAZER 04)
B3: Elétrica
B4: .. Alarme de Incêndio
B5: Nº | C5: Descrição | D5: Item | E5: Quantidade | F5: Unidade
B6: 1 | C6: Acionadores | D6: Acionador Manual de Alarme de Incêndio | E6: 1 | F6: pç
B7: 2 | C7: Anunciadores | D7: Anunciador Audiovisual de Alarme de Incêndio de Parede | E7: 1 | F7: pç
B8: 3 | C8: Atuadores | D8: Atuador Janela Desenfumagem | E8: 1 | F8: pç
B9: 4 | C9: Atuadores | D9: Dispositivo Eletromagnético de Porta Aberta | E9: 1 | F9: pç
B10: 5 | C10: Sensores | D10: Sensor de Fumaça | E10: 2 | F10: pç
B11: .. Caixa Octogonal
B12: Nº | C12: Descrição | D12: Item | E12: Quantidade | F12: Unidade
B13: 1 | C13: Caixas | D13: Caixa Octogonal Padrão NBR IEC 60670 | E13: 15 | F13: pç
B14: 2 | C14: Placas | D14: Placa cega para caixa octogonal Padrão NBR IEC 60670 | E14: 5 | F14: pç
B15: .. Caixas 4x2" e 4x4"
B16: Nº | C16: Descrição | D16: Item | E16: Quantidade | F16: Unidade
B17: 1 | C17: Caixas | D17: Caixa 4x2" de Embutir em PVC Padrão NBR IEC 60670 | E17: 21 | F17: pç
B18: 2 | C18: Placas | D18: Placa 4x2" cega Padrão NBR IEC 60670 | E18: 14 | F18: pç
B19: 3 | C19: Placas | D19: Placa 4x2" com furo para saída de cabos Padrão NBR IEC 60670 | E19: 7 | F19: pç
B20: 4 | C20: Suportes | D20: Suporte p/ caixa 4x2" Padrão NBR IEC 60670 | E20: 21 | F20: pç
B21: .. Eletrodutos
B22: Nº | C22: Descrição | D22: Item | E22: Quantidade | F22: Unidade
B23: 1 | C23: PVC Flexível Antichama - NBR 15465 | D23: ø1" | E23: 13.77 | F23: m
B24: 2 | C24: PVC Flexível Antichama - NBR 15465 | D24: ø3/4" | E24: 127.92 | F24: m
B25: .. Iluminação Emergência
B26: Nº | C26: Descrição | D26: Item | E26: Quantidade | F26: Unidade
B27: 1 | C27: Luminárias e Placas de Saída | D27: Luminária de Emergência 24V de Parede | E27: 14 | F27: pç
B28: 2 | C28: Luminárias e Placas de Saída | D28: Luminária de Emergência 24V de Teto | E28: 5 | F28: pç
B29: 3 | C29: Luminárias e Placas de Saída | D29: Placa de Saída 24V de Parede sem Direção | E29: 3 | F29: pç
B30: 4 | C30: Sensores de Presença | D30: Sensor de Presença 24V de teto | E30: 3 | F30: pç
B31: Cabo Unipolar Cobre
B32: Nº | C32: Descrição | D32: Item | E32: Quantidade | F32: Unidade
B33: 1 | C33: Isolação em PVC (70ºC) | D33: 1.5 mm² - Amarelo | E33: 63.58 | F33: m
B34: 2 | C34: Isolação em PVC (70ºC) | D34: 1.5 mm² - Preto | E34: 52.4 | F34: m
B35: 3 | C35: Isolação em PVC (70ºC) | D35: 1.5 mm² - Vermelho | E35: 52.4 | F35: m
B36: 4 | C36: Isolação em PVC (70ºC) | D36: 2.5 mm² - Amarelo | E36: 29.42 | F36: m
B37: 5 | C37: Isolação em PVC (70ºC) | D37: 2.5 mm² - Preto | E37: 148.41 | F37: m
B38: 6 | C38: Isolação em PVC (70ºC) | D38: 2.5 mm² - Vermelho | E38: 148.41 | F38: m
B39: Elétrica (Alarme)
B40: .. Eletrodutos
B41: Nº | C41: Descrição | D41: Item | E41: Quantidade | F41: Unidade
B42: 1 | C42: PVC Flexível Antichama - NBR 15465 | D42: ø1" | E42: 15.17 | F42: m
B43: 2 | C43: PVC Flexível Antichama - NBR 15465 | D43: ø3/4" | E43: 1.1 | F43: m
B44: Cabo blindado multipolar para alarme de incêndio
B45: Nº | C45: Descrição | D45: Item | E45: Quantidade | F45: Unidade
B46: 1 | C46: Classe A - PVC Anti-chama - 105ºC - Isolação 600V | D46: 0.75 mm² | E46: 15.17 | F46: m
B47: 2 | C47: Classe B - PVC Anti-chama - 105ºC - Isolação 600V | D47: 1.5 mm² | E47: 10.97 | F47: m

Sheet Tipo 4B - x36
B2: Lista de Materiais (65º PAV. - TIPO 04B - x36 - MODELO)
B3: Elétrica
B4: .. Alarme de Incêndio
B5: Nº | C5: Descrição | D5: Item | E5: Quantidade | F5: Unidade
B6: 1 | C6: Acionadores | D6: Acionador Manual de Alarme de Incêndio | E6: 1 | F6: pç
B7: 2 | C7: Anunciadores | D7: Anunciador Audiovisual de Alarme de Incêndio de Parede | E7: 1 | F7: pç
B8: 3 | C8: Anunciadores | D8: Anunciador Audiovisual de Alarme de Incêndio de Teto | E8: 2 | F8: pç
B9: 4 | C9: Atuadores | D9: Atuador Janela Desenfumagem | E9: 1 | F9: pç
B10: 5 | C10: Atuadores | D10: Dispositivo Eletromagnético de Porta Aberta | E10: 1 | F10: pç
B11: 6 | C11: Sensores | D11: Sensor de Fumaça | E11: 19 | F11: pç
B12: .. Caixa Octogonal
B13: Nº | C13: Descrição | D13: Item | E13: Quantidade | F13: Unidade
B14: 1 | C14: Caixas | D14: Caixa Octogonal Padrão NBR IEC 60670 | E14: 31 | F14: pç
B15: 2 | C15: Placas | D15: Placa cega para caixa octogonal Padrão NBR IEC 60670 | E15: 2 | F15: pç
B16: .. Caixas 4x2" e 4x4"
B17: Nº | C17: Descrição | D17: Item | E17: Quantidade | F17: Unidade
B18: 1 | C18: Caixas | D18: Caixa 4x2" de Embutir em PVC Padrão NBR IEC 60670 | E18: 9 | F18: pç
B19: 2 | C19: Placas | D19: Placa 4x2" cega Padrão NBR IEC 60670 | E19: 3 | F19: pç
B20: 3 | C20: Placas | D20: Placa 4x2" com furo para saída de cabos Padrão NBR IEC 60670 | E20: 6 | F20: pç
B21: 4 | C21: Suportes | D21: Suporte p/ caixa 4x2" Padrão NBR IEC 60670 | E21: 9 | F21: pç
B22: .. Eletrodutos
B23: Nº | C23: Descrição | D23: Item | E23: Quantidade | F23: Unidade
B24: 1 | C24: PVC Flexível Antichama - NBR 15465 | D24: ø1" | E24: 29.07 | F24: m
B25: 2 | C25: PVC Flexível Antichama - NBR 15465 | D25: ø3/4" | E25: 26.98 | F25: m
B26: .. Iluminação Emergência
B27: Nº | C27: Descrição | D27: Item | E27: Quantidade | F27: Unidade
B28: 1 | C28: Luminárias e Placas de Saída | D28: Luminária de Emergência 24V de Parede | E28: 3 | F28: pç
B29: 2 | C29: Luminárias e Placas de Saída | D29: Luminária de Emergência 24V de Teto | E29: 5 | F29: pç
B30: 3 | C30: Luminárias e Placas de Saída | D30: Placa de Saída 24V de Parede sem Direção | E30: 1 | F30: pç
B31: 4 | C31: Sensores de Presença | D31: Sensor de Presença 24V de teto | E31: 3 | F31: pç
B32: Cabo Unipolar Cobre
B33: Nº | C33: Descrição | D33: Item | E33: Quantidade | F33: Unidade
B34: 1 | C34: Isolação em PVC (70ºC) | D34: 1.5 mm² - Amarelo | E34: 27.74 | F34: m
B35: 2 | C35: Isolação em PVC (70ºC) | D35: 1.5 mm² - Preto | E35: 42.75 | F35: m
B36: 3 | C36: Isolação em PVC (70ºC) | D36: 1.5 mm² - Vermelho | E36: 42.75 | F36: m
B37: 4 | C37: Isolação em PVC (70ºC) | D37: 2.5 mm² - Amarelo | E37: 15.08 | F37: m
B38: 5 | C38: Isolação em PVC (70ºC) | D38: 2.5 mm² - Preto | E38: 7.54 | F38: m
B39: 6 | C39: Isolação em PVC (70ºC) | D39: 2.5 mm² - Vermelho | E39: 7.54 | F39: m
B40: Elétrica (Alarme)
B41: .. Eletrodutos
B42: Nº | C42: Descrição | D42: Item | E42: Quantidade | F42: Unidade
B43: 1 | C43: PVC Flexível Antichama - NBR 15465 | D43: ø1" | E43: 120.82 | F43: m
B44: Cabo blindado multipolar para alarme de incêndio
B45: Nº | C45: Descrição | D45: Item | E45: Quantidade | F45: Unidade
B46: 1 | C46: Classe A - PVC Anti-chama - 105ºC - Isolação 600V | D46: 0.75 mm² | E46: 115.5 | F46: m
B47: 2 | C47: Classe B - PVC Anti-chama - 105ºC - Isolação 600V | D47: 1.5 mm² | E47: 108.43 | F47: m

Sheet Técnico 5
B2: Lista de Materiais (82º PAV. - ÁREA TÉCNICA 05)
B3: Elétrica
B4: .. Alarme de Incêndio
B5: Nº | C5: Descrição | D5: Item | E5: Quantidade | F5: Unidade
B6: 1 | C6: Acionadores | D6: Acionador Manual de Alarme de Incêndio | E6: 1 | F6: pç
B7: 2 | C7: Anunciadores | D7: Anunciador Audiovisual de Alarme de Incêndio de Parede | E7: 1 | F7: pç
B8: 3 | C8: Atuadores | D8: Atuador Janela Desenfumagem | E8: 1 | F8: pç
B9: 4 | C9: Central de Alarme | D9: Central de Alarme de Incêndio | E9: 1 | F9: pç
B10: 5 | C10: Sensores | D10: Sensor de Fumaça | E10: 8 | F10: pç
B11: .. Caixa Octogonal
B12: Nº | C12: Descrição | D12: Item | E12: Quantidade | F12: Unidade
B13: 1 | C13: Caixas | D13: Caixa Octogonal Padrão NBR IEC 60670 | E13: 31 | F13: pç
B14: .. Caixas 4x2" e 4x4"
B15: Nº | C15: Descrição | D15: Item | E15: Quantidade | F15: Unidade
B16: 1 | C16: Caixas | D16: Caixa 4x2" de Embutir em PVC Padrão NBR IEC 60670 | E16: 11 | F16: pç
B17: 2 | C17: Caixas | D17: Caixa 4x4" de Embutir em PVC Padrão NBR IEC 60670 | E17: 7 | F17: pç
B18: 3 | C18: Placas | D18: Placa 4x2" cega Padrão NBR IEC 60670 | E18: 5 | F18: pç
B19: 4 | C19: Placas | D19: Placa 4x2" com furo para saída de cabos Padrão NBR IEC 60670 | E19: 6 | F19: pç
B20: 5 | C20: Placas | D20: Placa 4x4" cega Padrão NBR IEC 60670 | E20: 7 | F20: pç
B21: 6 | C21: Suportes | D21: Suporte p/ caixa 4x2" Padrão NBR IEC 60670 | E21: 11 | F21: pç
B22: 7 | C22: Suportes | D22: Suporte p/ caixa 4x4" Padrão NBR IEC 60670 | E22: 7 | F22: pç
B23: .. Cx de Passagem
B24: Nº | C24: Descrição | D24: Item | E24: Quantidade | F24: Unidade
B25: 1 | C25: Embutir | D25: Cx de passagem de embutir com dimensão de 50x50x15 cm | E25: 1 | F25: pç
B26: .. Eletrodutos
B27: Nº | C27: Descrição | D27: Item | E27: Quantidade | F27: Unidade
B28: 1 | C28: PVC Flexível Antichama - NBR 15465 | D28: ø1" | E28: 11.27 | F28: m
B29: 2 | C29: PVC Flexível Antichama - NBR 15465 | D29: ø3/4" | E29: 0.3 | F29: m
B30: .. Iluminação Emergência
B31: Nº | C31: Descrição | D31: Item | E31: Quantidade | F31: Unidade
B32: 1 | C32: Luminárias e Placas de Saída | D32: Luminária de Emergência 24V de Parede | E32: 5 | F32: pç
B33: 2 | C33: Luminárias e Placas de Saída | D33: Luminária de Emergência 24V de Teto | E33: 17 | F33: pç
B34: 3 | C34: Luminárias e Placas de Saída | D34: Placa de Saída 24V de Parede sem Direção | E34: 3 | F34: pç
B35: 4 | C35: Sensores de Presença | D35: Sensor de Presença 24V de teto | E35: 6 | F35: pç
B36: .. Quadros de Distribuição
B37: Nº | C37: Descrição | D37: Item | E37: Quantidade | F37: Unidade
B38: 1 | C38: Metálicos Moldados - NBR IEC 62208 | D38: 30x40x20 cm | E38: 7 | F38: pç
B39: Cabo Unipolar Cobre
B40: Nº | C40: Descrição | D40: Item | E40: Quantidade | F40: Unidade
B41: 1 | C41: Isolação em PVC (70ºC) | D41: 1.5 mm² - Amarelo | E41: 117.54 | F41: m
B42: 2 | C42: Isolação em PVC (70ºC) | D42: 1.5 mm² - Preto | E42: 86.98 | F42: m
B43: 3 | C43: Isolação em PVC (70ºC) | D43: 1.5 mm² - Vermelho | E43: 86.98 | F43: m
B44: 4 | C44: Isolação em PVC (70ºC) | D44: 2.5 mm² - Amarelo | E44: 19.02 | F44: m
B45: 5 | C45: Isolação em PVC (70ºC) | D45: 2.5 mm² - Preto | E45: 300.28 | F45: m
B46: 6 | C46: Isolação em PVC (70ºC) | D46: 2.5 mm² - Vermelho | E46: 300.28 | F46: m
B47: Eletroduto PVC flexível
B48: Nº | C48: Descrição | D48: Item | E48: Quantidade | F48: Unidade
B49: 1 | C49: Eletroduto leve | D49: 1" | E49: 18.91 | F49: m
B50: 2 | C50: Eletroduto leve | D50: 3/4" | E50: 118.46 | F50: m
B51: Elétrica (Alarme)
B52: Cabo blindado multipolar para alarme de incêndio
B53: Nº | C53: Descrição | D53: Item | E53: Quantidade | F53: Unidade
B54: 1 | C54: Classe A - PVC Anti-chama - 105ºC - Isolação 600V | D54: 0.75 mm² | E54: 72.94 | F54: m
B55: 2 | C55: Classe B - PVC Anti-chama - 105ºC - Isolação 600V | D55: 1.5 mm² | E55: 10.37 | F55: m
B56: Eletroduto PVC flexível
B57: Nº | C57: Descrição | D57: Item | E57: Quantidade | F57: Unidade
B58: 1 | C58: Eletroduto leve | D58: 1" | E58: 65.95 | F58: m
B59: 2 | C59: Eletroduto leve | D59: 3/4" | E59: 3.88 | F59: m

Sheet Técnico 6
B2: Lista de Materiais (102º PAV. - ÁREA TÉCNICA 06)
B3: Elétrica
B4: .. Alarme de Incêndio
B5: Nº | C5: Descrição | D5: Item | E5: Quantidade | F5: Unidade
B6: 1 | C6: Acionadores | D6: Acionador Manual de Alarme de Incêndio | E6: 1 | F6: pç
B7: 2 | C7: Anunciadores | D7: Anunciador Audiovisual de Alarme de Incêndio de Parede | E7: 1 | F7: pç
B8: 3 | C8: Atuadores | D8: Atuador Janela Desenfumagem | E8: 1 | F8: pç
B9: 4 | C9: Central de Alarme | D9: Central de Alarme de Incêndio | E9: 1 | F9: pç
B10: 5 | C10: Sensores | D10: Sensor de Fumaça | E10: 8 | F10: pç
B11: .. Caixa Octogonal
B12: Nº | C12: Descrição | D12: Item | E12: Quantidade | F12: Unidade
B13: 1 | C13: Caixas | D13: Caixa Octogonal Padrão NBR IEC 60670 | E13: 31 | F13: pç
B14: .. Caixas 4x2" e 4x4"
B15: Nº | C15: Descrição | D15: Item | E15: Quantidade | F15: Unidade
B16: 1 | C16: Caixas | D16: Caixa 4x2" de Embutir em PVC Padrão NBR IEC 60670 | E16: 11 | F16: pç
B17: 2 | C17: Placas | D17: Placa 4x2" cega Padrão NBR IEC 60670 | E17: 5 | F17: pç
B18: 3 | C18: Placas | D18: Placa 4x2" com furo para saída de cabos Padrão NBR IEC 60670 | E18: 6 | F18: pç
B19: 4 | C19: Suportes | D19: Suporte p/ caixa 4x2" Padrão NBR IEC 60670 | E19: 11 | F19: pç
B20: .. Cx de Passagem
B21: Nº | C21: Descrição | D21: Item | E21: Quantidade | F21: Unidade
B22: 1 | C22: Embutir | D22: Cx de passagem de embutir com dimensão de 50x50x15 cm | E22: 1 | F22: pç
B23: .. Eletrodutos
B24: Nº | C24: Descrição | D24: Item | E24: Quantidade | F24: Unidade
B25: 1 | C25: PVC Flexível Antichama - NBR 15465 | D25: ø1" | E25: 15.77 | F25: m
B26: 2 | C26: PVC Flexível Antichama - NBR 15465 | D26: ø3/4" | E26: 119.86 | F26: m
B27: .. Iluminação Emergência
B28: Nº | C28: Descrição | D28: Item | E28: Quantidade | F28: Unidade
B29: 1 | C29: Luminárias e Placas de Saída | D29: Luminária de Emergência 24V de Parede | E29: 5 | F29: pç
B30: 2 | C30: Luminárias e Placas de Saída | D30: Luminária de Emergência 24V de Teto | E30: 17 | F30: pç
B31: 3 | C31: Luminárias e Placas de Saída | D31: Placa de Saída 24V de Parede sem Direção | E31: 3 | F31: pç
B32: 4 | C32: Sensores de Presença | D32: Sensor de Presença 24V de teto | E32: 6 | F32: pç
B33: Cabo Unipolar Cobre
B34: Nº | C34: Descrição | D34: Item | E34: Quantidade | F34: Unidade
B35: 1 | C35: Isolação em PVC (70ºC) | D35: 1.5 mm² - Amarelo | E35: 114.34 | F35: m
B36: 2 | C36: Isolação em PVC (70ºC) | D36: 1.5 mm² - Preto | E36: 87.38 | F36: m
B37: 3 | C37: Isolação em PVC (70ºC) | D37: 1.5 mm² - Vermelho | E37: 87.38 | F37: m
B38: 4 | C38: Isolação em PVC (70ºC) | D38: 2.5 mm² - Amarelo | E38: 20.2 | F38: m
B39: 5 | C39: Isolação em PVC (70ºC) | D39: 2.5 mm² - Preto | E39: 141.58 | F39: m
B40: 6 | C40: Isolação em PVC (70ºC) | D40: 2.5 mm² - Vermelho | E40: 141.58 | F40: m
B41: Elétrica (Alarme)
B42: .. Eletrodutos
B43: Nº | C43: Descrição | D43: Item | E43: Quantidade | F43: Unidade
B44: 1 | C44: PVC Flexível Antichama - NBR 15465 | D44: ø1" | E44: 60.62 | F44: m
B45: Cabo blindado multipolar para alarme de incêndio
B46: Nº | C46: Descrição | D46: Item | E46: Quantidade | F46: Unidade
B47: 1 | C47: Classe A - PVC Anti-chama - 105ºC - Isolação 600V | D47: 0.75 mm² | E47: 56.66 | F47: m
B48: 2 | C48: Classe B - PVC Anti-chama - 105ºC - Isolação 600V | D48: 1.5 mm² | E48: 10.37 | F48: m

Sheet Tipo 4C - x19
B2: Lista de Materiais (103º PAV. - TIPO 04C - x19 - MODELO)
B3: Elétrica
B4: .. Alarme de Incêndio
B5: Nº | C5: Descrição | D5: Item | E5: Quantidade | F5: Unidade
B6: 1 | C6: Acionadores | D6: Acionador Manual de Alarme de Incêndio | E6: 1 | F6: pç
B7: 2 | C7: Anunciadores | D7: Anunciador Audiovisual de Alarme de Incêndio de Parede | E7: 1 | F7: pç
B8: 3 | C8: Anunciadores | D8: Anunciador Audiovisual de Alarme de Incêndio de Teto | E8: 2 | F8: pç
B9: 4 | C9: Atuadores | D9: Atuador Janela Desenfumagem | E9: 1 | F9: pç
B10: 5 | C10: Atuadores | D10: Dispositivo Eletromagnético de Porta Aberta | E10: 1 | F10: pç
B11: 6 | C11: Sensores | D11: Sensor de Fumaça | E11: 19 | F11: pç
B12: .. Caixa Octogonal
B13: Nº | C13: Descrição | D13: Item | E13: Quantidade | F13: Unidade
B14: 1 | C14: Caixas | D14: Caixa Octogonal Padrão NBR IEC 60670 | E14: 31 | F14: pç
B15: 2 | C15: Placas | D15: Placa cega para caixa octogonal Padrão NBR IEC 60670 | E15: 2 | F15: pç
B16: .. Caixas 4x2" e 4x4"
B17: Nº | C17: Descrição | D17: Item | E17: Quantidade | F17: Unidade
B18: 1 | C18: Caixas | D18: Caixa 4x2" de Embutir em PVC Padrão NBR IEC 60670 | E18: 9 | F18: pç
B19: 2 | C19: Placas | D19: Placa 4x2" cega Padrão NBR IEC 60670 | E19: 3 | F19: pç
B20: 3 | C20: Placas | D20: Placa 4x2" com furo para saída de cabos Padrão NBR IEC 60670 | E20: 6 | F20: pç
B21: 4 | C21: Suportes | D21: Suporte p/ caixa 4x2" Padrão NBR IEC 60670 | E21: 9 | F21: pç
B22: .. Eletrodutos
B23: Nº | C23: Descrição | D23: Item | E23: Quantidade | F23: Unidade
B24: 1 | C24: PVC Flexível Antichama - NBR 15465 | D24: ø1" | E24: 29.07 | F24: m
B25: 2 | C25: PVC Flexível Antichama - NBR 15465 | D25: ø3/4" | E25: 27.38 | F25: m
B26: .. Iluminação Emergência
B27: Nº | C27: Descrição | D27: Item | E27: Quantidade | F27: Unidade
B28: 1 | C28: Luminárias e Placas de Saída | D28: Luminária de Emergência 24V de Parede | E28: 3 | F28: pç
B29: 2 | C29: Luminárias e Placas de Saída | D29: Luminária de Emergência 24V de Teto | E29: 5 | F29: pç
B30: 3 | C30: Luminárias e Placas de Saída | D30: Placa de Saída 24V de Parede sem Direção | E30: 1 | F30: pç
B31: 4 | C31: Sensores de Presença | D31: Sensor de Presença 24V de teto | E31: 3 | F31: pç
B32: Cabo Unipolar Cobre
B33: Nº | C33: Descrição | D33: Item | E33: Quantidade | F33: Unidade
B34: 1 | C34: Isolação em PVC (70ºC) | D34: 1.5 mm² - Amarelo | E34: 64.42 | F34: m
B35: 2 | C35: Isolação em PVC (70ºC) | D35: 1.5 mm² - Preto | E35: 107.09 | F35: m
B36: 3 | C36: Isolação em PVC (70ºC) | D36: 1.5 mm² - Vermelho | E36: 107.09 | F36: m
B37: 4 | C37: Isolação em PVC (70ºC) | D37: 2.5 mm² - Amarelo | E37: 25.08 | F37: m
B38: 5 | C38: Isolação em PVC (70ºC) | D38: 2.5 mm² - Preto | E38: 12.54 | F38: m
B39: 6 | C39: Isolação em PVC (70ºC) | D39: 2.5 mm² - Vermelho | E39: 12.54 | F39: m
B40: Elétrica (Alarme)
B41: .. Eletrodutos
B42: Nº | C42: Descrição | D42: Item | E42: Quantidade | F42: Unidade
B43: 1 | C43: PVC Flexível Antichama - NBR 15465 | D43: ø1" | E43: 120.82 | F43: m
B44: Cabo blindado multipolar para alarme de incêndio
B45: Nº | C45: Descrição | D45: Item | E45: Quantidade | F45: Unidade
B46: 1 | C46: Classe A - PVC Anti-chama - 105ºC - Isolação 600V | D46: 0.75 mm² | E46: 115.5 | F46: m
B47: 2 | C47: Classe B - PVC Anti-chama - 105ºC - Isolação 600V | D47: 1.5 mm² | E47: 108.43 | F47: m

Sheet Técnico 7
B2: Lista de Materiais (122º PAV. - ÁREA TÉCNICA 07)
B3: Elétrica
B4: .. Alarme de Incêndio
B5: Nº | C5: Descrição | D5: Item | E5: Quantidade | F5: Unidade
B6: 1 | C6: Acionadores | D6: Acionador Manual de Alarme de Incêndio | E6: 1 | F6: pç
B7: 2 | C7: Anunciadores | D7: Anunciador Audiovisual de Alarme de Incêndio de Parede | E7: 1 | F7: pç
B8: 3 | C8: Atuadores | D8: Atuador Janela Desenfumagem | E8: 1 | F8: pç
B9: 4 | C9: Central de Alarme | D9: Central de Alarme de Incêndio | E9: 1 | F9: pç
B10: 5 | C10: Sensores | D10: Sensor de Fumaça | E10: 8 | F10: pç
B11: .. Caixa Octogonal
B12: Nº | C12: Descrição | D12: Item | E12: Quantidade | F12: Unidade
B13: 1 | C13: Caixas | D13: Caixa Octogonal Padrão NBR IEC 60670 | E13: 31 | F13: pç
B14: .. Caixas 4x2" e 4x4"
B15: Nº | C15: Descrição | D15: Item | E15: Quantidade | F15: Unidade
B16: 1 | C16: Caixas | D16: Caixa 4x2" de Embutir em PVC Padrão NBR IEC 60670 | E16: 11 | F16: pç
B17: 2 | C17: Caixas | D17: Caixa 4x4" de Embutir em PVC Padrão NBR IEC 60670 | E17: 7 | F17: pç
B18: 3 | C18: Placas | D18: Placa 4x2" cega Padrão NBR IEC 60670 | E18: 5 | F18: pç
B19: 4 | C19: Placas | D19: Placa 4x2" com furo para saída de cabos Padrão NBR IEC 60670 | E19: 6 | F19: pç
B20: 5 | C20: Placas | D20: Placa 4x4" cega Padrão NBR IEC 60670 | E20: 7 | F20: pç
B21: 6 | C21: Suportes | D21: Suporte p/ caixa 4x2" Padrão NBR IEC 60670 | E21: 11 | F21: pç
B22: 7 | C22: Suportes | D22: Suporte p/ caixa 4x4" Padrão NBR IEC 60670 | E22: 7 | F22: pç
B23: .. Cx de Passagem
B24: Nº | C24: Descrição | D24: Item | E24: Quantidade | F24: Unidade
B25: 1 | C25: Embutir | D25: Cx de passagem de embutir com dimensão de 50x50x15 cm | E25: 1 | F25: pç
B26: .. Eletrodutos
B27: Nº | C27: Descrição | D27: Item | E27: Quantidade | F27: Unidade
B28: 1 | C28: PVC Flexível Antichama - NBR 15465 | D28: ø1" | E28: 30.17 | F28: m
B29: 2 | C29: PVC Flexível Antichama - NBR 15465 | D29: ø3/4" | E29: 119.47 | F29: m
B30: .. Iluminação Emergência
B31: Nº | C31: Descrição | D31: Item | E31: Quantidade | F31: Unidade
B32: 1 | C32: Luminárias e Placas de Saída | D32: Luminária de Emergência 24V de Parede | E32: 5 | F32: pç
B33: 2 | C33: Luminárias e Placas de Saída | D33: Luminária de Emergência 24V de Teto | E33: 17 | F33: pç
B34: 3 | C34: Luminárias e Placas de Saída | D34: Placa de Saída 24V de Parede sem Direção | E34: 3 | F34: pç
B35: 4 | C35: Sensores de Presença | D35: Sensor de Presença 24V de teto | E35: 6 | F35: pç
B36: .. Quadros de Distribuição
B37: Nº | C37: Descrição | D37: Item | E37: Quantidade | F37: Unidade
B38: 1 | C38: Metálicos Moldados - NBR IEC 62208 | D38: 30x40x20 cm | E38: 7 | F38: pç
B39: Cabo Unipolar Cobre
B40: Nº | C40: Descrição | D40: Item | E40: Quantidade | F40: Unidade
B41: 1 | C41: Isolação em PVC (70ºC) | D41: 1.5 mm² - Amarelo | E41: 98.94 | F41: m
B42: 2 | C42: Isolação em PVC (70ºC) | D42: 1.5 mm² - Preto | E42: 77.68 | F42: m
B43: 3 | C43: Isolação em PVC (70ºC) | D43: 1.5 mm² - Vermelho | E43: 77.68 | F43: m
B44: 4 | C44: Isolação em PVC (70ºC) | D44: 2.5 mm² - Amarelo | E44: 19 | F44: m
B45: 5 | C45: Isolação em PVC (70ºC) | D45: 2.5 mm² - Preto | E45: 301.75 | F45: m
B46: 6 | C46: Isolação em PVC (70ºC) | D46: 2.5 mm² - Vermelho | E46: 301.75 | F46: m
B47: Elétrica (Alarme)
B48: .. Eletrodutos
B49: Nº | C49: Descrição | D49: Item | E49: Quantidade | F49: Unidade
B50: 1 | C50: PVC Flexível Antichama - NBR 15465 | D50: ø1" | E50: 68.88 | F50: m
B51: 2 | C51: PVC Flexível Antichama - NBR 15465 | D51: ø3/4" | E51: 3.88 | F51: m
B52: Cabo blindado multipolar para alarme de incêndio
B53: Nº | C53: Descrição | D53: Item | E53: Quantidade | F53: Unidade
B54: 1 | C54: Classe A - PVC Anti-chama - 105ºC - Isolação 600V | D54: 0.75 mm² | E54: 64.92 | F54: m
B55: 2 | C55: Classe B - PVC Anti-chama - 105ºC - Isolação 600V | D55: 1.5 mm² | E55: 10.37 | F55: m

Sheet Tipo 4D - x9
B2: Lista de Materiais (123º PAV. - TIPO 04D - x9 - MODELO)
B3: Elétrica
B4: .. Alarme de Incêndio
B5: Nº | C5: Descrição | D5: Item | E5: Quantidade | F5: Unidade
B6: 1 | C6: Acionadores | D6: Acionador Manual de Alarme de Incêndio | E6: 1 | F6: pç
B7: 2 | C7: Anunciadores | D7: Anunciador Audiovisual de Alarme de Incêndio de Parede | E7: 1 | F7: pç
B8: 3 | C8: Anunciadores | D8: Anunciador Audiovisual de Alarme de Incêndio de Teto | E8: 2 | F8: pç
B9: 4 | C9: Atuadores | D9: Atuador Janela Desenfumagem | E9: 1 | F9: pç
B10: 5 | C10: Atuadores | D10: Dispositivo Eletromagnético de Porta Aberta | E10: 1 | F10: pç
B11: 6 | C11: Sensores | D11: Sensor de Fumaça | E11: 19 | F11: pç
B12: .. Caixa Octogonal
B13: Nº | C13: Descrição | D13: Item | E13: Quantidade | F13: Unidade
B14: 1 | C14: Caixas | D14: Caixa Octogonal Padrão NBR IEC 60670 | E14: 31 | F14: pç
B15: 2 | C15: Placas | D15: Placa cega para caixa octogonal Padrão NBR IEC 60670 | E15: 2 | F15: pç
B16: .. Caixas 4x2" e 4x4"
B17: Nº | C17: Descrição | D17: Item | E17: Quantidade | F17: Unidade
B18: 1 | C18: Caixas | D18: Caixa 4x2" de Embutir em PVC Padrão NBR IEC 60670 | E18: 9 | F18: pç
B19: 2 | C19: Placas | D19: Placa 4x2" cega Padrão NBR IEC 60670 | E19: 3 | F19: pç
B20: 3 | C20: Placas | D20: Placa 4x2" com furo para saída de cabos Padrão NBR IEC 60670 | E20: 6 | F20: pç
B21: 4 | C21: Suportes | D21: Suporte p/ caixa 4x2" Padrão NBR IEC 60670 | E21: 9 | F21: pç
B22: .. Eletrodutos
B23: Nº | C23: Descrição | D23: Item | E23: Quantidade | F23: Unidade
B24: 1 | C24: PVC Flexível Antichama - NBR 15465 | D24: ø1" | E24: 29.07 | F24: m
B25: 2 | C25: PVC Flexível Antichama - NBR 15465 | D25: ø3/4" | E25: 27.38 | F25: m
B26: .. Iluminação Emergência
B27: Nº | C27: Descrição | D27: Item | E27: Quantidade | F27: Unidade
B28: 1 | C28: Luminárias e Placas de Saída | D28: Luminária de Emergência 24V de Parede | E28: 3 | F28: pç
B29: 2 | C29: Luminárias e Placas de Saída | D29: Luminária de Emergência 24V de Teto | E29: 5 | F29: pç
B30: 3 | C30: Luminárias e Placas de Saída | D30: Placa de Saída 24V de Parede sem Direção | E30: 1 | F30: pç
B31: 4 | C31: Sensores de Presença | D31: Sensor de Presença 24V de teto | E31: 3 | F31: pç
B32: Cabo Unipolar Cobre
B33: Nº | C33: Descrição | D33: Item | E33: Quantidade | F33: Unidade
B34: 1 | C34: Isolação em PVC (70ºC) | D34: 1.5 mm² - Amarelo | E34: 55.82 | F34: m
B35: 2 | C35: Isolação em PVC (70ºC) | D35: 1.5 mm² - Preto | E35: 103.79 | F35: m
B36: 3 | C36: Isolação em PVC (70ºC) | D36: 1.5 mm² - Vermelho | E36: 103.79 | F36: m
B37: 4 | C37: Isolação em PVC (70ºC) | D37: 2.5 mm² - Amarelo | E37: 25.68 | F37: m
B38: 5 | C38: Isolação em PVC (70ºC) | D38: 2.5 mm² - Preto | E38: 12.84 | F38: m
B39: 6 | C39: Isolação em PVC (70ºC) | D39: 2.5 mm² - Vermelho | E39: 12.84 | F39: m
B40: Elétrica (Alarme)
B41: .. Eletrodutos
B42: Nº | C42: Descrição | D42: Item | E42: Quantidade | F42: Unidade
B43: 1 | C43: PVC Flexível Antichama - NBR 15465 | D43: ø1" | E43: 120.82 | F43: m
B44: Cabo blindado multipolar para alarme de incêndio
B45: Nº | C45: Descrição | D45: Item | E45: Quantidade | F45: Unidade
B46: 1 | C46: Classe A - PVC Anti-chama - 105ºC - Isolação 600V | D46: 0.75 mm² | E46: 115.5 | F46: m
B47: 2 | C47: Classe B - PVC Anti-chama - 105ºC - Isolação 600V | D47: 1.5 mm² | E47: 108.43 | F47: m

Sheet Duplex Inferior - x2
B2: Lista de Materiais (132º PAV. - DUPLEX INF REBAIXADOR- LANÇAMENTO)
B3: Elétrica
B4: .. Alarme de Incêndio
B5: Nº | C5: Descrição | D5: Item | E5: Quantidade | F5: Unidade
B6: 1 | C6: Acionadores | D6: Acionador Manual de Alarme de Incêndio | E6: 1 | F6: pç
B7: 2 | C7: Anunciadores | D7: Anunciador Audiovisual de Alarme de Incêndio de Parede | E7: 1 | F7: pç
B8: 3 | C8: Atuadores | D8: Atuador Janela Desenfumagem | E8: 1 | F8: pç
B9: 4 | C9: Atuadores | D9: Dispositivo Eletromagnético de Porta Aberta | E9: 1 | F9: pç
B10: 5 | C10: Sensores | D10: Sensor de Fumaça | E10: 9 | F10: pç
B11: .. Caixa Octogonal
B12: Nº | C12: Descrição | D12: Item | E12: Quantidade | F12: Unidade
B13: 1 | C13: Caixas | D13: Caixa Octogonal Padrão NBR IEC 60670 | E13: 17 | F13: pç
B14: .. Caixas 4x2" e 4x4"
B15: Nº | C15: Descrição | D15: Item | E15: Quantidade | F15: Unidade
B16: 1 | C16: Caixas | D16: Caixa 4x2" de Embutir em PVC Padrão NBR IEC 60670 | E16: 9 | F16: pç
B17: 2 | C17: Placas | D17: Placa 4x2" cega Padrão NBR IEC 60670 | E17: 3 | F17: pç
B18: 3 | C18: Placas | D18: Placa 4x2" com furo para saída de cabos Padrão NBR IEC 60670 | E18: 6 | F18: pç
B19: 4 | C19: Suportes | D19: Suporte p/ caixa 4x2" Padrão NBR IEC 60670 | E19: 9 | F19: pç
B20: .. Cx de Passagem
B21: Nº | C21: Descrição | D21: Item | E21: Quantidade | F21: Unidade
B22: 1 | C22: Embutir | D22: Cx de passagem de embutir com dimensão de 50x50x15 cm | E22: 1 | F22: pç
B23: .. Eletrodutos
B24: Nº | C24: Descrição | D24: Item | E24: Quantidade | F24: Unidade
B25: 1 | C25: PVC Flexível Antichama - NBR 15465 | D25: ø1" | E25: 3.6 | F25: m
B26: 2 | C26: PVC Flexível Antichama - NBR 15465 | D26: ø3/4" | E26: 32.88 | F26: m
B27: .. Iluminação Emergência
B28: Nº | C28: Descrição | D28: Item | E28: Quantidade | F28: Unidade
B29: 1 | C29: Luminárias e Placas de Saída | D29: Luminária de Emergência 24V de Parede | E29: 3 | F29: pç
B30: 2 | C30: Luminárias e Placas de Saída | D30: Luminária de Emergência 24V de Teto | E30: 5 | F30: pç
B31: 3 | C31: Luminárias e Placas de Saída | D31: Placa de Saída 24V de Parede sem Direção | E31: 1 | F31: pç
B32: 4 | C32: Sensores de Presença | D32: Sensor de Presença 24V de teto | E32: 3 | F32: pç
B33: Cabo Unipolar Cobre
B34: Nº | C34: Descrição | D34: Item | E34: Quantidade | F34: Unidade
B35: 1 | C35: Isolação em PVC (70ºC) | D35: 1.5 mm² - Amarelo | E35: 53.17 | F35: m
B36: 2 | C36: Isolação em PVC (70ºC) | D36: 1.5 mm² - Preto | E36: 55.08 | F36: m
B37: 3 | C37: Isolação em PVC (70ºC) | D37: 1.5 mm² - Vermelho | E37: 55.08 | F37: m
B38: 4 | C38: Isolação em PVC (70ºC) | D38: 2.5 mm² - Amarelo | E38: 17.38 | F38: m
B39: 5 | C39: Isolação em PVC (70ºC) | D39: 2.5 mm² - Preto | E39: 29.18 | F39: m
B40: 6 | C40: Isolação em PVC (70ºC) | D40: 2.5 mm² - Vermelho | E40: 29.18 | F40: m
B41: Elétrica (Alarme)
B42: .. Eletrodutos
B43: Nº | C43: Descrição | D43: Item | E43: Quantidade | F43: Unidade
B44: 1 | C44: PVC Flexível Antichama - NBR 15465 | D44: ø1" | E44: 104.1 | F44: m
B45: Cabo blindado multipolar para alarme de incêndio
B46: Nº | C46: Descrição | D46: Item | E46: Quantidade | F46: Unidade
B47: 1 | C47: Classe A - PVC Anti-chama - 105ºC - Isolação 600V | D47: 0.75 mm² | E47: 97.7 | F47: m
B48: 2 | C48: Classe B - PVC Anti-chama - 105ºC - Isolação 600V | D48: 1.5 mm² | E48: 90.1 | F48: m

Sheet Duplex Superior - x2
B2: Lista de Materiais (133º PAV. - DUPLEX SUP - LANÇAMENTO)
B3: Elétrica
B4: .. Alarme de Incêndio
B5: Nº | C5: Descrição | D5: Item | E5: Quantidade | F5: Unidade
B6: 1 | C6: Acionadores | D6: Acionador Manual de Alarme de Incêndio | E6: 1 | F6: pç
B7: 2 | C7: Anunciadores | D7: Anunciador Audiovisual de Alarme de Incêndio de Parede | E7: 1 | F7: pç
B8: 3 | C8: Anunciadores | D8: Anunciador Audiovisual de Alarme de Incêndio de Teto | E8: 2 | F8: pç
B9: 4 | C9: Atuadores | D9: Atuador Janela Desenfumagem | E9: 1 | F9: pç
B10: 5 | C10: Atuadores | D10: Dispositivo Eletromagnético de Porta Aberta | E10: 1 | F10: pç
B11: 6 | C11: Sensores | D11: Sensor de Fumaça | E11: 19 | F11: pç
B12: .. Caixa Octogonal
B13: Nº | C13: Descrição | D13: Item | E13: Quantidade | F13: Unidade
B14: 1 | C14: Caixas | D14: Caixa Octogonal Padrão NBR IEC 60670 | E14: 31 | F14: pç
B15: 2 | C15: Placas | D15: Placa cega para caixa octogonal Padrão NBR IEC 60670 | E15: 2 | F15: pç
B16: .. Caixas 4x2" e 4x4"
B17: Nº | C17: Descrição | D17: Item | E17: Quantidade | F17: Unidade
B18: 1 | C18: Caixas | D18: Caixa 4x2" de Embutir em PVC Padrão NBR IEC 60670 | E18: 9 | F18: pç
B19: 2 | C19: Placas | D19: Placa 4x2" cega Padrão NBR IEC 60670 | E19: 3 | F19: pç
B20: 3 | C20: Placas | D20: Placa 4x2" com furo para saída de cabos Padrão NBR IEC 60670 | E20: 6 | F20: pç
B21: 4 | C21: Suportes | D21: Suporte p/ caixa 4x2" Padrão NBR IEC 60670 | E21: 9 | F21: pç
B22: .. Eletrodutos
B23: Nº | C23: Descrição | D23: Item | E23: Quantidade | F23: Unidade
B24: 1 | C24: PVC Flexível Antichama - NBR 15465 | D24: ø1" | E24: 28.5 | F24: m
B25: 2 | C25: PVC Flexível Antichama - NBR 15465 | D25: ø3/4" | E25: 34.19 | F25: m
B26: .. Iluminação Emergência
B27: Nº | C27: Descrição | D27: Item | E27: Quantidade | F27: Unidade
B28: 1 | C28: Luminárias e Placas de Saída | D28: Luminária de Emergência 24V de Parede | E28: 3 | F28: pç
B29: 2 | C29: Luminárias e Placas de Saída | D29: Luminária de Emergência 24V de Teto | E29: 5 | F29: pç
B30: 3 | C30: Luminárias e Placas de Saída | D30: Placa de Saída 24V de Parede sem Direção | E30: 1 | F30: pç
B31: 4 | C31: Sensores de Presença | D31: Sensor de Presença 24V de teto | E31: 3 | F31: pç
B32: Cabo Unipolar Cobre
B33: Nº | C33: Descrição | D33: Item | E33: Quantidade | F33: Unidade
B34: 1 | C34: Isolação em PVC (70ºC) | D34: 1.5 mm² - Amarelo | E34: 71.77 | F34: m
B35: 2 | C35: Isolação em PVC (70ºC) | D35: 1.5 mm² - Preto | E35: 62.58 | F35: m
B36: 3 | C36: Isolação em PVC (70ºC) | D36: 1.5 mm² - Vermelho | E36: 62.58 | F36: m
B37: 4 | C37: Isolação em PVC (70ºC) | D37: 2.5 mm² - Amarelo | E37: 33.78 | F37: m
B38: 5 | C38: Isolação em PVC (70ºC) | D38: 2.5 mm² - Preto | E38: 67.79 | F38: m
B39: 6 | C39: Isolação em PVC (70ºC) | D39: 2.5 mm² - Vermelho | E39: 67.79 | F39: m
B40: Elétrica (Alarme)
B41: .. Eletrodutos
B42: Nº | C42: Descrição | D42: Item | E42: Quantidade | F42: Unidade
B43: 1 | C43: PVC Flexível Antichama - NBR 15465 | D43: ø1" | E43: 127.57 | F43: m
B44: Cabo blindado multipolar para alarme de incêndio
B45: Nº | C45: Descrição | D45: Item | E45: Quantidade | F45: Unidade
B46: 1 | C46: Classe A - PVC Anti-chama - 105ºC - Isolação 600V | D46: 0.75 mm² | E46: 121.2 | F46: m
B47: 2 | C47: Classe B - PVC Anti-chama - 105ºC - Isolação 600V | D47: 1.5 mm² | E47: 113.6 | F47: m

Sheet Triplex Inferior
B2: Lista de Materiais (136º PAV. - TRIPLEX - LANÇAMENTO)
B3: Elétrica
B4: .. Alarme de Incêndio
B5: Nº | C5: Descrição | D5: Item | E5: Quantidade | F5: Unidade
B6: 1 | C6: Acionadores | D6: Acionador Manual de Alarme de Incêndio | E6: 1 | F6: pç
B7: 2 | C7: Anunciadores | D7: Anunciador Audiovisual de Alarme de Incêndio de Parede | E7: 1 | F7: pç
B8: 3 | C8: Atuadores | D8: Atuador Janela Desenfumagem | E8: 1 | F8: pç
B9: 4 | C9: Atuadores | D9: Dispositivo Eletromagnético de Porta Aberta | E9: 1 | F9: pç
B10: 5 | C10: Sensores | D10: Sensor de Fumaça | E10: 5 | F10: pç
B11: .. Caixa Octogonal
B12: Nº | C12: Descrição | D12: Item | E12: Quantidade | F12: Unidade
B13: 1 | C13: Caixas | D13: Caixa Octogonal Padrão NBR IEC 60670 | E13: 13 | F13: pç
B14: .. Caixas 4x2" e 4x4"
B15: Nº | C15: Descrição | D15: Item | E15: Quantidade | F15: Unidade
B16: 1 | C16: Caixas | D16: Caixa 4x2" de Embutir em PVC Padrão NBR IEC 60670 | E16: 10 | F16: pç
B17: 2 | C17: Placas | D17: Placa 4x2" cega Padrão NBR IEC 60670 | E17: 4 | F17: pç
B18: 3 | C18: Placas | D18: Placa 4x2" com furo para saída de cabos Padrão NBR IEC 60670 | E18: 6 | F18: pç
B19: 4 | C19: Suportes | D19: Suporte p/ caixa 4x2" Padrão NBR IEC 60670 | E19: 10 | F19: pç
B20: .. Eletrodutos
B21: Nº | C21: Descrição | D21: Item | E21: Quantidade | F21: Unidade
B22: 1 | C22: PVC Flexível Antichama - NBR 15465 | D22: ø1" | E22: 3.6 | F22: m
B23: 2 | C23: PVC Flexível Antichama - NBR 15465 | D23: ø3/4" | E23: 33.48 | F23: m
B24: .. Iluminação Emergência
B25: Nº | C25: Descrição | D25: Item | E25: Quantidade | F25: Unidade
B26: 1 | C26: Luminárias e Placas de Saída | D26: Luminária de Emergência 24V de Parede | E26: 3 | F26: pç
B27: 2 | C27: Luminárias e Placas de Saída | D27: Luminária de Emergência 24V de Teto | E27: 5 | F27: pç
B28: 3 | C28: Luminárias e Placas de Saída | D28: Placa de Saída 24V de Parede sem Direção | E28: 1 | F28: pç
B29: 4 | C29: Sensores de Presença | D29: Sensor de Presença 24V de teto | E29: 3 | F29: pç
B30: Cabo Unipolar Cobre
B31: Nº | C31: Descrição | D31: Item | E31: Quantidade | F31: Unidade
B32: 1 | C32: Isolação em PVC (70ºC) | D32: 1.5 mm² - Amarelo | E32: 55.37 | F32: m
B33: 2 | C33: Isolação em PVC (70ºC) | D33: 1.5 mm² - Preto | E33: 67.27 | F33: m
B34: 3 | C34: Isolação em PVC (70ºC) | D34: 1.5 mm² - Vermelho | E34: 67.27 | F34: m
B35: 4 | C35: Isolação em PVC (70ºC) | D35: 2.5 mm² - Amarelo | E35: 17.38 | F35: m
B36: 5 | C36: Isolação em PVC (70ºC) | D36: 2.5 mm² - Preto | E36: 12.79 | F36: m
B37: 6 | C37: Isolação em PVC (70ºC) | D37: 2.5 mm² - Vermelho | E37: 12.79 | F37: m
B38: Elétrica (Alarme)
B39: .. Eletrodutos
B40: Nº | C40: Descrição | D40: Item | E40: Quantidade | F40: Unidade
B41: 1 | C41: PVC Flexível Antichama - NBR 15465 | D41: ø1" | E41: 39.26 | F41: m
B42: Cabo blindado multipolar para alarme de incêndio
B43: Nº | C43: Descrição | D43: Item | E43: Quantidade | F43: Unidade
B44: 1 | C44: Classe A - PVC Anti-chama - 105ºC - Isolação 600V | D44: 0.75 mm² | E44: 32.89 | F44: m
B45: 2 | C45: Classe B - PVC Anti-chama - 105ºC - Isolação 600V | D45: 1.5 mm² | E45: 14.45 | F45: m

Sheet Triplex Intermed.
B2: Lista de Materiais (137º PAV. - TRIPLEX REBAIXADOR - LANÇAMENTO)
B3: Elétrica
B4: .. Alarme de Incêndio
B5: Nº | C5: Descrição | D5: Item | E5: Quantidade | F5: Unidade
B6: 1 | C6: Acionadores | D6: Acionador Manual de Alarme de Incêndio | E6: 1 | F6: pç
B7: 2 | C7: Anunciadores | D7: Anunciador Audiovisual de Alarme de Incêndio de Parede | E7: 1 | F7: pç
B8: 3 | C8: Atuadores | D8: Atuador Janela Desenfumagem | E8: 1 | F8: pç
B9: 4 | C9: Atuadores | D9: Dispositivo Eletromagnético de Porta Aberta | E9: 1 | F9: pç
B10: 5 | C10: Sensores | D10: Sensor de Fumaça | E10: 9 | F10: pç
B11: .. Caixa Octogonal
B12: Nº | C12: Descrição | D12: Item | E12: Quantidade | F12: Unidade
B13: 1 | C13: Caixas | D13: Caixa Octogonal Padrão NBR IEC 60670 | E13: 17 | F13: pç
B14: .. Caixas 4x2" e 4x4"
B15: Nº | C15: Descrição | D15: Item | E15: Quantidade | F15: Unidade
B16: 1 | C16: Caixas | D16: Caixa 4x2" de Embutir em PVC Padrão NBR IEC 60670 | E16: 9 | F16: pç
B17: 2 | C17: Placas | D17: Placa 4x2" cega Padrão NBR IEC 60670 | E17: 3 | F17: pç
B18: 3 | C18: Placas | D18: Placa 4x2" com furo para saída de cabos Padrão NBR IEC 60670 | E18: 6 | F18: pç
B19: 4 | C19: Suportes | D19: Suporte p/ caixa 4x2" Padrão NBR IEC 60670 | E19: 9 | F19: pç
B20: .. Cx de Passagem
B21: Nº | C21: Descrição | D21: Item | E21: Quantidade | F21: Unidade
B22: 1 | C22: Embutir | D22: Cx de passagem de embutir com dimensão de 50x50x15 cm | E22: 1 | F22: pç
B23: .. Eletrodutos
B24: Nº | C24: Descrição | D24: Item | E24: Quantidade | F24: Unidade
B25: 1 | C25: PVC Flexível Antichama - NBR 15465 | D25: ø1" | E25: 3.6 | F25: m
B26: 2 | C26: PVC Flexível Antichama - NBR 15465 | D26: ø3/4" | E26: 31.98 | F26: m
B27: .. Iluminação Emergência
B28: Nº | C28: Descrição | D28: Item | E28: Quantidade | F28: Unidade
B29: 1 | C29: Luminárias e Placas de Saída | D29: Luminária de Emergência 24V de Parede | E29: 3 | F29: pç
B30: 2 | C30: Luminárias e Placas de Saída | D30: Luminária de Emergência 24V de Teto | E30: 5 | F30: pç
B31: 3 | C31: Luminárias e Placas de Saída | D31: Placa de Saída 24V de Parede sem Direção | E31: 1 | F31: pç
B32: 4 | C32: Sensores de Presença | D32: Sensor de Presença 24V de teto | E32: 3 | F32: pç
B33: Cabo Unipolar Cobre
B34: Nº | C34: Descrição | D34: Item | E34: Quantidade | F34: Unidade
B35: 1 | C35: Isolação em PVC (70ºC) | D35: 1.5 mm² - Amarelo | E35: 71.97 | F35: m
B36: 2 | C36: Isolação em PVC (70ºC) | D36: 1.5 mm² - Preto | E36: 66.88 | F36: m
B37: 3 | C37: Isolação em PVC (70ºC) | D37: 1.5 mm² - Vermelho | E37: 66.88 | F37: m
B38: 4 | C38: Isolação em PVC (70ºC) | D38: 2.5 mm² - Amarelo | E38: 25.58 | F38: m
B39: 5 | C39: Isolação em PVC (70ºC) | D39: 2.5 mm² - Preto | E39: 32.38 | F39: m
B40: 6 | C40: Isolação em PVC (70ºC) | D40: 2.5 mm² - Vermelho | E40: 32.38 | F40: m
B41: Elétrica (Alarme)
B42: .. Eletrodutos
B43: Nº | C43: Descrição | D43: Item | E43: Quantidade | F43: Unidade
B44: 1 | C44: PVC Flexível Antichama - NBR 15465 | D44: ø1" | E44: 111.01 | F44: m
B45: Cabo blindado multipolar para alarme de incêndio
B46: Nº | C46: Descrição | D46: Item | E46: Quantidade | F46: Unidade
B47: 1 | C47: Classe A - PVC Anti-chama - 105ºC - Isolação 600V | D47: 0.75 mm² | E47: 99.01 | F47: m
B48: 2 | C48: Classe B - PVC Anti-chama - 105ºC - Isolação 600V | D48: 1.5 mm² | E48: 90.1 | F48: m

Sheet Triplex Superior
B2: Lista de Materiais (138º PAV. - TRIPLEX - LANÇAMENTO)
B3: Elétrica
B4: .. Alarme de Incêndio
B5: Nº | C5: Descrição | D5: Item | E5: Quantidade | F5: Unidade
B6: 1 | C6: Acionadores | D6: Acionador Manual de Alarme de Incêndio | E6: 1 | F6: pç
B7: 2 | C7: Anunciadores | D7: Anunciador Audiovisual de Alarme de Incêndio de Parede | E7: 1 | F7: pç
B8: 3 | C8: Anunciadores | D8: Anunciador Audiovisual de Alarme de Incêndio de Teto | E8: 2 | F8: pç
B9: 4 | C9: Atuadores | D9: Atuador Janela Desenfumagem | E9: 1 | F9: pç
B10: 5 | C10: Atuadores | D10: Dispositivo Eletromagnético de Porta Aberta | E10: 1 | F10: pç
B11: 6 | C11: Sensores | D11: Sensor de Fumaça | E11: 19 | F11: pç
B12: .. Caixa Octogonal
B13: Nº | C13: Descrição | D13: Item | E13: Quantidade | F13: Unidade
B14: 1 | C14: Caixas | D14: Caixa Octogonal Padrão NBR IEC 60670 | E14: 31 | F14: pç
B15: 2 | C15: Placas | D15: Placa cega para caixa octogonal Padrão NBR IEC 60670 | E15: 2 | F15: pç
B16: .. Caixas 4x2" e 4x4"
B17: Nº | C17: Descrição | D17: Item | E17: Quantidade | F17: Unidade
B18: 1 | C18: Caixas | D18: Caixa 4x2" de Embutir em PVC Padrão NBR IEC 60670 | E18: 9 | F18: pç
B19: 2 | C19: Placas | D19: Placa 4x2" cega Padrão NBR IEC 60670 | E19: 3 | F19: pç
B20: 3 | C20: Placas | D20: Placa 4x2" com furo para saída de cabos Padrão NBR IEC 60670 | E20: 6 | F20: pç
B21: 4 | C21: Suportes | D21: Suporte p/ caixa 4x2" Padrão NBR IEC 60670 | E21: 9 | F21: pç
B22: .. Eletrodutos
B23: Nº | C23: Descrição | D23: Item | E23: Quantidade | F23: Unidade
B24: 1 | C24: PVC Flexível Antichama - NBR 15465 | D24: ø1" | E24: 28.5 | F24: m
B25: 2 | C25: PVC Flexível Antichama - NBR 15465 | D25: ø3/4" | E25: 34.19 | F25: m
B26: .. Iluminação Emergência
B27: Nº | C27: Descrição | D27: Item | E27: Quantidade | F27: Unidade
B28: 1 | C28: Luminárias e Placas de Saída | D28: Luminária de Emergência 24V de Parede | E28: 3 | F28: pç
B29: 2 | C29: Luminárias e Placas de Saída | D29: Luminária de Emergência 24V de Teto | E29: 5 | F29: pç
B30: 3 | C30: Luminárias e Placas de Saída | D30: Placa de Saída 24V de Parede sem Direção | E30: 1 | F30: pç
B31: 4 | C31: Sensores de Presença | D31: Sensor de Presença 24V de teto | E31: 3 | F31: pç
B32: Cabo Unipolar Cobre
B33: Nº | C33: Descrição | D33: Item | E33: Quantidade | F33: Unidade
B34: 1 | C34: Isolação em PVC (70ºC) | D34: 1.5 mm² - Amarelo | E34: 71.77 | F34: m
B35: 2 | C35: Isolação em PVC (70ºC) | D35: 1.5 mm² - Preto | E35: 58.48 | F35: m
B36: 3 | C36: Isolação em PVC (70ºC) | D36: 1.5 mm² - Vermelho | E36: 58.48 | F36: m
B37: 4 | C37: Isolação em PVC (70ºC) | D37: 2.5 mm² - Amarelo | E37: 33.78 | F37: m
B38: 5 | C38: Isolação em PVC (70ºC) | D38: 2.5 mm² - Preto | E38: 71.89 | F38: m
B39: 6 | C39: Isolação em PVC (70ºC) | D39: 2.5 mm² - Vermelho | E39: 71.89 | F39: m
B40: Elétrica (Alarme)
B41: .. Eletrodutos
B42: Nº | C42: Descrição | D42: Item | E42: Quantidade | F42: Unidade
B43: 1 | C43: PVC Flexível Antichama - NBR 15465 | D43: ø1" | E43: 127.47 | F43: m
B44: Cabo blindado multipolar para alarme de incêndio
B45: Nº | C45: Descrição | D45: Item | E45: Quantidade | F45: Unidade
B46: 1 | C46: Classe A - PVC Anti-chama - 105ºC - Isolação 600V | D46: 0.75 mm² | E46: 121.1 | F46: m
B47: 2 | C47: Classe B - PVC Anti-chama - 105ºC - Isolação 600V | D47: 1.5 mm² | E47: 113.5 | F47: m

Sheet Técnico 8
B2: Lista de Materiais (139º PAV. - ÁREA TÉCNICA 08 - LANÇAMENTO)
B3: Elétrica
B4: .. Alarme de Incêndio
B5: Nº | C5: Descrição | D5: Item | E5: Quantidade | F5: Unidade
B6: 1 | C6: Acionadores | D6: Acionador Manual de Alarme de Incêndio | E6: 1 | F6: pç
B7: 2 | C7: Anunciadores | D7: Anunciador Audiovisual de Alarme de Incêndio de Parede | E7: 1 | F7: pç
B8: 3 | C8: Atuadores | D8: Atuador Janela Desenfumagem | E8: 1 | F8: pç
B9: 4 | C9: Atuadores | D9: Dispositivo Eletromagnético de Porta Aberta | E9: 1 | F9: pç
B10: 5 | C10: Sensores | D10: Sensor de Fumaça | E10: 4 | F10: pç
B11: .. Caixa Octogonal
B12: Nº | C12: Descrição | D12: Item | E12: Quantidade | F12: Unidade
B13: 1 | C13: Caixas | D13: Caixa Octogonal Padrão NBR IEC 60670 | E13: 12 | F13: pç
B14: .. Caixas 4x2" e 4x4"
B15: Nº | C15: Descrição | D15: Item | E15: Quantidade | F15: Unidade
B16: 1 | C16: Caixas | D16: Caixa 4x2" de Embutir em PVC Padrão NBR IEC 60670 | E16: 16 | F16: pç
B17: 2 | C17: Placas | D17: Placa 4x2" cega Padrão NBR IEC 60670 | E17: 8 | F17: pç
B18: 3 | C18: Placas | D18: Placa 4x2" com furo para saída de cabos Padrão NBR IEC 60670 | E18: 8 | F18: pç
B19: 4 | C19: Suportes | D19: Suporte p/ caixa 4x2" Padrão NBR IEC 60670 | E19: 16 | F19: pç
B20: .. Eletrodutos
B21: Nº | C21: Descrição | D21: Item | E21: Quantidade | F21: Unidade
B22: 1 | C22: PVC Flexível Antichama - NBR 15465 | D22: ø1" | E22: 4.11 | F22: m
B23: 2 | C23: PVC Flexível Antichama - NBR 15465 | D23: ø3/4" | E23: 105.03 | F23: m
B24: .. Iluminação Emergência
B25: Nº | C25: Descrição | D25: Item | E25: Quantidade | F25: Unidade
B26: 1 | C26: Luminárias e Placas de Saída | D26: Luminária de Emergência 24V de Parede | E26: 8 | F26: pç
B27: 2 | C27: Luminárias e Placas de Saída | D27: Luminária de Emergência 24V de Teto | E27: 5 | F27: pç
B28: 3 | C28: Luminárias e Placas de Saída | D28: Placa de Saída 24V de Parede sem Direção | E28: 3 | F28: pç
B29: 4 | C29: Sensores de Presença | D29: Sensor de Presença 24V de teto | E29: 3 | F29: pç
B30: Cabo Unipolar Cobre
B31: Nº | C31: Descrição | D31: Item | E31: Quantidade | F31: Unidade
B32: 1 | C32: Isolação em PVC (70ºC) | D32: 1.5 mm² - Amarelo | E32: 59.43 | F32: m
B33: 2 | C33: Isolação em PVC (70ºC) | D33: 1.5 mm² - Preto | E33: 49.02 | F33: m
B34: 3 | C34: Isolação em PVC (70ºC) | D34: 1.5 mm² - Vermelho | E34: 49.02 | F34: m
B35: 4 | C35: Isolação em PVC (70ºC) | D35: 2.5 mm² - Amarelo | E35: 27.62 | F35: m
B36: 5 | C36: Isolação em PVC (70ºC) | D36: 2.5 mm² - Preto | E36: 110.04 | F36: m
B37: 6 | C37: Isolação em PVC (70ºC) | D37: 2.5 mm² - Vermelho | E37: 110.04 | F37: m
B38: Elétrica (Alarme)
B39: .. Eletrodutos
B40: Nº | C40: Descrição | D40: Item | E40: Quantidade | F40: Unidade
B41: 1 | C41: PVC Flexível Antichama - NBR 15465 | D41: ø1" | E41: 40.55 | F41: m
B42: Cabo blindado multipolar para alarme de incêndio
B43: Nº | C43: Descrição | D43: Item | E43: Quantidade | F43: Unidade
B44: 1 | C44: Classe A - PVC Anti-chama - 105ºC - Isolação 600V | D44: 0.75 mm² | E44: 33.13 | F44: m
B45: 2 | C45: Classe B - PVC Anti-chama - 105ºC - Isolação 600V | D45: 1.5 mm² | E45: 10.37 | F45: m

Sheet Lazer 5
B2: Lista de Materiais (140º PAV. - LAZER 05)
B3: Elétrica
B4: .. Alarme de Incêndio
B5: Nº | C5: Descrição | D5: Item | E5: Quantidade | F5: Unidade
B6: 1 | C6: Acionadores | D6: Acionador Manual de Alarme de Incêndio | E6: 1 | F6: pç
B7: 2 | C7: Anunciadores | D7: Anunciador Audiovisual de Alarme de Incêndio de Parede | E7: 1 | F7: pç
B8: 3 | C8: Atuadores | D8: Atuador Janela Desenfumagem | E8: 1 | F8: pç
B9: 4 | C9: Atuadores | D9: Dispositivo Eletromagnético de Porta Aberta | E9: 1 | F9: pç
B10: 5 | C10: Sensores | D10: Sensor de Fumaça | E10: 2 | F10: pç
B11: .. Caixa Octogonal
B12: Nº | C12: Descrição | D12: Item | E12: Quantidade | F12: Unidade
B13: 1 | C13: Caixas | D13: Caixa Octogonal Padrão NBR IEC 60670 | E13: 16 | F13: pç
B14: 2 | C14: Placas | D14: Placa cega para caixa octogonal Padrão NBR IEC 60670 | E14: 6 | F14: pç
B15: .. Caixas 4x2" e 4x4"
B16: Nº | C16: Descrição | D16: Item | E16: Quantidade | F16: Unidade
B17: 1 | C17: Caixas | D17: Caixa 4x2" de Embutir em PVC Padrão NBR IEC 60670 | E17: 29 | F17: pç
B18: 2 | C18: Placas | D18: Placa 4x2" cega Padrão NBR IEC 60670 | E18: 22 | F18: pç
B19: 3 | C19: Placas | D19: Placa 4x2" com furo para saída de cabos Padrão NBR IEC 60670 | E19: 7 | F19: pç
B20: 4 | C20: Suportes | D20: Suporte p/ caixa 4x2" Padrão NBR IEC 60670 | E20: 29 | F20: pç
B21: .. Eletrodutos
B22: Nº | C22: Descrição | D22: Item | E22: Quantidade | F22: Unidade
B23: 1 | C23: PVC Flexível Antichama - NBR 15465 | D23: ø1" | E23: 13.77 | F23: m
B24: 2 | C24: PVC Flexível Antichama - NBR 15465 | D24: ø3/4" | E24: 190.46 | F24: m
B25: .. Iluminação Emergência
B26: Nº | C26: Descrição | D26: Item | E26: Quantidade | F26: Unidade
B27: 1 | C27: Luminárias e Placas de Saída | D27: Luminária de Emergência 24V de Parede | E27: 22 | F27: pç
B28: 2 | C28: Luminárias e Placas de Saída | D28: Luminária de Emergência 24V de Teto | E28: 5 | F28: pç
B29: 3 | C29: Luminárias e Placas de Saída | D29: Placa de Saída 24V de Parede sem Direção | E29: 3 | F29: pç
B30: 4 | C30: Sensores de Presença | D30: Sensor de Presença 24V de teto | E30: 3 | F30: pç
B31: Cabo Unipolar Cobre
B32: Nº | C32: Descrição | D32: Item | E32: Quantidade | F32: Unidade
B33: 1 | C33: Isolação em PVC (70ºC) | D33: 1.5 mm² - Amarelo | E33: 44.78 | F33: m
B34: 2 | C34: Isolação em PVC (70ºC) | D34: 1.5 mm² - Preto | E34: 38.3 | F34: m
B35: 3 | C35: Isolação em PVC (70ºC) | D35: 1.5 mm² - Vermelho | E35: 38.3 | F35: m
B36: 4 | C36: Isolação em PVC (70ºC) | D36: 2.5 mm² - Amarelo | E36: 20.02 | F36: m
B37: 5 | C37: Isolação em PVC (70ºC) | D37: 2.5 mm² - Preto | E37: 10.01 | F37: m
B38: 6 | C38: Isolação em PVC (70ºC) | D38: 2.5 mm² - Vermelho | E38: 10.01 | F38: m
B39: 7 | C39: Isolação em PVC (70ºC) | D39: 4 mm² - Preto | E39: 186.84 | F39: m
B40: 8 | C40: Isolação em PVC (70ºC) | D40: 4 mm² - Vermelho | E40: 186.84 | F40: m
B41: Elétrica (Alarme)
B42: .. Eletrodutos
B43: Nº | C43: Descrição | D43: Item | E43: Quantidade | F43: Unidade
B44: 1 | C44: PVC Flexível Antichama - NBR 15465 | D44: ø1" | E44: 15.17 | F44: m
B45: 2 | C45: PVC Flexível Antichama - NBR 15465 | D45: ø3/4" | E45: 1.1 | F45: m
B46: Cabo blindado multipolar para alarme de incêndio
B47: Nº | C47: Descrição | D47: Item | E47: Quantidade | F47: Unidade
B48: 1 | C48: Classe A - PVC Anti-chama - 105ºC - Isolação 600V | D48: 0.75 mm² | E48: 15.17 | F48: m
B49: 2 | C49: Classe B - PVC Anti-chama - 105ºC - Isolação 600V | D49: 1.5 mm² | E49: 10.97 | F49: m

Sheet Lazer 6
B2: Lista de Materiais (141º PAV. - LAZER 06)
B3: Elétrica
B4: .. Alarme de Incêndio
B5: Nº | C5: Descrição | D5: Item | E5: Quantidade | F5: Unidade
B6: 1 | C6: Acionadores | D6: Acionador Manual de Alarme de Incêndio | E6: 1 | F6: pç
B7: 2 | C7: Anunciadores | D7: Anunciador Audiovisual de Alarme de Incêndio de Parede | E7: 1 | F7: pç
B8: 3 | C8: Atuadores | D8: Atuador Janela Desenfumagem | E8: 1 | F8: pç
B9: 4 | C9: Atuadores | D9: Dispositivo Eletromagnético de Porta Aberta | E9: 1 | F9: pç
B10: 5 | C10: Sensores | D10: Sensor de Fumaça | E10: 2 | F10: pç
B11: .. Caixa Octogonal
B12: Nº | C12: Descrição | D12: Item | E12: Quantidade | F12: Unidade
B13: 1 | C13: Caixas | D13: Caixa Octogonal Padrão NBR IEC 60670 | E13: 16 | F13: pç
B14: 2 | C14: Placas | D14: Placa cega para caixa octogonal Padrão NBR IEC 60670 | E14: 6 | F14: pç
B15: .. Caixas 4x2" e 4x4"
B16: Nº | C16: Descrição | D16: Item | E16: Quantidade | F16: Unidade
B17: 1 | C17: Caixas | D17: Caixa 4x2" de Embutir em PVC Padrão NBR IEC 60670 | E17: 23 | F17: pç
B18: 2 | C18: Placas | D18: Placa 4x2" cega Padrão NBR IEC 60670 | E18: 16 | F18: pç
B19: 3 | C19: Placas | D19: Placa 4x2" com furo para saída de cabos Padrão NBR IEC 60670 | E19: 7 | F19: pç
B20: 4 | C20: Suportes | D20: Suporte p/ caixa 4x2" Padrão NBR IEC 60670 | E20: 23 | F20: pç
B21: .. Eletrodutos
B22: Nº | C22: Descrição | D22: Item | E22: Quantidade | F22: Unidade
B23: 1 | C23: PVC Flexível Antichama - NBR 15465 | D23: ø1" | E23: 13.47 | F23: m
B24: 2 | C24: PVC Flexível Antichama - NBR 15465 | D24: ø3/4" | E24: 157.36 | F24: m
B25: .. Iluminação Emergência
B26: Nº | C26: Descrição | D26: Item | E26: Quantidade | F26: Unidade
B27: 1 | C27: Luminárias e Placas de Saída | D27: Luminária de Emergência 24V de Parede | E27: 16 | F27: pç
B28: 2 | C28: Luminárias e Placas de Saída | D28: Luminária de Emergência 24V de Teto | E28: 5 | F28: pç
B29: 3 | C29: Luminárias e Placas de Saída | D29: Placa de Saída 24V de Parede sem Direção | E29: 3 | F29: pç
B30: 4 | C30: Sensores de Presença | D30: Sensor de Presença 24V de teto | E30: 3 | F30: pç
B31: Cabo Unipolar Cobre
B32: Nº | C32: Descrição | D32: Item | E32: Quantidade | F32: Unidade
B33: 1 | C33: Isolação em PVC (70ºC) | D33: 1.5 mm² - Amarelo | E33: 63.58 | F33: m
B34: 2 | C34: Isolação em PVC (70ºC) | D34: 1.5 mm² - Preto | E34: 52.4 | F34: m
B35: 3 | C35: Isolação em PVC (70ºC) | D35: 1.5 mm² - Vermelho | E35: 52.4 | F35: m
B36: 4 | C36: Isolação em PVC (70ºC) | D36: 2.5 mm² - Amarelo | E36: 29.42 | F36: m
B37: 5 | C37: Isolação em PVC (70ºC) | D37: 2.5 mm² - Preto | E37: 168.15 | F37: m
B38: 6 | C38: Isolação em PVC (70ºC) | D38: 2.5 mm² - Vermelho | E38: 168.15 | F38: m
B39: 7 | C39: Isolação em PVC (70ºC) | D39: 4 mm² - Preto | E39: 9.4 | F39: m
B40: 8 | C40: Isolação em PVC (70ºC) | D40: 4 mm² - Vermelho | E40: 9.4 | F40: m
B41: Elétrica (Alarme)
B42: .. Eletrodutos
B43: Nº | C43: Descrição | D43: Item | E43: Quantidade | F43: Unidade
B44: 1 | C44: PVC Flexível Antichama - NBR 15465 | D44: ø1" | E44: 15.17 | F44: m
B45: 2 | C45: PVC Flexível Antichama - NBR 15465 | D45: ø3/4" | E45: 1.1 | F45: m
B46: Cabo blindado multipolar para alarme de incêndio
B47: Nº | C47: Descrição | D47: Item | E47: Quantidade | F47: Unidade
B48: 1 | C48: Classe A - PVC Anti-chama - 105ºC - Isolação 600V | D48: 0.75 mm² | E48: 15.17 | F48: m
B49: 2 | C49: Classe B - PVC Anti-chama - 105ºC - Isolação 600V | D49: 1.5 mm² | E49: 10.97 | F49: m

Sheet Técnico 9
B2: Lista de Materiais (142º PAV. - TERRAÇO TÉCNICO)
B3: Elétrica
B4: .. Alarme de Incêndio
B5: Nº | C5: Descrição | D5: Item | E5: Quantidade | F5: Unidade
B6: 1 | C6: Acionadores | D6: Acionador Manual de Alarme de Incêndio | E6: 1 | F6: pç
B7: 2 | C7: Anunciadores | D7: Anunciador Audiovisual de Alarme de Incêndio de Parede | E7: 1 | F7: pç
B8: 3 | C8: Atuadores | D8: Atuador Janela Desenfumagem | E8: 1 | F8: pç
B9: 4 | C9: Central de Alarme | D9: Central de Alarme de Incêndio | E9: 1 | F9: pç
B10: 5 | C10: Sensores | D10: Sensor de Fumaça | E10: 7 | F10: pç
B11: .. Caixa Octogonal
B12: Nº | C12: Descrição | D12: Item | E12: Quantidade | F12: Unidade
B13: 1 | C13: Caixas | D13: Caixa Octogonal Padrão NBR IEC 60670 | E13: 22 | F13: pç
B14: 2 | C14: Placas | D14: Placa cega para caixa octogonal Padrão NBR IEC 60670 | E14: 2 | F14: pç
B15: .. Caixas 4x2" e 4x4"
B16: Nº | C16: Descrição | D16: Item | E16: Quantidade | F16: Unidade
B17: 1 | C17: Caixas | D17: Caixa 4x2" de Embutir em PVC Padrão NBR IEC 60670 | E17: 25 | F17: pç
B18: 2 | C18: Caixas | D18: Caixa 4x4" de Embutir em PVC Padrão NBR IEC 60670 | E18: 2 | F18: pç
B19: 3 | C19: Placas | D19: Placa 4x2" cega Padrão NBR IEC 60670 | E19: 14 | F19: pç
B20: 4 | C20: Placas | D20: Placa 4x2" com furo para saída de cabos Padrão NBR IEC 60670 | E20: 11 | F20: pç
B21: 5 | C21: Placas | D21: Placa 4x4" cega Padrão NBR IEC 60670 | E21: 2 | F21: pç
B22: 6 | C22: Suportes | D22: Suporte p/ caixa 4x2" Padrão NBR IEC 60670 | E22: 25 | F22: pç
B23: 7 | C23: Suportes | D23: Suporte p/ caixa 4x4" Padrão NBR IEC 60670 | E23: 2 | F23: pç
B24: .. Cx de Passagem
B25: Nº | C25: Descrição | D25: Item | E25: Quantidade | F25: Unidade
B26: 1 | C26: Embutir | D26: Cx de passagem de embutir com dimensão de 50x50x15 cm | E26: 1 | F26: pç
B27: .. Eletrodutos
B28: Nº | C28: Descrição | D28: Item | E28: Quantidade | F28: Unidade
B29: 1 | C29: PVC Flexível Antichama - NBR 15465 | D29: ø1" | E29: 22.86 | F29: m
B30: 2 | C30: PVC Flexível Antichama - NBR 15465 | D30: ø3/4" | E30: 105.82 | F30: m
B31: .. Iluminação Emergência
B32: Nº | C32: Descrição | D32: Item | E32: Quantidade | F32: Unidade
B33: 1 | C33: Luminárias e Placas de Saída | D33: Luminária de Emergência 24V de Parede | E33: 14 | F33: pç
B34: 2 | C34: Luminárias e Placas de Saída | D34: Luminária de Emergência 24V de Teto | E34: 8 | F34: pç
B35: 3 | C35: Luminárias e Placas de Saída | D35: Placa de Saída 24V de Parede sem Direção | E35: 6 | F35: pç
B36: 4 | C36: Luminárias e Placas de Saída | D36: Placa de Saída Dupla Face 24V de Teto com Direção | E36: 1 | F36: pç
B37: 5 | C37: Sensores de Presença | D37: Sensor de Presença 24V de teto | E37: 5 | F37: pç
B38: Cabo Unipolar Cobre
B39: Nº | C39: Descrição | D39: Item | E39: Quantidade | F39: Unidade
B40: 1 | C40: Isolação em PVC (70ºC) | D40: 1.5 mm² - Amarelo | E40: 107.84 | F40: m
B41: 2 | C41: Isolação em PVC (70ºC) | D41: 1.5 mm² - Preto | E41: 147.83 | F41: m
B42: 3 | C42: Isolação em PVC (70ºC) | D42: 1.5 mm² - Vermelho | E42: 147.83 | F42: m
B43: 4 | C43: Isolação em PVC (70ºC) | D43: 2.5 mm² - Amarelo | E43: 33.3 | F43: m
B44: 5 | C44: Isolação em PVC (70ºC) | D44: 2.5 mm² - Preto | E44: 84.97 | F44: m
B45: 6 | C45: Isolação em PVC (70ºC) | D45: 2.5 mm² - Vermelho | E45: 84.97 | F45: m
B46: 7 | C46: Isolação em PVC (70ºC) | D46: 4 mm² - Preto | E46: 9.4 | F46: m
B47: 8 | C47: Isolação em PVC (70ºC) | D47: 4 mm² - Vermelho | E47: 9.4 | F47: m
B48: Elétrica (Alarme)
B49: .. Eletrodutos
B50: Nº | C50: Descrição | D50: Item | E50: Quantidade | F50: Unidade
B51: 1 | C51: PVC Flexível Antichama - NBR 15465 | D51: ø1" | E51: 61.48 | F51: m
B52: Cabo blindado multipolar para alarme de incêndio
B53: Nº | C53: Descrição | D53: Item | E53: Quantidade | F53: Unidade
B54: 1 | C54: Classe A - PVC Anti-chama - 105ºC - Isolação 600V | D54: 0.75 mm² | E54: 56.51 | F54: m
B55: 2 | C55: Classe B - PVC Anti-chama - 105ºC - Isolação 600V | D55: 1.5 mm² | E55: 6.82 | F55: m

Sheet Lazer 1
B2: Lista de Materiais (10º PAV. - LAZER 01)
B3: Elétrica
B4: .. Alarme de Incêndio
B5: Nº | C5: Descrição | D5: Item | E5: Quantidade | F5: Unidade
B6: 1 | C6: Acionadores | D6: Acionador Manual de Alarme de Incêndio | E6: 4 | F6: pç
B7: 2 | C7: Anunciadores | D7: Anunciador Audiovisual de Alarme de Incêndio de Parede | E7: 4 | F7: pç
B8: 3 | C8: Atuadores | D8: Atuador Janela Desenfumagem | E8: 1 | F8: pç
B9: 4 | C9: Atuadores | D9: Dispositivo Eletromagnético de Porta Aberta | E9: 1 | F9: pç
B10: 5 | C10: Sensores | D10: Sensor de Fumaça | E10: 3 | F10: pç
B11: .. Caixa Octogonal
B12: Nº | C12: Descrição | D12: Item | E12: Quantidade | F12: Unidade
B13: 1 | C13: Caixas | D13: Caixa Octogonal Padrão NBR IEC 60670 | E13: 24 | F13: pç
B14: 2 | C14: Placas | D14: Placa cega para caixa octogonal Padrão NBR IEC 60670 | E14: 13 | F14: pç
B15: .. Caixas 4x2" e 4x4"
B16: Nº | C16: Descrição | D16: Item | E16: Quantidade | F16: Unidade
B17: 1 | C17: Caixas | D17: Caixa 4x2" de Embutir em PVC Padrão NBR IEC 60670 | E17: 54 | F17: pç
B18: 2 | C18: Placas | D18: Placa 4x2" cega Padrão NBR IEC 60670 | E18: 30 | F18: pç
B19: 3 | C19: Placas | D19: Placa 4x2" com furo para saída de cabos Padrão NBR IEC 60670 | E19: 24 | F19: pç
B20: 4 | C20: Suportes | D20: Suporte p/ caixa 4x2" Padrão NBR IEC 60670 | E20: 54 | F20: pç
B21: .. Cx de Passagem
B22: Nº | C22: Descrição | D22: Item | E22: Quantidade | F22: Unidade
B23: 1 | C23: Embutir | D23: Cx de passagem de embutir com dimensão de 50x50x15 cm | E23: 1 | F23: pç
B24: .. Eletrodutos
B25: Nº | C25: Descrição | D25: Item | E25: Quantidade | F25: Unidade
B26: 1 | C26: PVC Flexível Antichama - NBR 15465 | D26: ø1" | E26: 22.47 | F26: m
B27: 2 | C27: PVC Flexível Antichama - NBR 15465 | D27: ø3/4" | E27: 324.2 | F27: m
B28: .. Iluminação Emergência
B29: Nº | C29: Descrição | D29: Item | E29: Quantidade | F29: Unidade
B30: 1 | C30: Luminárias e Placas de Saída | D30: Luminária de Emergência 24V de Parede | E30: 30 | F30: pç
B31: 2 | C31: Luminárias e Placas de Saída | D31: Luminária de Emergência 24V de Teto | E31: 5 | F31: pç
B32: 3 | C32: Luminárias e Placas de Saída | D32: Placa de Saída 24V de Parede com Direção | E32: 6 | F32: pç
B33: 4 | C33: Luminárias e Placas de Saída | D33: Placa de Saída 24V de Parede sem Direção | E33: 1 | F33: pç
B34: 5 | C34: Luminárias e Placas de Saída | D34: Placa de Saída 24V de Teto sem Direção | E34: 6 | F34: pç
B35: 6 | C35: Sensores de Presença | D35: Sensor de Presença 24V de teto | E35: 3 | F35: pç
B36: Cabo Unipolar Cobre
B37: Nº | C37: Descrição | D37: Item | E37: Quantidade | F37: Unidade
B38: 1 | C38: Isolação em PVC (70ºC) | D38: 1.5 mm² - Amarelo | E38: 33.41 | F38: m
B39: 2 | C39: Isolação em PVC (70ºC) | D39: 1.5 mm² - Preto | E39: 16.71 | F39: m
B40: 3 | C40: Isolação em PVC (70ºC) | D40: 1.5 mm² - Vermelho | E40: 16.71 | F40: m
B41: 4 | C41: Isolação em PVC (70ºC) | D41: 2.5 mm² - Amarelo | E41: 45.64 | F41: m
B42: 5 | C42: Isolação em PVC (70ºC) | D42: 2.5 mm² - Preto | E42: 162.78 | F42: m
B43: 6 | C43: Isolação em PVC (70ºC) | D43: 2.5 mm² - Vermelho | E43: 162.78 | F43: m
B44: 7 | C44: Isolação em PVC (70ºC) | D44: 4 mm² - Preto | E44: 227.16 | F44: m
B45: 8 | C45: Isolação em PVC (70ºC) | D45: 4 mm² - Vermelho | E45: 227.16 | F45: m
B46: Elétrica (Alarme)
B47: .. Eletrodutos
B48: Nº | C48: Descrição | D48: Item | E48: Quantidade | F48: Unidade
B49: 1 | C49: PVC Flexível Antichama - NBR 15465 | D49: ø1" | E49: 106.96 | F49: m
B50: Cabo blindado multipolar para alarme de incêndio
B51: Nº | C51: Descrição | D51: Item | E51: Quantidade | F51: Unidade
B52: 1 | C52: Classe A - PVC Anti-chama - 105ºC - Isolação 600V | D52: 0.75 mm² | E52: 93.04 | F52: m
B53: 2 | C53: Classe B - PVC Anti-chama - 105ºC - Isolação 600V | D53: 1.5 mm² | E53: 73.88 | F53: m

Sheet Lazer 2
B2: Lista de Materiais (11º PAV. - LAZER 02)
B3: Elétrica
B4: .. Alarme de Incêndio
B5: Nº | C5: Descrição | D5: Item | E5: Quantidade | F5: Unidade
B6: 1 | C6: Acionadores | D6: Acionador Manual de Alarme de Incêndio | E6: 2 | F6: pç
B7: 2 | C7: Anunciadores | D7: Anunciador Audiovisual de Alarme de Incêndio de Parede | E7: 2 | F7: pç
B8: 3 | C8: Atuadores | D8: Atuador Janela Desenfumagem | E8: 1 | F8: pç
B9: 4 | C9: Atuadores | D9: Dispositivo Eletromagnético de Porta Aberta | E9: 1 | F9: pç
B10: 5 | C10: Sensores | D10: Sensor de Fumaça | E10: 3 | F10: pç
B11: .. Caixa Octogonal
B12: Nº | C12: Descrição | D12: Item | E12: Quantidade | F12: Unidade
B13: 1 | C13: Caixas | D13: Caixa Octogonal Padrão NBR IEC 60670 | E13: 20 | F13: pç
B14: 2 | C14: Placas | D14: Placa cega para caixa octogonal Padrão NBR IEC 60670 | E14: 9 | F14: pç
B15: .. Caixas 4x2" e 4x4"
B16: Nº | C16: Descrição | D16: Item | E16: Quantidade | F16: Unidade
B17: 1 | C17: Caixas | D17: Caixa 4x2" de Embutir em PVC Padrão NBR IEC 60670 | E17: 45 | F17: pç
B18: 2 | C18: Placas | D18: Placa 4x2" cega Padrão NBR IEC 60670 | E18: 26 | F18: pç
B19: 3 | C19: Placas | D19: Placa 4x2" com furo para saída de cabos Padrão NBR IEC 60670 | E19: 19 | F19: pç
B20: 4 | C20: Suportes | D20: Suporte p/ caixa 4x2" Padrão NBR IEC 60670 | E20: 45 | F20: pç
B21: .. Cx de Passagem
B22: Nº | C22: Descrição | D22: Item | E22: Quantidade | F22: Unidade
B23: 1 | C23: Embutir | D23: Cx de passagem de embutir com dimensão de 50x50x15 cm | E23: 1 | F23: pç
B24: .. Eletrodutos
B25: Nº | C25: Descrição | D25: Item | E25: Quantidade | F25: Unidade
B26: 1 | C26: PVC Flexível Antichama - NBR 15465 | D26: ø1" | E26: 19.97 | F26: m
B27: 2 | C27: PVC Flexível Antichama - NBR 15465 | D27: ø3/4" | E27: 301.9 | F27: m
B28: .. Iluminação Emergência
B29: Nº | C29: Descrição | D29: Item | E29: Quantidade | F29: Unidade
B30: 1 | C30: Luminárias e Placas de Saída | D30: Luminária de Emergência 24V de Parede | E30: 26 | F30: pç
B31: 2 | C31: Luminárias e Placas de Saída | D31: Luminária de Emergência 24V de Teto | E31: 5 | F31: pç
B32: 3 | C32: Luminárias e Placas de Saída | D32: Placa de Saída 24V de Parede com Direção | E32: 4 | F32: pç
B33: 4 | C33: Luminárias e Placas de Saída | D33: Placa de Saída 24V de Parede sem Direção | E33: 3 | F33: pç
B34: 5 | C34: Luminárias e Placas de Saída | D34: Placa de Saída 24V de Teto sem Direção | E34: 5 | F34: pç
B35: 6 | C35: Sensores de Presença | D35: Sensor de Presença 24V de teto | E35: 3 | F35: pç
B36: Cabo Unipolar Cobre
B37: Nº | C37: Descrição | D37: Item | E37: Quantidade | F37: Unidade
B38: 1 | C38: Isolação em PVC (70ºC) | D38: 1.5 mm² - Amarelo | E38: 33.41 | F38: m
B39: 2 | C39: Isolação em PVC (70ºC) | D39: 1.5 mm² - Preto | E39: 16.71 | F39: m
B40: 3 | C40: Isolação em PVC (70ºC) | D40: 1.5 mm² - Vermelho | E40: 16.71 | F40: m
B41: 4 | C41: Isolação em PVC (70ºC) | D41: 2.5 mm² - Amarelo | E41: 45.64 | F41: m
B42: 5 | C42: Isolação em PVC (70ºC) | D42: 2.5 mm² - Preto | E42: 122.03 | F42: m
B43: 6 | C43: Isolação em PVC (70ºC) | D43: 2.5 mm² - Vermelho | E43: 122.03 | F43: m
B44: 7 | C44: Isolação em PVC (70ºC) | D44: 4 mm² - Preto | E44: 243.12 | F44: m
B45: 8 | C45: Isolação em PVC (70ºC) | D45: 4 mm² - Vermelho | E45: 243.12 | F45: m
B46: Elétrica (Alarme)
B47: .. Eletrodutos
B48: Nº | C48: Descrição | D48: Item | E48: Quantidade | F48: Unidade
B49: 1 | C49: PVC Flexível Antichama - NBR 15465 | D49: ø1" | E49: 79.66 | F49: m
B50: Cabo blindado multipolar para alarme de incêndio
B51: Nº | C51: Descrição | D51: Item | E51: Quantidade | F51: Unidade
B52: 1 | C52: Classe A - PVC Anti-chama - 105ºC - Isolação 600V | D52: 0.75 mm² | E52: 68.34 | F52: m
B53: 2 | C53: Classe B - PVC Anti-chama - 105ºC - Isolação 600V | D53: 1.5 mm² | E53: 47.68 | F53: m

Sheet Técnico 1
B2: Lista de Materiais (12º PAV. - ÁREA TÉCNICA 01)
B3: Elétrica
B4: .. Alarme de Incêndio
B5: Nº | C5: Descrição | D5: Item | E5: Quantidade | F5: Unidade
B6: 1 | C6: Acionadores | D6: Acionador Manual de Alarme de Incêndio | E6: 1 | F6: pç
B7: 2 | C7: Anunciadores | D7: Anunciador Audiovisual de Alarme de Incêndio de Parede | E7: 1 | F7: pç
B8: 3 | C8: Atuadores | D8: Atuador Janela Desenfumagem | E8: 1 | F8: pç
B9: 4 | C9: Atuadores | D9: Dispositivo Eletromagnético de Porta Aberta | E9: 1 | F9: pç
B10: 5 | C10: Sensores | D10: Sensor de Fumaça | E10: 4 | F10: pç
B11: .. Caixa Octogonal
B12: Nº | C12: Descrição | D12: Item | E12: Quantidade | F12: Unidade
B13: 1 | C13: Caixas | D13: Caixa Octogonal Padrão NBR IEC 60670 | E13: 12 | F13: pç
B14: .. Caixas 4x2" e 4x4"
B15: Nº | C15: Descrição | D15: Item | E15: Quantidade | F15: Unidade
B16: 1 | C16: Caixas | D16: Caixa 4x2" de Embutir em PVC Padrão NBR IEC 60670 | E16: 16 | F16: pç
B17: 2 | C17: Placas | D17: Placa 4x2" cega Padrão NBR IEC 60670 | E17: 8 | F17: pç
B18: 3 | C18: Placas | D18: Placa 4x2" com furo para saída de cabos Padrão NBR IEC 60670 | E18: 8 | F18: pç
B19: 4 | C19: Suportes | D19: Suporte p/ caixa 4x2" Padrão NBR IEC 60670 | E19: 16 | F19: pç
B20: .. Cx de Passagem
B21: Nº | C21: Descrição | D21: Item | E21: Quantidade | F21: Unidade
B22: 1 | C22: Embutir | D22: Cx de passagem de embutir com dimensão de 50x50x15 cm | E22: 1 | F22: pç
B23: .. Eletrodutos
B24: Nº | C24: Descrição | D24: Item | E24: Quantidade | F24: Unidade
B25: 1 | C25: PVC Flexível Antichama - NBR 15465 | D25: ø1" | E25: 4.11 | F25: m
B26: 2 | C26: PVC Flexível Antichama - NBR 15465 | D26: ø3/4" | E26: 108.03 | F26: m
B27: .. Iluminação Emergência
B28: Nº | C28: Descrição | D28: Item | E28: Quantidade | F28: Unidade
B29: 1 | C29: Luminárias e Placas de Saída | D29: Luminária de Emergência 24V de Parede | E29: 8 | F29: pç
B30: 2 | C30: Luminárias e Placas de Saída | D30: Luminária de Emergência 24V de Teto | E30: 5 | F30: pç
B31: 3 | C31: Luminárias e Placas de Saída | D31: Placa de Saída 24V de Parede sem Direção | E31: 3 | F31: pç
B32: 4 | C32: Sensores de Presença | D32: Sensor de Presença 24V de teto | E32: 3 | F32: pç
B33: Cabo Unipolar Cobre
B34: Nº | C34: Descrição | D34: Item | E34: Quantidade | F34: Unidade
B35: 1 | C35: Isolação em PVC (70ºC) | D35: 1.5 mm² - Amarelo | E35: 43.03 | F35: m
B36: 2 | C36: Isolação em PVC (70ºC) | D36: 1.5 mm² - Preto | E36: 36.72 | F36: m
B37: 3 | C37: Isolação em PVC (70ºC) | D37: 1.5 mm² - Vermelho | E37: 36.72 | F37: m
B38: 4 | C38: Isolação em PVC (70ºC) | D38: 2.5 mm² - Amarelo | E38: 22.42 | F38: m
B39: 5 | C39: Isolação em PVC (70ºC) | D39: 2.5 mm² - Preto | E39: 104.84 | F39: m
B40: 6 | C40: Isolação em PVC (70ºC) | D40: 2.5 mm² - Vermelho | E40: 104.84 | F40: m
B41: Elétrica (Alarme)
B42: .. Eletrodutos
B43: Nº | C43: Descrição | D43: Item | E43: Quantidade | F43: Unidade
B44: 1 | C44: PVC Flexível Antichama - NBR 15465 | D44: ø1" | E44: 35.95 | F44: m
B45: Cabo blindado multipolar para alarme de incêndio
B46: Nº | C46: Descrição | D46: Item | E46: Quantidade | F46: Unidade
B47: 1 | C47: Classe A - PVC Anti-chama - 105ºC - Isolação 600V | D47: 0.75 mm² | E47: 28.53 | F47: m
B48: 2 | C48: Classe B - PVC Anti-chama - 105ºC - Isolação 600V | D48: 1.5 mm² | E48: 10.37 | F48: m

Sheet Tipo 1 - x6
B2: Lista de Materiais (13º PAV. - TIPO 01 - x6 - LANÇAMENTO)
B3: Elétrica
B4: .. Alarme de Incêndio
B5: Nº | C5: Descrição | D5: Item | E5: Quantidade | F5: Unidade
B6: 1 | C6: Acionadores | D6: Acionador Manual de Alarme de Incêndio | E6: 1 | F6: pç
B7: 2 | C7: Anunciadores | D7: Anunciador Audiovisual de Alarme de Incêndio de Parede | E7: 1 | F7: pç
B8: 3 | C8: Anunciadores | D8: Anunciador Audiovisual de Alarme de Incêndio de Teto | E8: 2 | F8: pç
B9: 4 | C9: Atuadores | D9: Atuador Janela Desenfumagem | E9: 1 | F9: pç
B10: 5 | C10: Atuadores | D10: Dispositivo Eletromagnético de Porta Aberta | E10: 1 | F10: pç
B11: 6 | C11: Sensores | D11: Sensor de Fumaça | E11: 19 | F11: pç
B12: .. Caixa Octogonal
B13: Nº | C13: Descrição | D13: Item | E13: Quantidade | F13: Unidade
B14: 1 | C14: Caixas | D14: Caixa Octogonal Padrão NBR IEC 60670 | E14: 31 | F14: pç
B15: 2 | C15: Placas | D15: Placa cega para caixa octogonal Padrão NBR IEC 60670 | E15: 2 | F15: pç
B16: .. Caixas 4x2" e 4x4"
B17: Nº | C17: Descrição | D17: Item | E17: Quantidade | F17: Unidade
B18: 1 | C18: Caixas | D18: Caixa 4x2" de Embutir em PVC Padrão NBR IEC 60670 | E18: 9 | F18: pç
B19: 2 | C19: Placas | D19: Placa 4x2" cega Padrão NBR IEC 60670 | E19: 3 | F19: pç
B20: 3 | C20: Placas | D20: Placa 4x2" com furo para saída de cabos Padrão NBR IEC 60670 | E20: 6 | F20: pç
B21: 4 | C21: Suportes | D21: Suporte p/ caixa 4x2" Padrão NBR IEC 60670 | E21: 9 | F21: pç
B22: .. Eletrodutos
B23: Nº | C23: Descrição | D23: Item | E23: Quantidade | F23: Unidade
B24: 1 | C24: PVC Flexível Antichama - NBR 15465 | D24: ø1" | E24: 24.58 | F24: m
B25: 2 | C25: PVC Flexível Antichama - NBR 15465 | D25: ø3/4" | E25: 35.27 | F25: m
B26: .. Iluminação Emergência
B27: Nº | C27: Descrição | D27: Item | E27: Quantidade | F27: Unidade
B28: 1 | C28: Luminárias e Placas de Saída | D28: Luminária de Emergência 24V de Parede | E28: 3 | F28: pç
B29: 2 | C29: Luminárias e Placas de Saída | D29: Luminária de Emergência 24V de Teto | E29: 5 | F29: pç
B30: 3 | C30: Luminárias e Placas de Saída | D30: Placa de Saída 24V de Parede sem Direção | E30: 1 | F30: pç
B31: 4 | C31: Sensores de Presença | D31: Sensor de Presença 24V de teto | E31: 3 | F31: pç
B32: Cabo Unipolar Cobre
B33: Nº | C33: Descrição | D33: Item | E33: Quantidade | F33: Unidade
B34: 1 | C34: Isolação em PVC (70ºC) | D34: 1.5 mm² - Amarelo | E34: 76.68 | F34: m
B35: 2 | C35: Isolação em PVC (70ºC) | D35: 1.5 mm² - Preto | E35: 115.81 | F35: m
B36: 3 | C36: Isolação em PVC (70ºC) | D36: 1.5 mm² - Vermelho | E36: 115.81 | F36: m
B37: 4 | C37: Isolação em PVC (70ºC) | D37: 4 mm² - Amarelo | E37: 26.72 | F37: m
B38: 5 | C38: Isolação em PVC (70ºC) | D38: 4 mm² - Preto | E38: 13.36 | F38: m
B39: 6 | C39: Isolação em PVC (70ºC) | D39: 4 mm² - Vermelho | E39: 13.36 | F39: m
B40: Elétrica (Alarme)
B41: .. Eletrodutos
B42: Nº | C42: Descrição | D42: Item | E42: Quantidade | F42: Unidade
B43: 1 | C43: PVC Flexível Antichama - NBR 15465 | D43: ø1" | E43: 163.11 | F43: m
B44: Cabo blindado multipolar para alarme de incêndio
B45: Nº | C45: Descrição | D45: Item | E45: Quantidade | F45: Unidade
B46: 1 | C46: Classe A - PVC Anti-chama - 105ºC - Isolação 600V | D46: 0.75 mm² | E46: 156.74 | F46: m
B47: 2 | C47: Classe B - PVC Anti-chama - 105ºC - Isolação 600V | D47: 1.5 mm² | E47: 149.06 | F47: m

Sheet Tipo 2 - x3
B2: Lista de Materiais (19º PAV. - TIPO 02 - x3 - LANÇAMENTO)
B3: Elétrica
B4: .. Alarme de Incêndio
B5: Nº | C5: Descrição | D5: Item | E5: Quantidade | F5: Unidade
B6: 1 | C6: Acionadores | D6: Acionador Manual de Alarme de Incêndio | E6: 1 | F6: pç
B7: 2 | C7: Anunciadores | D7: Anunciador Audiovisual de Alarme de Incêndio de Parede | E7: 1 | F7: pç
B8: 3 | C8: Anunciadores | D8: Anunciador Audiovisual de Alarme de Incêndio de Teto | E8: 2 | F8: pç
B9: 4 | C9: Atuadores | D9: Atuador Janela Desenfumagem | E9: 1 | F9: pç
B10: 5 | C10: Atuadores | D10: Dispositivo Eletromagnético de Porta Aberta | E10: 1 | F10: pç
B11: 6 | C11: Sensores | D11: Sensor de Fumaça | E11: 19 | F11: pç
B12: .. Caixa Octogonal
B13: Nº | C13: Descrição | D13: Item | E13: Quantidade | F13: Unidade
B14: 1 | C14: Caixas | D14: Caixa Octogonal Padrão NBR IEC 60670 | E14: 31 | F14: pç
B15: 2 | C15: Placas | D15: Placa cega para caixa octogonal Padrão NBR IEC 60670 | E15: 2 | F15: pç
B16: .. Caixas 4x2" e 4x4"
B17: Nº | C17: Descrição | D17: Item | E17: Quantidade | F17: Unidade
B18: 1 | C18: Caixas | D18: Caixa 4x2" de Embutir em PVC Padrão NBR IEC 60670 | E18: 9 | F18: pç
B19: 2 | C19: Placas | D19: Placa 4x2" cega Padrão NBR IEC 60670 | E19: 3 | F19: pç
B20: 3 | C20: Placas | D20: Placa 4x2" com furo para saída de cabos Padrão NBR IEC 60670 | E20: 6 | F20: pç
B21: 4 | C21: Suportes | D21: Suporte p/ caixa 4x2" Padrão NBR IEC 60670 | E21: 9 | F21: pç
B22: .. Eletrodutos
B23: Nº | C23: Descrição | D23: Item | E23: Quantidade | F23: Unidade
B24: 1 | C24: PVC Flexível Antichama - NBR 15465 | D24: ø1" | E24: 30.34 | F24: m
B25: 2 | C25: PVC Flexível Antichama - NBR 15465 | D25: ø3/4" | E25: 33.42 | F25: m
B26: .. Iluminação Emergência
B27: Nº | C27: Descrição | D27: Item | E27: Quantidade | F27: Unidade
B28: 1 | C28: Luminárias e Placas de Saída | D28: Luminária de Emergência 24V de Parede | E28: 3 | F28: pç
B29: 2 | C29: Luminárias e Placas de Saída | D29: Luminária de Emergência 24V de Teto | E29: 5 | F29: pç
B30: 3 | C30: Luminárias e Placas de Saída | D30: Placa de Saída 24V de Parede sem Direção | E30: 1 | F30: pç
B31: 4 | C31: Sensores de Presença | D31: Sensor de Presença 24V de teto | E31: 3 | F31: pç
B32: Cabo Unipolar Cobre
B33: Nº | C33: Descrição | D33: Item | E33: Quantidade | F33: Unidade
B34: 1 | C34: Isolação em PVC (70ºC) | D34: 1.5 mm² - Amarelo | E34: 55.28 | F34: m
B35: 2 | C35: Isolação em PVC (70ºC) | D35: 1.5 mm² - Preto | E35: 67.46 | F35: m
B36: 3 | C36: Isolação em PVC (70ºC) | D36: 1.5 mm² - Vermelho | E36: 67.46 | F36: m
B37: 4 | C37: Isolação em PVC (70ºC) | D37: 2.5 mm² - Amarelo | E37: 25.52 | F37: m
B38: 5 | C38: Isolação em PVC (70ºC) | D38: 2.5 mm² - Preto | E38: 16.86 | F38: m
B39: 6 | C39: Isolação em PVC (70ºC) | D39: 2.5 mm² - Vermelho | E39: 16.86 | F39: m
B40: Elétrica (Alarme)
B41: .. Eletrodutos
B42: Nº | C42: Descrição | D42: Item | E42: Quantidade | F42: Unidade
B43: 1 | C43: PVC Flexível Antichama - NBR 15465 | D43: ø1" | E43: 159.71 | F43: m
B44: Cabo blindado multipolar para alarme de incêndio
B45: Nº | C45: Descrição | D45: Item | E45: Quantidade | F45: Unidade
B46: 1 | C46: Classe A - PVC Anti-chama - 105ºC - Isolação 600V | D46: 0.75 mm² | E46: 153.34 | F46: m
B47: 2 | C47: Classe B - PVC Anti-chama - 105ºC - Isolação 600V | D47: 1.5 mm² | E47: 145.66 | F47: m

Sheet Técnico 2
B2: Lista de Materiais (22º PAV. - ÁREA TÉCNICA 02)
B3: Elétrica
B4: .. Alarme de Incêndio
B5: Nº | C5: Descrição | D5: Item | E5: Quantidade | F5: Unidade
B6: 1 | C6: Acionadores | D6: Acionador Manual de Alarme de Incêndio | E6: 1 | F6: pç
B7: 2 | C7: Anunciadores | D7: Anunciador Audiovisual de Alarme de Incêndio de Parede | E7: 1 | F7: pç
B8: 3 | C8: Atuadores | D8: Atuador Janela Desenfumagem | E8: 1 | F8: pç
B9: 4 | C9: Central de Alarme | D9: Central de Alarme de Incêndio | E9: 1 | F9: pç
B10: 5 | C10: Sensores | D10: Sensor de Fumaça | E10: 9 | F10: pç
B11: .. Caixa Octogonal
B12: Nº | C12: Descrição | D12: Item | E12: Quantidade | F12: Unidade
B13: 1 | C13: Caixas | D13: Caixa Octogonal Padrão NBR IEC 60670 | E13: 32 | F13: pç
B14: .. Caixas 4x2" e 4x4"
B15: Nº | C15: Descrição | D15: Item | E15: Quantidade | F15: Unidade
B16: 1 | C16: Caixas | D16: Caixa 4x2" de Embutir em PVC Padrão NBR IEC 60670 | E16: 12 | F16: pç
B17: 2 | C17: Caixas | D17: Caixa 4x4" de Embutir em PVC Padrão NBR IEC 60670 | E17: 7 | F17: pç
B18: 3 | C18: Placas | D18: Placa 4x2" cega Padrão NBR IEC 60670 | E18: 5 | F18: pç
B19: 4 | C19: Placas | D19: Placa 4x2" com furo para saída de cabos Padrão NBR IEC 60670 | E19: 7 | F19: pç
B20: 5 | C20: Placas | D20: Placa 4x4" cega Padrão NBR IEC 60670 | E20: 7 | F20: pç
B21: 6 | C21: Suportes | D21: Suporte p/ caixa 4x2" Padrão NBR IEC 60670 | E21: 12 | F21: pç
B22: 7 | C22: Suportes | D22: Suporte p/ caixa 4x4" Padrão NBR IEC 60670 | E22: 7 | F22: pç
B23: .. Cx de Passagem
B24: Nº | C24: Descrição | D24: Item | E24: Quantidade | F24: Unidade
B25: 1 | C25: Embutir | D25: Cx de passagem de embutir com dimensão de 50x50x15 cm | E25: 1 | F25: pç
B26: .. Eletrodutos
B27: Nº | C27: Descrição | D27: Item | E27: Quantidade | F27: Unidade
B28: 1 | C28: PVC Flexível Antichama - NBR 15465 | D28: ø1" | E28: 10.67 | F28: m
B29: 2 | C29: PVC Flexível Antichama - NBR 15465 | D29: ø3/4" | E29: 0.2 | F29: m
B30: .. Iluminação Emergência
B31: Nº | C31: Descrição | D31: Item | E31: Quantidade | F31: Unidade
B32: 1 | C32: Luminárias e Placas de Saída | D32: Luminária de Emergência 24V de Parede | E32: 5 | F32: pç
B33: 2 | C33: Luminárias e Placas de Saída | D33: Luminária de Emergência 24V de Teto | E33: 17 | F33: pç
B34: 3 | C34: Luminárias e Placas de Saída | D34: Placa de Saída 24V de Parede sem Direção | E34: 3 | F34: pç
B35: 4 | C35: Sensores de Presença | D35: Sensor de Presença 24V de teto | E35: 6 | F35: pç
B36: .. Quadros de Distribuição
B37: Nº | C37: Descrição | D37: Item | E37: Quantidade | F37: Unidade
B38: 1 | C38: Metálicos Moldados - NBR IEC 62208 | D38: 30x40x20 cm | E38: 7 | F38: pç
B39: Cabo Unipolar Cobre
B40: Nº | C40: Descrição | D40: Item | E40: Quantidade | F40: Unidade
B41: 1 | C41: Isolação em PVC (70ºC) | D41: 1.5 mm² - Amarelo | E41: 129.14 | F41: m
B42: 2 | C42: Isolação em PVC (70ºC) | D42: 1.5 mm² - Preto | E42: 96.18 | F42: m
B43: 3 | C43: Isolação em PVC (70ºC) | D43: 1.5 mm² - Vermelho | E43: 96.18 | F43: m
B44: 4 | C44: Isolação em PVC (70ºC) | D44: 2.5 mm² - Amarelo | E44: 17.62 | F44: m
B45: 5 | C45: Isolação em PVC (70ºC) | D45: 2.5 mm² - Preto | E45: 291.58 | F45: m
B46: 6 | C46: Isolação em PVC (70ºC) | D46: 2.5 mm² - Vermelho | E46: 291.58 | F46: m
B47: Eletroduto PVC flexível
B48: Nº | C48: Descrição | D48: Item | E48: Quantidade | F48: Unidade
B49: 1 | C49: Eletroduto leve | D49: 1" | E49: 18.51 | F49: m
B50: 2 | C50: Eletroduto leve | D50: 3/4" | E50: 117.46 | F50: m
B51: Elétrica (Alarme)
B52: .. Eletrodutos
B53: Nº | C53: Descrição | D53: Item | E53: Quantidade | F53: Unidade
B54: 1 | C54: PVC Flexível Antichama - NBR 15465 | D54: ø1" | E54: 15.49 | F54: m
B55: Cabo blindado multipolar para alarme de incêndio
B56: Nº | C56: Descrição | D56: Item | E56: Quantidade | F56: Unidade
B57: 1 | C57: Classe A - PVC Anti-chama - 105ºC - Isolação 600V | D57: 0.75 mm² | E57: 92.84 | F57: m
B58: 2 | C58: Classe B - PVC Anti-chama - 105ºC - Isolação 600V | D58: 1.5 mm² | E58: 9.87 | F58: m
B59: Eletroduto PVC flexível
B60: Nº | C60: Descrição | D60: Item | E60: Quantidade | F60: Unidade
B61: 1 | C61: Eletroduto leve | D61: 1" | E61: 84.78 | F61: m
B62: 2 | C62: Eletroduto leve | D62: 3/4" | E62: 2.42 | F62: m

Sheet Lazer Publ. 1
B2: Lista de Materiais (8º PAV. - LAZER PÚBLICO 01)
B3: Elétrica
B4: .. Alarme de Incêndio
B5: Nº | C5: Descrição | D5: Item | E5: Quantidade | F5: Unidade
B6: 1 | C6: Acionadores | D6: Acionador Manual de Alarme de Incêndio | E6: 5 | F6: pç
B7: 2 | C7: Anunciadores | D7: Anunciador Audiovisual de Alarme de Incêndio de Parede | E7: 5 | F7: pç
B8: 3 | C8: Atuadores | D8: Atuador Janela Desenfumagem | E8: 1 | F8: pç
B9: 4 | C9: Atuadores | D9: Dispositivo Eletromagnético de Porta Aberta | E9: 1 | F9: pç
B10: 5 | C10: Sensores | D10: Sensor de Fumaça | E10: 3 | F10: pç
B11: .. Caixa Octogonal
B12: Nº | C12: Descrição | D12: Item | E12: Quantidade | F12: Unidade
B13: 1 | C13: Caixas | D13: Caixa Octogonal Padrão NBR IEC 60670 | E13: 44 | F13: pç
B14: 2 | C14: Placas | D14: Placa cega para caixa octogonal Padrão NBR IEC 60670 | E14: 9 | F14: pç
B15: .. Caixas 4x2" e 4x4"
B16: Nº | C16: Descrição | D16: Item | E16: Quantidade | F16: Unidade
B17: 1 | C17: Caixas | D17: Caixa 4x2" de Embutir em PVC Padrão NBR IEC 60670 | E17: 53 | F17: pç
B18: 2 | C18: Caixas | D18: Caixa 4x4" de Embutir em PVC Padrão NBR IEC 60670 | E18: 2 | F18: pç
B19: 3 | C19: Placas | D19: Placa 4x2" cega Padrão NBR IEC 60670 | E19: 31 | F19: pç
B20: 4 | C20: Placas | D20: Placa 4x2" com furo para saída de cabos Padrão NBR IEC 60670 | E20: 22 | F20: pç
B21: 5 | C21: Placas | D21: Placa 4x4" cega Padrão NBR IEC 60670 | E21: 2 | F21: pç
B22: 6 | C22: Suportes | D22: Suporte p/ caixa 4x2" Padrão NBR IEC 60670 | E22: 53 | F22: pç
B23: 7 | C23: Suportes | D23: Suporte p/ caixa 4x4" Padrão NBR IEC 60670 | E23: 2 | F23: pç
B24: .. Cx de Passagem
B25: Nº | C25: Descrição | D25: Item | E25: Quantidade | F25: Unidade
B26: 1 | C26: Embutir | D26: Cx de passagem de embutir com dimensão de 50x50x15 cm | E26: 4 | F26: pç
B27: .. Eletrodutos
B28: Nº | C28: Descrição | D28: Item | E28: Quantidade | F28: Unidade
B29: 1 | C29: PVC Flexível Antichama - NBR 15465 | D29: ø1" | E29: 78.57 | F29: m
B30: 2 | C30: PVC Flexível Antichama - NBR 15465 | D30: ø3/4" | E30: 404.76 | F30: m
B31: .. Iluminação Emergência
B32: Nº | C32: Descrição | D32: Item | E32: Quantidade | F32: Unidade
B33: 1 | C33: Luminárias e Placas de Saída | D33: Luminária de Emergência 24V de Parede | E33: 29 | F33: pç
B34: 2 | C34: Luminárias e Placas de Saída | D34: Luminária de Emergência 24V de Teto | E34: 20 | F34: pç
B35: 3 | C35: Luminárias e Placas de Saída | D35: Placa de Saída 24V de Parede com Direção | E35: 2 | F35: pç
B36: 4 | C36: Luminárias e Placas de Saída | D36: Placa de Saída 24V de Parede sem Direção | E36: 5 | F36: pç
B37: 5 | C37: Luminárias e Placas de Saída | D37: Placa de Saída 24V de Teto sem Direção | E37: 1 | F37: pç
B38: 6 | C38: Luminárias e Placas de Saída | D38: Placa de Saída Dupla Face 24V de Teto com Direção | E38: 1 | F38: pç
B39: 7 | C39: Sensores de Presença | D39: Sensor de Presença 24V de teto | E39: 12 | F39: pç
B40: Cabo Unipolar Cobre
B41: Nº | C41: Descrição | D41: Item | E41: Quantidade | F41: Unidade
B42: 1 | C42: Isolação em PVC (70ºC) | D42: 1.5 mm² - Amarelo | E42: 337.72 | F42: m
B43: 2 | C43: Isolação em PVC (70ºC) | D43: 1.5 mm² - Preto | E43: 168.86 | F43: m
B44: 3 | C44: Isolação em PVC (70ºC) | D44: 1.5 mm² - Vermelho | E44: 168.86 | F44: m
B45: 4 | C45: Isolação em PVC (70ºC) | D45: 2.5 mm² - Amarelo | E45: 45.62 | F45: m
B46: 5 | C46: Isolação em PVC (70ºC) | D46: 2.5 mm² - Preto | E46: 558.31 | F46: m
B47: 6 | C47: Isolação em PVC (70ºC) | D47: 2.5 mm² - Vermelho | E47: 558.31 | F47: m
B48: 7 | C48: Isolação em PVC (70ºC) | D48: 4 mm² - Preto | E48: 95.62 | F48: m
B49: 8 | C49: Isolação em PVC (70ºC) | D49: 4 mm² - Vermelho | E49: 95.62 | F49: m
B50: Elétrica (Alarme)
B51: .. Eletrodutos
B52: Nº | C52: Descrição | D52: Item | E52: Quantidade | F52: Unidade
B53: 1 | C53: PVC Flexível Antichama - NBR 15465 | D53: ø1" | E53: 188.45 | F53: m
B54: Cabo blindado multipolar para alarme de incêndio
B55: Nº | C55: Descrição | D55: Item | E55: Quantidade | F55: Unidade
B56: 1 | C56: Classe A - PVC Anti-chama - 105ºC - Isolação 600V | D56: 0.75 mm² | E56: 181.45 | F56: m
B57: 2 | C57: Classe B - PVC Anti-chama - 105ºC - Isolação 600V | D57: 1.5 mm² | E57: 106.34 | F57: m

Sheet Lazer Publ. 2
B2: Lista de Materiais (9º PAV. - LAZER PÚBLICO 02)
B3: Elétrica
B4: .. Alarme de Incêndio
B5: Nº | C5: Descrição | D5: Item | E5: Quantidade | F5: Unidade
B6: 1 | C6: Acionadores | D6: Acionador Manual de Alarme de Incêndio | E6: 5 | F6: pç
B7: 2 | C7: Anunciadores | D7: Anunciador Audiovisual de Alarme de Incêndio de Parede | E7: 5 | F7: pç
B8: 3 | C8: Atuadores | D8: Atuador Janela Desenfumagem | E8: 1 | F8: pç
B9: 4 | C9: Atuadores | D9: Dispositivo Eletromagnético de Porta Aberta | E9: 1 | F9: pç
B10: 5 | C10: Sensores | D10: Sensor de Fumaça | E10: 6 | F10: pç
B11: .. Caixa Octogonal
B12: Nº | C12: Descrição | D12: Item | E12: Quantidade | F12: Unidade
B13: 1 | C13: Caixas | D13: Caixa Octogonal Padrão NBR IEC 60670 | E13: 39 | F13: pç
B14: 2 | C14: Placas | D14: Placa cega para caixa octogonal Padrão NBR IEC 60670 | E14: 8 | F14: pç
B15: .. Caixas 4x2" e 4x4"
B16: Nº | C16: Descrição | D16: Item | E16: Quantidade | F16: Unidade
B17: 1 | C17: Caixas | D17: Caixa 4x2" de Embutir em PVC Padrão NBR IEC 60670 | E17: 52 | F17: pç
B18: 2 | C18: Placas | D18: Placa 4x2" cega Padrão NBR IEC 60670 | E18: 27 | F18: pç
B19: 3 | C19: Placas | D19: Placa 4x2" com furo para saída de cabos Padrão NBR IEC 60670 | E19: 25 | F19: pç
B20: 4 | C20: Suportes | D20: Suporte p/ caixa 4x2" Padrão NBR IEC 60670 | E20: 52 | F20: pç
B21: .. Cx de Passagem
B22: Nº | C22: Descrição | D22: Item | E22: Quantidade | F22: Unidade
B23: 1 | C23: Embutir | D23: Cx de passagem de embutir com dimensão de 50x50x15 cm | E23: 1 | F23: pç
B24: .. Eletrodutos
B25: Nº | C25: Descrição | D25: Item | E25: Quantidade | F25: Unidade
B26: 1 | C26: PVC Flexível Antichama - NBR 15465 | D26: ø1" | E26: 42.38 | F26: m
B27: 2 | C27: PVC Flexível Antichama - NBR 15465 | D27: ø3/4" | E27: 325.7 | F27: m
B28: .. Iluminação Emergência
B29: Nº | C29: Descrição | D29: Item | E29: Quantidade | F29: Unidade
B30: 1 | C30: Luminárias e Placas de Saída | D30: Luminária de Emergência 24V de Parede | E30: 24 | F30: pç
B31: 2 | C31: Luminárias e Placas de Saída | D31: Luminária de Emergência 24V de Teto | E31: 17 | F31: pç
B32: 3 | C32: Luminárias e Placas de Saída | D32: Placa de Saída 24V de Parede com Direção | E32: 5 | F32: pç
B33: 4 | C33: Luminárias e Placas de Saída | D33: Placa de Saída 24V de Parede sem Direção | E33: 5 | F33: pç
B34: 5 | C34: Luminárias e Placas de Saída | D34: Placa de Saída Dupla Face 24V de Teto com Direção | E34: 2 | F34: pç
B35: 6 | C35: Sensores de Presença | D35: Sensor de Presença 24V de teto | E35: 8 | F35: pç
B36: Cabo Unipolar Cobre
B37: Nº | C37: Descrição | D37: Item | E37: Quantidade | F37: Unidade
B38: 1 | C38: Isolação em PVC (70ºC) | D38: 1.5 mm² - Amarelo | E38: 95.03 | F38: m
B39: 2 | C39: Isolação em PVC (70ºC) | D39: 1.5 mm² - Preto | E39: 47.52 | F39: m
B40: 3 | C40: Isolação em PVC (70ºC) | D40: 1.5 mm² - Vermelho | E40: 47.52 | F40: m
B41: 4 | C41: Isolação em PVC (70ºC) | D41: 2.5 mm² - Amarelo | E41: 45.64 | F41: m
B42: 5 | C42: Isolação em PVC (70ºC) | D42: 2.5 mm² - Preto | E42: 100.35 | F42: m
B43: 6 | C43: Isolação em PVC (70ºC) | D43: 2.5 mm² - Vermelho | E43: 100.35 | F43: m
B44: 7 | C44: Isolação em PVC (70ºC) | D44: 4 mm² - Preto | E44: 314.15 | F44: m
B45: 8 | C45: Isolação em PVC (70ºC) | D45: 4 mm² - Vermelho | E45: 314.15 | F45: m
B46: Elétrica (Alarme)
B47: .. Eletrodutos
B48: Nº | C48: Descrição | D48: Item | E48: Quantidade | F48: Unidade
B49: 1 | C49: PVC Flexível Antichama - NBR 15465 | D49: ø1" | E49: 143.79 | F49: m
B50: Cabo blindado multipolar para alarme de incêndio
B51: Nº | C51: Descrição | D51: Item | E51: Quantidade | F51: Unidade
B52: 1 | C52: Classe A - PVC Anti-chama - 105ºC - Isolação 600V | D52: 0.75 mm² | E52: 112.21 | F52: m
B53: 2 | C53: Classe B - PVC Anti-chama - 105ºC - Isolação 600V | D53: 1.5 mm² | E53: 95.55 | F53: m

Sheet Garagem 06
B2: Lista de Materiais (7º PAV. - ESTAC. 06)
B3: Elétrica
B4: .. Alarme de Incêndio
B5: Nº | C5: Descrição | D5: Item | E5: Quantidade | F5: Unidade
B6: 1 | C6: Acionadores | D6: Acionador Manual de Alarme de Incêndio | E6: 7 | F6: pç
B7: 2 | C7: Anunciadores | D7: Anunciador Audiovisual de Alarme de Incêndio de Parede | E7: 7 | F7: pç
B8: 3 | C8: Atuadores | D8: Atuador Janela Desenfumagem | E8: 1 | F8: pç
B9: 4 | C9: Atuadores | D9: Dispositivo Eletromagnético de Porta Aberta | E9: 1 | F9: pç
B10: 5 | C10: Sensores | D10: Sensor de Fumaça | E10: 3 | F10: pç
B11: .. Caixa Octogonal
B12: Nº | C12: Descrição | D12: Item | E12: Quantidade | F12: Unidade
B13: 1 | C13: Caixas | D13: Caixa Octogonal Padrão NBR IEC 60670 | E13: 119 | F13: pç
B14: 2 | C14: Placas | D14: Placa cega para caixa octogonal Padrão NBR IEC 60670 | E14: 17 | F14: pç
B15: .. Caixas 4x2" e 4x4"
B16: Nº | C16: Descrição | D16: Item | E16: Quantidade | F16: Unidade
B17: 1 | C17: Caixas | D17: Caixa 4x2" de Embutir em PVC Padrão NBR IEC 60670 | E17: 44 | F17: pç
B18: 2 | C18: Caixas | D18: Caixa 4x4" de Embutir em PVC Padrão NBR IEC 60670 | E18: 4 | F18: pç
B19: 3 | C19: Placas | D19: Placa 4x2" cega Padrão NBR IEC 60670 | E19: 5 | F19: pç
B20: 4 | C20: Placas | D20: Placa 4x2" com furo para saída de cabos Padrão NBR IEC 60670 | E20: 39 | F20: pç
B21: 5 | C21: Placas | D21: Placa 4x4" cega Padrão NBR IEC 60670 | E21: 4 | F21: pç
B22: 6 | C22: Suportes | D22: Suporte p/ caixa 4x2" Padrão NBR IEC 60670 | E22: 44 | F22: pç
B23: 7 | C23: Suportes | D23: Suporte p/ caixa 4x4" Padrão NBR IEC 60670 | E23: 4 | F23: pç
B24: .. Cx de Passagem
B25: Nº | C25: Descrição | D25: Item | E25: Quantidade | F25: Unidade
B26: 1 | C26: Embutir | D26: Cx de passagem de embutir com dimensão de 50x50x15 cm | E26: 1 | F26: pç
B27: .. Eletrodutos
B28: Nº | C28: Descrição | D28: Item | E28: Quantidade | F28: Unidade
B29: 1 | C29: PVC Flexível Antichama - NBR 15465 | D29: ø1" | E29: 214.06 | F29: m
B30: 2 | C30: PVC Flexível Antichama - NBR 15465 | D30: ø3/4" | E30: 223.32 | F30: m
B31: .. Iluminação Emergência
B32: Nº | C32: Descrição | D32: Item | E32: Quantidade | F32: Unidade
B33: 1 | C33: Luminárias e Placas de Saída | D33: Luminária de Emergência 24V de Parede | E33: 3 | F33: pç
B34: 2 | C34: Luminárias e Placas de Saída | D34: Luminária de Emergência 24V de Teto | E34: 65 | F34: pç
B35: 3 | C35: Luminárias e Placas de Saída | D35: Placa de Saída 24V de Parede sem Direção | E35: 4 | F35: pç
B36: 4 | C36: Luminárias e Placas de Saída | D36: Placa de Saída Dupla Face 24V de Teto com Direção | E36: 18 | F36: pç
B37: 5 | C37: Sensores de Presença | D37: Sensor de Presença 24V de teto | E37: 34 | F37: pç
B38: .Cabo Unipolar (cobre)
B39: Nº | C39: Descrição | D39: Item | E39: Quantidade | F39: Unidade
B40: 1 | C40: PVC - 750V (Prysmian) | D40: 4 mm² - Preto | E40: 51.44 | F40: m
B41: 2 | C41: PVC - 750V (Prysmian) | D41: 4 mm² - Vermelho | E41: 51.44 | F41: m
B42: Cabo Unipolar Cobre
B43: Nº | C43: Descrição | D43: Item | E43: Quantidade | F43: Unidade
B44: 1 | C44: Isolação em PVC (70ºC) | D44: 1.5 mm² - Amarelo | E44: 1064.86 | F44: m
B45: 2 | C45: Isolação em PVC (70ºC) | D45: 1.5 mm² - Preto | E45: 532.43 | F45: m
B46: 3 | C46: Isolação em PVC (70ºC) | D46: 1.5 mm² - Vermelho | E46: 532.43 | F46: m
B47: 4 | C47: Isolação em PVC (70ºC) | D47: 2.5 mm² - Amarelo | E47: 24.44 | F47: m
B48: 5 | C48: Isolação em PVC (70ºC) | D48: 2.5 mm² - Preto | E48: 241.84 | F48: m
B49: 6 | C49: Isolação em PVC (70ºC) | D49: 2.5 mm² - Vermelho | E49: 241.84 | F49: m
B50: 7 | C50: Isolação em PVC (70ºC) | D50: 4 mm² - Preto | E50: 340.51 | F50: m
B51: 8 | C51: Isolação em PVC (70ºC) | D51: 4 mm² - Vermelho | E51: 340.51 | F51: m
B52: 9 | C52: Isolação em PVC (70ºC) | D52: 6 mm² - Preto | E52: 314.45 | F52: m
B53: 10 | C53: Isolação em PVC (70ºC) | D53: 6 mm² - Vermelho | E53: 314.45 | F53: m
B54: Elétrica (Alarme)
B55: .. Eletrodutos
B56: Nº | C56: Descrição | D56: Item | E56: Quantidade | F56: Unidade
B57: 1 | C57: PVC Flexível Antichama - NBR 15465 | D57: ø1" | E57: 264.52 | F57: m
B58: Cabo blindado multipolar para alarme de incêndio
B59: Nº | C59: Descrição | D59: Item | E59: Quantidade | F59: Unidade
B60: 1 | C60: Classe A - PVC Anti-chama - 105ºC - Isolação 600V | D60: 0.75 mm² | E60: 252.95 | F60: m
B61: 2 | C61: Classe B - PVC Anti-chama - 105ºC - Isolação 600V | D61: 1.5 mm² | E61: 218.26 | F61: m

Sheet Garagem 04
B2: Lista de Materiais (5º PAV. - ESTAC. 04)
B3: Elétrica
B4: .. Alarme de Incêndio
B5: Nº | C5: Descrição | D5: Item | E5: Quantidade | F5: Unidade
B6: 1 | C6: Acionadores | D6: Acionador Manual de Alarme de Incêndio | E6: 7 | F6: pç
B7: 2 | C7: Anunciadores | D7: Anunciador Audiovisual de Alarme de Incêndio de Parede | E7: 7 | F7: pç
B8: 3 | C8: Atuadores | D8: Atuador Janela Desenfumagem | E8: 1 | F8: pç
B9: 4 | C9: Atuadores | D9: Dispositivo Eletromagnético de Porta Aberta | E9: 1 | F9: pç
B10: 5 | C10: Sensores | D10: Sensor de Fumaça | E10: 3 | F10: pç
B11: .. Caixa Octogonal
B12: Nº | C12: Descrição | D12: Item | E12: Quantidade | F12: Unidade
B13: 1 | C13: Caixas | D13: Caixa Octogonal Padrão NBR IEC 60670 | E13: 125 | F13: pç
B14: 2 | C14: Placas | D14: Placa cega para caixa octogonal Padrão NBR IEC 60670 | E14: 17 | F14: pç
B15: .. Caixas 4x2" e 4x4"
B16: Nº | C16: Descrição | D16: Item | E16: Quantidade | F16: Unidade
B17: 1 | C17: Caixas | D17: Caixa 4x2" de Embutir em PVC Padrão NBR IEC 60670 | E17: 48 | F17: pç
B18: 2 | C18: Caixas | D18: Caixa 4x4" de Embutir em PVC Padrão NBR IEC 60670 | E18: 3 | F18: pç
B19: 3 | C19: Placas | D19: Placa 4x2" cega Padrão NBR IEC 60670 | E19: 7 | F19: pç
B20: 4 | C20: Placas | D20: Placa 4x2" com furo para saída de cabos Padrão NBR IEC 60670 | E20: 41 | F20: pç
B21: 5 | C21: Placas | D21: Placa 4x4" cega Padrão NBR IEC 60670 | E21: 3 | F21: pç
B22: 6 | C22: Suportes | D22: Suporte p/ caixa 4x2" Padrão NBR IEC 60670 | E22: 48 | F22: pç
B23: 7 | C23: Suportes | D23: Suporte p/ caixa 4x4" Padrão NBR IEC 60670 | E23: 3 | F23: pç
B24: .. Cx de Passagem
B25: Nº | C25: Descrição | D25: Item | E25: Quantidade | F25: Unidade
B26: 1 | C26: Embutir | D26: Cx de passagem de embutir com dimensão de 50x50x15 cm | E26: 2 | F26: pç
B27: .. Eletrodutos
B28: Nº | C28: Descrição | D28: Item | E28: Quantidade | F28: Unidade
B29: 1 | C29: PVC Flexível Antichama - NBR 15465 | D29: ø1" | E29: 214.15 | F29: m
B30: 2 | C30: PVC Flexível Antichama - NBR 15465 | D30: ø3/4" | E30: 219.4 | F30: m
B31: .. Iluminação Emergência
B32: Nº | C32: Descrição | D32: Item | E32: Quantidade | F32: Unidade
B33: 1 | C33: Luminárias e Placas de Saída | D33: Luminária de Emergência 24V de Parede | E33: 3 | F33: pç
B34: 2 | C34: Luminárias e Placas de Saída | D34: Luminária de Emergência 24V de Teto | E34: 68 | F34: pç
B35: 3 | C35: Luminárias e Placas de Saída | D35: Placa de Saída 24V de Parede sem Direção | E35: 5 | F35: pç
B36: 4 | C36: Luminárias e Placas de Saída | D36: Placa de Saída Dupla Face 24V de Teto com Direção | E36: 19 | F36: pç
B37: 5 | C37: Sensores de Presença | D37: Sensor de Presença 24V de teto | E37: 37 | F37: pç
B38: Cabo Unipolar Cobre
B39: Nº | C39: Descrição | D39: Item | E39: Quantidade | F39: Unidade
B40: 1 | C40: Isolação em PVC (70ºC) | D40: 1.5 mm² - Amarelo | E40: 1122.32 | F40: m
B41: 2 | C41: Isolação em PVC (70ºC) | D41: 1.5 mm² - Preto | E41: 561.16 | F41: m
B42: 3 | C42: Isolação em PVC (70ºC) | D42: 1.5 mm² - Vermelho | E42: 561.16 | F42: m
B43: 4 | C43: Isolação em PVC (70ºC) | D43: 2.5 mm² - Amarelo | E43: 22.04 | F43: m
B44: 5 | C44: Isolação em PVC (70ºC) | D44: 2.5 mm² - Preto | E44: 180.53 | F44: m
B45: 6 | C45: Isolação em PVC (70ºC) | D45: 2.5 mm² - Vermelho | E45: 180.53 | F45: m
B46: 7 | C46: Isolação em PVC (70ºC) | D46: 4 mm² - Preto | E46: 470.69 | F46: m
B47: 8 | C47: Isolação em PVC (70ºC) | D47: 4 mm² - Vermelho | E47: 470.69 | F47: m
B48: 9 | C48: Isolação em PVC (70ºC) | D48: 6 mm² - Preto | E48: 318.11 | F48: m
B49: 10 | C49: Isolação em PVC (70ºC) | D49: 6 mm² - Vermelho | E49: 318.11 | F49: m
B50: Elétrica (Alarme)
B51: .. Eletrodutos
B52: Nº | C52: Descrição | D52: Item | E52: Quantidade | F52: Unidade
B53: 1 | C53: PVC Flexível Antichama - NBR 15465 | D53: ø1" | E53: 262.98 | F53: m
B54: Cabo blindado multipolar para alarme de incêndio
B55: Nº | C55: Descrição | D55: Item | E55: Quantidade | F55: Unidade
B56: 1 | C56: Classe A - PVC Anti-chama - 105ºC - Isolação 600V | D56: 0.75 mm² | E56: 253.21 | F56: m
B57: 2 | C57: Classe B - PVC Anti-chama - 105ºC - Isolação 600V | D57: 1.5 mm² | E57: 204.23 | F57: m

Sheet Garagem 05
B2: Lista de Materiais (6º PAV. - ESTAC. 05)
B3: Elétrica
B4: .. Alarme de Incêndio
B5: Nº | C5: Descrição | D5: Item | E5: Quantidade | F5: Unidade
B6: 1 | C6: Acionadores | D6: Acionador Manual de Alarme de Incêndio | E6: 7 | F6: pç
B7: 2 | C7: Anunciadores | D7: Anunciador Audiovisual de Alarme de Incêndio de Parede | E7: 7 | F7: pç
B8: 3 | C8: Atuadores | D8: Atuador Janela Desenfumagem | E8: 1 | F8: pç
B9: 4 | C9: Atuadores | D9: Dispositivo Eletromagnético de Porta Aberta | E9: 1 | F9: pç
B10: 5 | C10: Sensores | D10: Sensor de Fumaça | E10: 3 | F10: pç
B11: .. Caixa Octogonal
B12: Nº | C12: Descrição | D12: Item | E12: Quantidade | F12: Unidade
B13: 1 | C13: Caixas | D13: Caixa Octogonal Padrão NBR IEC 60670 | E13: 123 | F13: pç
B14: 2 | C14: Placas | D14: Placa cega para caixa octogonal Padrão NBR IEC 60670 | E14: 17 | F14: pç
B15: .. Caixas 4x2" e 4x4"
B16: Nº | C16: Descrição | D16: Item | E16: Quantidade | F16: Unidade
B17: 1 | C17: Caixas | D17: Caixa 4x2" de Embutir em PVC Padrão NBR IEC 60670 | E17: 46 | F17: pç
B18: 2 | C18: Caixas | D18: Caixa 4x4" de Embutir em PVC Padrão NBR IEC 60670 | E18: 3 | F18: pç
B19: 3 | C19: Placas | D19: Placa 4x2" cega Padrão NBR IEC 60670 | E19: 6 | F19: pç
B20: 4 | C20: Placas | D20: Placa 4x2" com furo para saída de cabos Padrão NBR IEC 60670 | E20: 40 | F20: pç
B21: 5 | C21: Placas | D21: Placa 4x4" cega Padrão NBR IEC 60670 | E21: 3 | F21: pç
B22: 6 | C22: Suportes | D22: Suporte p/ caixa 4x2" Padrão NBR IEC 60670 | E22: 46 | F22: pç
B23: 7 | C23: Suportes | D23: Suporte p/ caixa 4x4" Padrão NBR IEC 60670 | E23: 3 | F23: pç
B24: .. Cx de Passagem
B25: Nº | C25: Descrição | D25: Item | E25: Quantidade | F25: Unidade
B26: 1 | C26: Embutir | D26: Cx de passagem de embutir com dimensão de 50x50x15 cm | E26: 1 | F26: pç
B27: .. Eletrodutos
B28: Nº | C28: Descrição | D28: Item | E28: Quantidade | F28: Unidade
B29: 1 | C29: PVC Flexível Antichama - NBR 15465 | D29: ø1" | E29: 206.89 | F29: m
B30: 2 | C30: PVC Flexível Antichama - NBR 15465 | D30: ø3/4" | E30: 222.33 | F30: m
B31: .. Iluminação Emergência
B32: Nº | C32: Descrição | D32: Item | E32: Quantidade | F32: Unidade
B33: 1 | C33: Luminárias e Placas de Saída | D33: Luminária de Emergência 24V de Parede | E33: 3 | F33: pç
B34: 2 | C34: Luminárias e Placas de Saída | D34: Luminária de Emergência 24V de Teto | E34: 67 | F34: pç
B35: 3 | C35: Luminárias e Placas de Saída | D35: Placa de Saída 24V de Parede sem Direção | E35: 4 | F35: pç
B36: 4 | C36: Luminárias e Placas de Saída | D36: Placa de Saída Dupla Face 24V de Teto com Direção | E36: 19 | F36: pç
B37: 5 | C37: Sensores de Presença | D37: Sensor de Presença 24V de teto | E37: 36 | F37: pç
B38: Cabo Unipolar Cobre
B39: Nº | C39: Descrição | D39: Item | E39: Quantidade | F39: Unidade
B40: 1 | C40: Isolação em PVC (70ºC) | D40: 1.5 mm² - Amarelo | E40: 1109.81 | F40: m
B41: 2 | C41: Isolação em PVC (70ºC) | D41: 1.5 mm² - Preto | E41: 554.9 | F41: m
B42: 3 | C42: Isolação em PVC (70ºC) | D42: 1.5 mm² - Vermelho | E42: 554.9 | F42: m
B43: 4 | C43: Isolação em PVC (70ºC) | D43: 2.5 mm² - Amarelo | E43: 22.04 | F43: m
B44: 5 | C44: Isolação em PVC (70ºC) | D44: 2.5 mm² - Preto | E44: 152.75 | F44: m
B45: 6 | C45: Isolação em PVC (70ºC) | D45: 2.5 mm² - Vermelho | E45: 152.75 | F45: m
B46: 7 | C46: Isolação em PVC (70ºC) | D46: 4 mm² - Preto | E46: 405.71 | F46: m
B47: 8 | C47: Isolação em PVC (70ºC) | D47: 4 mm² - Vermelho | E47: 405.71 | F47: m
B48: 9 | C48: Isolação em PVC (70ºC) | D48: 6 mm² - Preto | E48: 391.69 | F48: m
B49: 10 | C49: Isolação em PVC (70ºC) | D49: 6 mm² - Vermelho | E49: 391.69 | F49: m
B50: Elétrica (Alarme)
B51: .. Eletrodutos
B52: Nº | C52: Descrição | D52: Item | E52: Quantidade | F52: Unidade
B53: 1 | C53: PVC Flexível Antichama - NBR 15465 | D53: ø1" | E53: 246.81 | F53: m
B54: Cabo blindado multipolar para alarme de incêndio
B55: Nº | C55: Descrição | D55: Item | E55: Quantidade | F55: Unidade
B56: 1 | C56: Classe A - PVC Anti-chama - 105ºC - Isolação 600V | D56: 0.75 mm² | E56: 238.14 | F56: m
B57: 2 | C57: Classe B - PVC Anti-chama - 105ºC - Isolação 600V | D57: 1.5 mm² | E57: 204.6 | F57: m

Sheet Subsolo
B2: Lista de Materiais (SUBSOLO)
B3: Elétrica
B4: .. Alarme de Incêndio
B5: Nº | C5: Descrição | D5: Item | E5: Quantidade | F5: Unidade
B6: 1 | C6: Acionadores | D6: Acionador Manual de Alarme de Incêndio | E6: 7 | F6: pç
B7: 2 | C7: Anunciadores | D7: Anunciador Audiovisual de Alarme de Incêndio de Parede | E7: 7 | F7: pç
B8: 3 | C8: Atuadores | D8: Atuador Janela Desenfumagem | E8: 1 | F8: pç
B9: 4 | C9: Sensores | D9: Sensor de Fumaça | E9: 11 | F9: pç
B10: .. Caixa Octogonal
B11: Nº | C11: Descrição | D11: Item | E11: Quantidade | F11: Unidade
B12: 1 | C12: Caixas | D12: Caixa Octogonal Padrão NBR IEC 60670 | E12: 62 | F12: pç
B13: 2 | C13: Placas | D13: Placa cega para caixa octogonal Padrão NBR IEC 60670 | E13: 44 | F13: pç
B14: .. Caixas 4x2" e 4x4"
B15: Nº | C15: Descrição | D15: Item | E15: Quantidade | F15: Unidade
B16: 1 | C16: Caixas | D16: Caixa 4x2" de Embutir em PVC Padrão NBR IEC 60670 | E16: 103 | F16: pç
B17: 2 | C17: Caixas | D17: Caixa 4x4" de Embutir em PVC Padrão NBR IEC 60670 | E17: 2 | F17: pç
B18: 3 | C18: Placas | D18: Placa 4x2" cega Padrão NBR IEC 60670 | E18: 66 | F18: pç
B19: 4 | C19: Placas | D19: Placa 4x2" com furo para saída de cabos Padrão NBR IEC 60670 | E19: 37 | F19: pç
B20: 5 | C20: Placas | D20: Placa 4x4" cega Padrão NBR IEC 60670 | E20: 2 | F20: pç
B21: 6 | C21: Suportes | D21: Suporte p/ caixa 4x2" Padrão NBR IEC 60670 | E21: 103 | F21: pç
B22: 7 | C22: Suportes | D22: Suporte p/ caixa 4x4" Padrão NBR IEC 60670 | E22: 2 | F22: pç
B23: .. Cx de Passagem
B24: Nº | C24: Descrição | D24: Item | E24: Quantidade | F24: Unidade
B25: 1 | C25: Embutir | D25: Cx de passagem de embutir com dimensão de 50x50x15 cm | E25: 1 | F25: pç
B26: .. Eletrodutos
B27: Nº | C27: Descrição | D27: Item | E27: Quantidade | F27: Unidade
B28: 1 | C28: PVC Flexível Antichama - NBR 15465 | D28: ø1" | E28: 125.45 | F28: m
B29: 2 | C29: PVC Flexível Antichama - NBR 15465 | D29: ø3/4" | E29: 563.68 | F29: m
B30: .. Iluminação Emergência
B31: Nº | C31: Descrição | D31: Item | E31: Quantidade | F31: Unidade
B32: 1 | C32: Luminárias e Placas de Saída | D32: Luminária de Emergência 24V de Parede | E32: 63 | F32: pç
B33: 2 | C33: Luminárias e Placas de Saída | D33: Luminária de Emergência 24V de Teto | E33: 4 | F33: pç
B34: 3 | C34: Luminárias e Placas de Saída | D34: Placa de Saída 24V de Parede com Direção | E34: 18 | F34: pç
B35: 4 | C35: Luminárias e Placas de Saída | D35: Placa de Saída 24V de Parede sem Direção | E35: 2 | F35: pç
B36: 5 | C36: Luminárias e Placas de Saída | D36: Placa de Saída Dupla Face 24V de Teto com Direção | E36: 2 | F36: pç
B37: 6 | C37: Sensores de Presença | D37: Sensor de Presença 24V de teto | E37: 3 | F37: pç
B38: Cabo Unipolar Cobre
B39: Nº | C39: Descrição | D39: Item | E39: Quantidade | F39: Unidade
B40: 1 | C40: Isolação em PVC (70ºC) | D40: 1.5 mm² - Amarelo | E40: 14.43 | F40: m
B41: 2 | C41: Isolação em PVC (70ºC) | D41: 1.5 mm² - Preto | E41: 7.22 | F41: m
B42: 3 | C42: Isolação em PVC (70ºC) | D42: 1.5 mm² - Vermelho | E42: 7.22 | F42: m
B43: 4 | C43: Isolação em PVC (70ºC) | D43: 2.5 mm² - Amarelo | E43: 12.57 | F43: m
B44: 5 | C44: Isolação em PVC (70ºC) | D44: 2.5 mm² - Preto | E44: 112.72 | F44: m
B45: 6 | C45: Isolação em PVC (70ºC) | D45: 2.5 mm² - Vermelho | E45: 112.72 | F45: m
B46: 7 | C46: Isolação em PVC (70ºC) | D46: 4 mm² - Preto | E46: 489.91 | F46: m
B47: 8 | C47: Isolação em PVC (70ºC) | D47: 4 mm² - Vermelho | E47: 489.91 | F47: m
B48: 9 | C48: Isolação em PVC (70ºC) | D48: 6 mm² - Preto | E48: 532.57 | F48: m
B49: 10 | C49: Isolação em PVC (70ºC) | D49: 6 mm² - Vermelho | E49: 532.57 | F49: m
B50: Elétrica (Alarme)
B51: .. Eletrodutos
B52: Nº | C52: Descrição | D52: Item | E52: Quantidade | F52: Unidade
B53: 1 | C53: PVC Flexível Antichama - NBR 15465 | D53: ø1" | E53: 382.07 | F53: m
B54: 2 | C54: PVC Flexível Antichama - NBR 15465 | D54: ø3/4" | E54: 5.5 | F54: m
B55: Cabo blindado multipolar para alarme de incêndio
B56: Nº | C56: Descrição | D56: Item | E56: Quantidade | F56: Unidade
B57: 1 | C57: Classe A - PVC Anti-chama - 105ºC - Isolação 600V | D57: 0.75 mm² | E57: 379.87 | F57: m
B58: 2 | C58: Classe B - PVC Anti-chama - 105ºC - Isolação 600V | D58: 1.5 mm² | E58: 271.4 | F58: m

Sheet Térreo
B2: Lista de Materiais (1º PAV. - TÉRREO)
B3: Elétrica
B4: .. Alarme de Incêndio
B5: Nº | C5: Descrição | D5: Item | E5: Quantidade | F5: Unidade
B6: 1 | C6: Acionadores | D6: Acionador Manual de Alarme de Incêndio | E6: 11 | F6: pç
B7: 2 | C7: Anunciadores | D7: Anunciador Audiovisual de Alarme de Incêndio de Parede | E7: 11 | F7: pç
B8: 3 | C8: Atuadores | D8: Atuador Janela Desenfumagem | E8: 1 | F8: pç
B9: 4 | C9: Central de Alarme | D9: Central de Alarme de Incêndio | E9: 2 | F9: pç
B10: 5 | C10: Central de Alarme | D10: Repetidor para Central de Alarme de Incêndio | E10: 1 | F10: pç
B11: 6 | C11: Sensores | D11: Sensor de Fumaça | E11: 14 | F11: pç
B12: 7 | C12: Sensores | D12: Sensor de Fumaça para Duto | E12: 1 | F12: pç
B13: .. Caixa Octogonal
B14: Nº | C14: Descrição | D14: Item | E14: Quantidade | F14: Unidade
B15: 1 | C15: Caixas | D15: Caixa Octogonal Padrão NBR IEC 60670 | E15: 116 | F15: pç
B16: 2 | C16: Placas | D16: Placa cega para caixa octogonal Padrão NBR IEC 60670 | E16: 41 | F16: pç
B17: .. Caixas 4x2" e 4x4"
B18: Nº | C18: Descrição | D18: Item | E18: Quantidade | F18: Unidade
B19: 1 | C19: Caixas | D19: Caixa 4x2" de Embutir em PVC Padrão NBR IEC 60670 | E19: 197 | F19: pç
B20: 2 | C20: Caixas | D20: Caixa 4x4" de Embutir em PVC Padrão NBR IEC 60670 | E20: 2 | F20: pç
B21: 3 | C21: Placas | D21: Placa 4x2" cega Padrão NBR IEC 60670 | E21: 113 | F21: pç
B22: 4 | C22: Placas | D22: Placa 4x2" com furo para saída de cabos Padrão NBR IEC 60670 | E22: 84 | F22: pç
B23: 5 | C23: Placas | D23: Placa 4x4" cega Padrão NBR IEC 60670 | E23: 2 | F23: pç
B24: 6 | C24: Suportes | D24: Suporte p/ caixa 4x2" Padrão NBR IEC 60670 | E24: 197 | F24: pç
B25: 7 | C25: Suportes | D25: Suporte p/ caixa 4x4" Padrão NBR IEC 60670 | E25: 2 | F25: pç
B26: .. Cx de Passagem
B27: Nº | C27: Descrição | D27: Item | E27: Quantidade | F27: Unidade
B28: 1 | C28: Embutir | D28: Cx de passagem de embutir com dimensão de 50x50x15 cm | E28: 1 | F28: pç
B29: .. Eletrodutos
B30: Nº | C30: Descrição | D30: Item | E30: Quantidade | F30: Unidade
B31: 1 | C31: PVC Flexível Antichama - NBR 15465 | D31: ø1" | E31: 205.47 | F31: m
B32: 2 | C32: PVC Flexível Antichama - NBR 15465 | D32: ø3/4" | E32: 690.61 | F32: m
B33: .. Iluminação Emergência
B34: Nº | C34: Descrição | D34: Item | E34: Quantidade | F34: Unidade
B35: 1 | C35: Blocos Autônomos | D35: Luminária de Emergência de Parede - Autônoma | E35: 8 | F35: pç
B36: 2 | C36: Blocos Autônomos | D36: Placa de Saída de Parede sem Direção - Autônoma | E36: 1 | F36: pç
B37: 3 | C37: Blocos Autônomos | D37: Placa de Saída de Teto sem Direção - Autônoma | E37: 3 | F37: pç
B38: 4 | C38: Luminárias e Placas de Saída | D38: Luminária de Emergência 24V de Parede | E38: 110 | F38: pç
B39: 5 | C39: Luminárias e Placas de Saída | D39: Luminária de Emergência 24V de Teto | E39: 41 | F39: pç
B40: 6 | C40: Luminárias e Placas de Saída | D40: Placa de Saída 24V de Parede com Direção | E40: 16 | F40: pç
B41: 7 | C41: Luminárias e Placas de Saída | D41: Placa de Saída 24V de Parede sem Direção | E41: 29 | F41: pç
B42: 8 | C42: Luminárias e Placas de Saída | D42: Placa de Saída 24V de Teto sem Direção | E42: 4 | F42: pç
B43: 9 | C43: Luminárias e Placas de Saída | D43: Placa de Saída Dupla Face 24V de Teto com Direção | E43: 7 | F43: pç
B44: 10 | C44: Sensores de Presença | D44: Sensor de Presença 24V de teto | E44: 20 | F44: pç
B45: Cabo Unipolar Cobre
B46: Nº | C46: Descrição | D46: Item | E46: Quantidade | F46: Unidade
B47: 1 | C47: Isolação em PVC (70ºC) | D47: 1.5 mm² - Amarelo | E47: 227.56 | F47: m
B48: 2 | C48: Isolação em PVC (70ºC) | D48: 1.5 mm² - Preto | E48: 113.78 | F48: m
B49: 3 | C49: Isolação em PVC (70ºC) | D49: 1.5 mm² - Vermelho | E49: 113.78 | F49: m
B50: 4 | C50: Isolação em PVC (70ºC) | D50: 2.5 mm² - Amarelo | E50: 15.5 | F50: m
B51: 5 | C51: Isolação em PVC (70ºC) | D51: 2.5 mm² - Preto | E51: 217.09 | F51: m
B52: 6 | C52: Isolação em PVC (70ºC) | D52: 2.5 mm² - Vermelho | E52: 217.09 | F52: m
B53: 7 | C53: Isolação em PVC (70ºC) | D53: 4 mm² - Preto | E53: 546.89 | F53: m
B54: 8 | C54: Isolação em PVC (70ºC) | D54: 4 mm² - Vermelho | E54: 546.89 | F54: m
B55: 9 | C55: Isolação em PVC (70ºC) | D55: 6 mm² - Preto | E55: 559.28 | F55: m
B56: 10 | C56: Isolação em PVC (70ºC) | D56: 6 mm² - Vermelho | E56: 559.28 | F56: m
B57: Elétrica (Alarme)
B58: .. Eletrodutos
B59: Nº | C59: Descrição | D59: Item | E59: Quantidade | F59: Unidade
B60: 1 | C60: PVC Flexível Antichama - NBR 15465 | D60: ø1" | E60: 385.44 | F60: m
B61: 2 | C61: PVC Flexível Antichama - NBR 15465 | D61: ø3/4" | E61: 13.06 | F61: m
B62: 3 | C62: PVC Rígido - NBR 15465 | D62: ø2" | E62: 3.6 | F62: m
B63: Cabo blindado multipolar para alarme de incêndio
B64: Nº | C64: Descrição | D64: Item | E64: Quantidade | F64: Unidade
B65: 1 | C65: Classe A - PVC Anti-chama - 105ºC - Isolação 600V | D65: 0.75 mm² | E65: 375.82 | F65: m
B66: 2 | C66: Classe B - PVC Anti-chama - 105ºC - Isolação 600V | D66: 1.5 mm² | E66: 174.87 | F66: m

Sheet Garagem 01
B2: Lista de Materiais (2º PAV. - ESTAC. 01)
B3: Elétrica
B4: .. Alarme de Incêndio
B5: Nº | C5: Descrição | D5: Item | E5: Quantidade | F5: Unidade
B6: 1 | C6: Acionadores | D6: Acionador Manual de Alarme de Incêndio | E6: 7 | F6: pç
B7: 2 | C7: Anunciadores | D7: Anunciador Audiovisual de Alarme de Incêndio de Parede | E7: 7 | F7: pç
B8: 3 | C8: Atuadores | D8: Atuador Janela Desenfumagem | E8: 1 | F8: pç
B9: 4 | C9: Atuadores | D9: Dispositivo Eletromagnético de Porta Aberta | E9: 1 | F9: pç
B10: 5 | C10: Sensores | D10: Sensor de Fumaça | E10: 7 | F10: pç
B11: .. Caixa Octogonal
B12: Nº | C12: Descrição | D12: Item | E12: Quantidade | F12: Unidade
B13: 1 | C13: Caixas | D13: Caixa Octogonal Padrão NBR IEC 60670 | E13: 130 | F13: pç
B14: 2 | C14: Placas | D14: Placa cega para caixa octogonal Padrão NBR IEC 60670 | E14: 19 | F14: pç
B15: .. Caixas 4x2" e 4x4"
B16: Nº | C16: Descrição | D16: Item | E16: Quantidade | F16: Unidade
B17: 1 | C17: Caixas | D17: Caixa 4x2" de Embutir em PVC Padrão NBR IEC 60670 | E17: 47 | F17: pç
B18: 2 | C18: Caixas | D18: Caixa 4x4" de Embutir em PVC Padrão NBR IEC 60670 | E18: 3 | F18: pç
B19: 3 | C19: Placas | D19: Placa 4x2" cega Padrão NBR IEC 60670 | E19: 7 | F19: pç
B20: 4 | C20: Placas | D20: Placa 4x2" com furo para saída de cabos Padrão NBR IEC 60670 | E20: 40 | F20: pç
