Workbook
Name \0: #REF!
Name \0: #REF!
Name \1: #REF!
Name \1: #REF!
Name \a: #REF!
Name \b: #REF!
Name \c: #REF!
Name \d: #REF!
Name \e: #REF!
Name \i: #REF!
Name \J: #REF!
Name \k: #REF!
Name \l: #N/A
Name \m: #REF!
Name \m: #REF!
Name \o: #REF!
Name \o: #REF!
Name \p: #REF!
Name \p: #REF!
Name \r: #REF!
Name \T: #REF!
Name \z: #REF!
Name _: #REF!
Name _\0: #REF!
Name _\0: #REF!
Name _\1: #REF!
Name _\a: #REF!
Name _\b: #REF!
Name _\c: #REF!
Name _\d: #REF!
Name _\e: #REF!
Name _\i: #REF!
Name _\J: #REF!
Name _\k: #REF!
Name _\l: #N/A
Name _\m: #REF!
Name _\m: #REF!
Name _\o: #REF!
Name _\o: #REF!
Name _\p: #REF!
Name _\p: #REF!
Name _\r: #REF!
Name _\T: #REF!
Name _\z: #REF!
Name _\z: #REF!
Name __: #REF!
Name ______ACR10: #REF!
Name ______ACR10: #REF!
Name ______ACR15: #REF!
Name ______ACR15: #REF!
Name ______acr20: #REF!
Name ______acr20: #REF!
Name ______acr5: #REF!
Name ______ARQ1: #REF!
Name ______QT100: #REF!
Name ______QT2: #REF!
Name ______QT3: #REF!
Name ______QT4: #REF!
Name ______QT50: #REF!
Name ______QT75: #REF!

Sheet Resumo Estrutura
B1: Projeto: | C1: =[1]CAPA!$C$2 -> Elizabeth II Royal Home
B2: Empresa: | C2: =[1]CAPA!$C$3 -> Gessele
B3: Revisão: | C3: R00
A4: Item | B4: Disciplina | C4: EAP - Arquitetura | D4: Pavimento Proj. Estrutural | E4: Etapa | F4: Projetos | G4: Área Pavimento | H4: Mpa | I4: Concreto | J4: Forma Convencional | K4: Forma Convencional Fabricação | L4: Cubeta inteira | M4: Meia Cubeta | N4: Aço | O4: Ø5.0mm 0,154 kg/m | P4: Ø6.3mm 0,245 kg/m | Q4: Ø8.0mm 0,395 kg/m | R4: Ø10.0mm 0,617 kg/m | S4: Ø12.5mm 0,963 kg/m | T4: Ø16.0mm 1,578 kg/m | U4: Ø20.0mm 2,466 kg/m | V4: Ø25.0mm 3,853 kg/m | W4: Ø32.0mm 6,313 kg/m
A5: Torre | O5: =O81/SUM($O$81:$W$81) -> 0.0056284419 | P5: =P81/SUM($O$81:$W$81) -> 0.063127632 | Q5: =Q81/SUM($O$81:$W$81) -> 0.069768384 | R5: =R81/SUM($O$81:$W$81) -> 0.079324587 | S5: =S81/SUM($O$81:$W$81) -> 0.089771623 | T5: =T81/SUM($O$81:$W$81) -> 0.030085844 | U5: =U81/SUM($O$81:$W$81) -> 0.11503887 | V5: =V81/SUM($O$81:$W$81) -> 0.54725462 | W5: =W81/SUM($O$81:$W$81) -> 0
A6: =A5 -> Torre | B6: Fundação | C6: Contenções | D6: Contenções | E6: Mureta guia | F6: PR-1248-00-CON-FO-01-R00 | H6: 50 | I6: ='[1]Fund. Rasa | Contenção'!AG84 -> 11.390452 | J6: ='[1]Fund. Rasa | Contenção'!AD84 -> 222.6272 | N6: =SUM(O6:W6) -> 711.9216 | P6: =(30*48+(1.02+1.07+0.07+0.02+0.07+0.17+0.12+0.07+0.02+0.07)*48*2/0.2)*0.245 -> 670.32 | S6: =0.45*48*2*0.963 -> 41.6016
A7: =A5 -> Torre | B7: Fundação | C7: Contenções | D7: Contenções | E7: Parede de Diafragma | H7: 50 | I7: 210 | J7: 1050 | N7: =SUM(O7:W7) -> 18250 | P7: 2282 | Q7: 77 | S7: 3884 | V7: 12007
A8: =A7 -> Torre | B8: Fundação | C8: Contenções | D8: Contenções | E8: Estroncas | F8: PR-1248-00-CON-FO-01-R00 | H8: 50 | I8: 8.4 | J8: 37.2 | N8: =SUM(O8:W8) -> 608.81818 | Q8: =(62+84.7)/1.1 -> 133.36364 | S8: =49.9/1.1 -> 45.363636 | U8: =473.1/1.1 -> 430.09091
A9: =A7 -> Torre | B9: Fundação | C9: Contenções | D9: Contenções | E9: Viga Coroamento | F9: PR-1248-00-CON-VI-01-R01 | H9: 50 | I9: 9.4 | J9: 45.6 | N9: =SUM(O9:W9) -> 2057.2727 | Q9: =858/1.1 -> 780 | T9: =1405/1.1 -> 1277.2727
D10: TOTAL - CONTENÇÃO | I10: =SUM(I7:I9) -> 227.8 | J10: =SUM(J7:J9) -> 1132.8 | K10: =SUM(K7:K9) -> 0 | L10: =SUM(L7:L9) -> 0 | M10: =SUM(M7:M9) -> 0 | N10: =SUM(N7:N9) -> 20916.091 | O10: =SUM(O7:O9) -> 0 | P10: =SUM(P7:P9) -> 2282 | ... W10: =SUM(W7:W9) -> 0
A11: =A5 -> Torre | B11: Fundação | C11: Fundação - Estacas | D11: Fundação | E11: Estacas | H11: 50 | I11: =[1]Estacas!K7 -> 83.448555 | P11: =[1]Estacas!M7 -> 6175 | U11: =[1]Estacas!N7 -> 41456
D12: TOTAL - FUNDAÇÃO ESTACA | I12: =SUM(I11) -> 83.448555 | J12: =SUM(J11) -> 0 | K12: =SUM(K11) -> 0 | L12: =SUM(L11) -> 0 | M12: =SUM(M11) -> 0 | N12: =SUM(N11) -> 0 | O12: =SUM(O11) -> 0 | P12: =SUM(P11) -> 6175 | ... W12: =SUM(W11) -> 0
A13: =A5 -> Torre | B13: Fundação | C13: Fundação - Blocos | D13: Fundação | E13: Blocos | F13: PR-1248-00-FUN-AR-01-R01 | H13: 50 | I13: 658.5 | J13: 524.5 | N13: =SUM(O13:W13) -> 69835.455 | S13: =581/1.1 -> 528.18182 | T13: =8065/1.1 -> 7331.8182 | U13: =1450/1.1 -> 1318.1818 | V13: =66723/1.1 -> 60657.273
D14: TOTAL - FUNDAÇÃO BLOCOS | I14: =SUM(I13) -> 658.5 | J14: =SUM(J13) -> 524.5 | K14: =SUM(K13) -> 0 | L14: =SUM(L13) -> 0 | M14: =SUM(M13) -> 0 | N14: =SUM(N13) -> 69835.455 | O14: =SUM(O13) -> 0 | P14: =SUM(P13) -> 0 | ... W14: =SUM(W13) -> 0
A15: =A5 -> Torre | B15: Fundação | C15: Fundação - Vigas etc. | D15: Fundação | E15: Pilares | F15: PR-1248-00-FUN-AR-01-R01 | H15: 50 | I15: 18.7 | J15: 122.9 | N15: =SUM(O15:W15) -> 44086 | O15: =31 -> 31 | P15: =97+14+12 -> 123 | Q15: =83+15+1 -> 99 | R15: =4397+153+1118 -> 5668 | S15: =4398+60+195 -> 4653 | T15: =484+130 -> 614 | U15: =902 -> 902 | V15: =3332+1348 -> 4680 | W15: =27316 -> 27316
A16: =A5 -> Torre | B16: Fundação | C16: Fundação - Vigas etc. | D16: Fundação | E16: Vigas | H16: 50
A17: =A16 -> Torre | B17: Fundação | C17: Fundação - Vigas etc. | D17: Fundação | E17: Laje p/ equipamentos | F17: PR-1248-00-FUN-LA-01-R01 | H17: 50 | I17: =1.4*(1.19*2.325)+0.3*(4.2*4.2) -> 9.16545 | J17: =4.2*4*0.3+(1.19*2+2.325*2)*1.4 -> 14.882 | N17: =SUM(O17:W17) -> 829.90909 | S17: =(191.8+551.8)/1.1 -> 676 | T17: =169.3/1.1 -> 153.90909
A18: =A5 -> Torre | B18: Fundação | C18: Fundação - Vigas etc. | D18: Fundação | E18: Contrapiso | H18: 50 | N18: =SUM(O18:W18) -> 17 | O18: =11 -> 11 | R18: =6 -> 6
A19: =A5 -> Torre | B19: Fundação | C19: Fundação - Vigas etc. | D19: Fundação | E19: Cisternas | F19: PR-1248-01-CIS-FO-01-R02 | H19: 50 | I19: ='[1]Cálculo de apoio'!D8 -> 23.18176 | J19: ='[1]Cálculo de apoio'!E6 -> 28.95 | N19: =SUM(O19:W19) -> 3419.1818 | O19: ='[1]Cálculo de apoio'!J8 -> 10 | P19: ='[1]Cálculo de apoio'!K8 -> 7.2727273 | Q19: ='[1]Cálculo de apoio'!L8 -> 883.63636 | R19: ='[1]Cálculo de apoio'!M8 -> 1337.6364 | S19: ='[1]Cálculo de apoio'!N8 -> 678.81818 | T19: ='[1]Cálculo de apoio'!O8 -> 501.81818 | U19: ='[1]Cálculo de apoio'!P8 -> 0 | V19: ='[1]Cálculo de apoio'!Q8 -> 0
A20: =A5 -> Torre | B20: Fundação | C20: Fundação - Vigas etc. | D20: Fundação | E20: Dutos | H20: 50 | N20: =SUM(O20:W20) -> 0
C21: TOTAL - VIGAS BALDRAMES/PILARES DE ARRANQUE/CISTERNAS E DUTOS | I21: =SUM(I15:I20) -> 51.04721 | J21: =SUM(J15:J20) -> 166.732 | K21: =SUM(K15:K20) -> 0 | L21: =SUM(L15:L20) -> 0 | M21: =SUM(M15:M20) -> 0 | N21: =SUM(N15:N20) -> 48352.091 | O21: =SUM(O15:O20) -> 52 | P21: =SUM(P15:P20) -> 130.27273 | ... W21: =SUM(W15:W20) -> 27316
A22: =A20 -> Torre | B22: Supraestrutura | C22: Térreo | D22: Térreo | E22: Pilares | H22: 50 | K22: =J28*3 -> 1733.4 | N22: =SUM(O22:W22) -> 0
A23: =A22 -> Torre | B23: Supraestrutura | C23: Térreo | D23: Térreo | E23: Vigas | H23: 50 | I23: 106.6 | J23: 582.1 | K23: =J23*3 -> 1746.3 | N23: =SUM(O23:W23) -> 17598 | P23: 1364 | Q23: 1169 | R23: 2046 | S23: 1225 | T23: 1240 | U23: 3719 | V23: 6835
A24: =A23 -> Torre | B24: Supraestrutura | C24: Térreo | D24: Térreo | E24: Lajes | H24: 50 | I24: 97 | K24: =J30*3 -> 1261.185 | N24: =SUM(O24:W24) -> 4886.3636 | P24: =777.2/1.1+909.4/1.1+1201.9/1.1+1189.3/1.1 -> 3707.0909 | Q24: =673.2/1.1+292.6/1.1+267.4/1.1+64/1.1 -> 1179.2727
A25: =A24 -> Torre | B25: Supraestrutura | C25: Térreo | D25: Térreo | E25: Capiteis | H25: 50 | N25: =SUM(O25:W25) -> 0
A26: =A25 -> Torre | B26: Supraestrutura | C26: Térreo | D26: Térreo | E26: Lajes | H26: 50 | I26: 4.8 | J26: =(0.5816+0.5128+(3.01+2.65)*1.2+3.1+3.2*1.2)/1.6*4.8 -> 44.4792 | K26: =J32*3 -> 133.4376 | N26: =SUM(O26:W26) -> 302.54545 | P26: =10/1.1 -> 9.0909091 | Q26: 9 | R26: =55/1.1+36/1.1+25/1.1 -> 105.45455 | S26: 145 | T26: 34
D27: ="TOTAL - "&UPPER(C26) -> TOTAL - TÉRREO | I27: =SUM(I22:I26) -> 208.4 | J27: =SUM(J22:J26) -> 626.5792 | K27: =SUM(K22:K26) -> 4874.3226 | L27: =SUM(L22:L26) -> 0 | M27: =SUM(M22:M26) -> 0 | N27: =SUM(N22:N26) -> 22786.909 | O27: =SUM(O22:O26) -> 0 | P27: =SUM(P22:P26) -> 5080.1818 | ... W27: =SUM(W22:W26) -> 0
A28: =A5 -> Torre | B28: Supraestrutura | C28: Mezanino G1 | D28: Garagem G1 | E28: Pilares | H28: 50 | I28: 101.9 | J28: 577.8 | N28: =SUM(O28:W28) -> 45075 | P28: 311 | Q28: 278 | R28: 6542 | S28: 8103 | T28: 760 | U28: 629 | V28: 7983 | W28: 20469
A29: =A5 -> Torre | B29: Supraestrutura | C29: Mezanino G1 | D29: Garagem G1 | E29: Vigas | H29: 50 | I29: 37 | J29: 329.6 | N29: =SUM(O29:W29) -> 7215 | O29: 5 | P29: 449 | Q29: 632 | R29: 246 | S29: 964 | T29: 1526 | U29: 1632 | V29: 1761
A30: =A5 -> Torre | B30: Supraestrutura | C30: Mezanino G1 | D30: Garagem G1 | E30: Lajes | H30: 50 | I30: 101.3 | J30: =I30*4.15 -> 420.395 | N30: =SUM(O30:W30) -> 6276 | P30: 275 | Q30: 4210 | R30: 1216 | S30: 247 | T30: 328
A31: =A7 -> Torre | B31: Supraestrutura | C31: Mezanino G1 | D31: Garagem G1 | E31: Capiteis | H31: 50 | N31: =SUM(O31:W31) -> 580.90909 | P31: =7/1.1 -> 6.3636364 | Q31: =8/1.1 -> 7.2727273 | S31: =263/1.1 -> 239.09091 | T31: =361/1.1 -> 328.18182
A32: =A5 -> Torre | B32: Supraestrutura | C32: Mezanino G1 | D32: Garagem G1 | E32: Escadas | H32: 50 | I32: 4.8 | J32: =(0.5816+0.5128+(3.01+2.65)*1.2+3.1+3.2*1.2)/1.6*4.8 -> 44.4792 | N32: =SUM(O32:W32) -> 302.54545 | P32: =10/1.1 -> 9.0909091 | Q32: 9 | R32: =55/1.1+36/1.1+25/1.1 -> 105.45455 | S32: 145 | T32: 34
D33: ="TOTAL - "&UPPER(C32) -> TOTAL - MEZANINO G1 | I33: =SUM(I28:I32) -> 245 | J33: =SUM(J28:J32) -> 1372.2742 | K33: =SUM(K28:K32) -> 0 | L33: =SUM(L28:L32) -> 0 | M33: =SUM(M28:M32) -> 0 | N33: =SUM(N28:N32) -> 59449.455 | O33: =SUM(O28:O32) -> 5 | P33: =SUM(P28:P32) -> 1050.4545 | ... W33: =SUM(W28:W32) -> 20469
A34: =A5 -> Torre | B34: Supraestrutura | C34: G2 | D34: Garagem G2 | E34: Pilares | H34: 50 | I34: 73.8 | J34: 477.3 | N34: =SUM(O34:W34) -> 28668 | P34: 318 | Q34: 265 | R34: 3264 | S34: 4826 | T34: 604 | U34: 353 | V34: 5463 | W34: 13575
A35: =A5 -> Torre | B35: Supraestrutura | C35: G2 | D35: Garagem G2 | E35: Vigas | H35: 50 | I35: 31.8 | J35: 303.1 | N35: =SUM(O35:W35) -> 6621 | O35: 1 | P35: 500 | Q35: 693 | R35: 188 | S35: 866 | T35: 1890 | U35: 1043 | V35: 1440
A36: =A5 -> Torre | B36: Supraestrutura | C36: G2 | D36: Garagem G2 | E36: Lajes | H36: 50 | I36: 174.5 | J36: =I36*4.15 -> 724.175 | N36: =SUM(O36:W36) -> 11527 | P36: 705 | Q36: 7045 | R36: 3087 | S36: 63 | T36: 627
A37: =A7 -> Torre | B37: Supraestrutura | C37: G2 | D37: Garagem G2 | E37: Capiteis | H37: 50 | N37: =SUM(O37:W37) -> 1879.0909 | P37: =31/1.1 -> 28.181818 | Q37: =40/1.1 -> 36.363636 | R37: =333/1.1 -> 302.72727 | S37: =236/1.1 -> 214.54545 | T37: =1427/1.1 -> 1297.2727
A38: =A5 -> Torre | B38: Supraestrutura | C38: G2 | D38: Garagem G2 | E38: Escadas | H38: 50 | I38: 1.6 | J38: =(0.5816+0.5128+(3.01+2.65)*1.2+3.1+3.2*1.2)*1 -> 14.8264 | N38: =SUM(O38:W38) -> 106 | P38: 20 | Q38: 14 | R38: 72
D39: ="TOTAL - "&UPPER(C38) -> TOTAL - G2 | I39: =SUM(I34:I38) -> 281.7 | J39: =SUM(J34:J38) -> 1519.4014 | K39: =SUM(K34:K38) -> 0 | L39: =SUM(L34:L38) -> 0 | M39: =SUM(M34:M38) -> 0 | N39: =SUM(N34:N38) -> 48801.091 | O39: =SUM(O34:O38) -> 1 | P39: =SUM(P34:P38) -> 1571.1818 | ... W39: =SUM(W34:W38) -> 13575
A40: =A5 -> Torre | B40: Supraestrutura | C40: Mezanino G2 | D40: Garagem G3 | E40: Pilares | H40: 50 | I40: 79 | J40: 506.1 | N40: =SUM(O40:W40) -> 15968.154 | O40: =O$5*$N40 -> 89.875825 | P40: =P$5*$N40 -> 1008.0317 | Q40: =Q$5*$N40 -> 1114.0723 | R40: =R$5*$N40 -> 1266.6672 | S40: =S$5*$N40 -> 1433.4871 | T40: =T$5*$N40 -> 480.41538 | U40: =U$5*$N40 -> 1836.9584 | V40: =V$5*$N40 -> 8738.6458 | W40: =W$5*$N40 -> 0
A41: =A5 -> Torre | B41: Supraestrutura | C41: Mezanino G2 | D41: Garagem G3 | E41: Vigas | H41: 50 | I41: 27.5 | J41: 263.7 | N41: =SUM(O41:W41) -> 5840.1524 | O41: =O$5*$N41 -> 32.870958 | P41: =P$5*$N41 -> 368.67499 | Q41: =Q$5*$N41 -> 407.45799 | R41: =R$5*$N41 -> 463.26767 | S41: =S$5*$N41 -> 524.27995 | T41: =T$5*$N41 -> 175.70591 | U41: =U$5*$N41 -> 671.84454 | V41: =V$5*$N41 -> 3196.0503 | W41: =W$5*$N41 -> 0
A42: =A5 -> Torre | B42: Supraestrutura | C42: Mezanino G2 | D42: Garagem G3 | E42: Lajes | H42: 50 | I42: 175.8 | J42: 730.3 | N42: =SUM(O42:W42) -> 14768.805 | O42: =O$5*$N42 -> 83.125359 | P42: =P$5*$N42 -> 932.31967 | Q42: =Q$5*$N42 -> 1030.3956 | R42: =R$5*$N42 -> 1171.5293 | S42: =S$5*$N42 -> 1325.8196 | T42: =T$5*$N42 -> 444.33195 | U42: =U$5*$N42 -> 1698.9866 | V42: =V$5*$N42 -> 8082.2966 | W42: =W$5*$N42 -> 0
A43: =A7 -> Torre | B43: Supraestrutura | C43: Mezanino G2 | D43: Garagem G3 | E43: Capiteis | H43: 50 | N43: =SUM(O43:W43) -> 0 | O43: =O$5*$N43 -> 0 | P43: =P$5*$N43 -> 0 | Q43: =Q$5*$N43 -> 0 | R43: =R$5*$N43 -> 0 | S43: =S$5*$N43 -> 0 | T43: =T$5*$N43 -> 0 | U43: =U$5*$N43 -> 0 | V43: =V$5*$N43 -> 0 | W43: =W$5*$N43 -> 0
A44: =A5 -> Torre | B44: Supraestrutura | C44: Mezanino G2 | D44: Garagem G3 | E44: Escadas | H44: 50 | I44: 1.6 | J44: =(0.5816+0.5128+(3.01+2.65)*1.2+3.1+3.2*1.2)*1 -> 14.8264 | N44: =SUM(O44:W44) -> 105.3892 | O44: =O$5*$N44 -> 0.59317697 | P44: =P$5*$N44 -> 6.6529705 | Q44: =Q$5*$N44 -> 7.352834 | R44: =R$5*$N44 -> 8.3599546 | S44: =S$5*$N44 -> 9.4609593 | T44: =T$5*$N44 -> 3.170723 | U44: =U$5*$N44 -> 12.123855 | V44: =V$5*$N44 -> 57.674725 | W44: =W$5*$N44 -> 0
D45: ="TOTAL - "&UPPER(C44) -> TOTAL - MEZANINO G2 | I45: =SUM(I40:I44) -> 283.9 | J45: =SUM(J40:J44) -> 1514.9264 | K45: =SUM(K40:K44) -> 0 | L45: =SUM(L40:L44) -> 0 | M45: =SUM(M40:M44) -> 0 | N45: =SUM(N40:N44) -> 36682.5 | O45: =SUM(O40:O44) -> 206.46532 | P45: =SUM(P40:P44) -> 2315.6794 | ... W45: =SUM(W40:W44) -> 0
A46: =A5 -> Torre | B46: Supraestrutura | C46: G3 | D46: Garagem G4 | E46: Pilares | H46: 50 | I46: 79 | J46: 506.1 | N46: =SUM(O46:W46) -> 15968.154 | O46: =O$5*$N46 -> 89.875825 | P46: =P$5*$N46 -> 1008.0317 | Q46: =Q$5*$N46 -> 1114.0723 | R46: =R$5*$N46 -> 1266.6672 | S46: =S$5*$N46 -> 1433.4871 | T46: =T$5*$N46 -> 480.41538 | U46: =U$5*$N46 -> 1836.9584 | V46: =V$5*$N46 -> 8738.6458 | W46: =W$5*$N46 -> 0
A47: =A5 -> Torre | B47: Supraestrutura | C47: G3 | D47: Garagem G4 | E47: Vigas | H47: 50 | I47: 27.5 | J47: 263.7 | N47: =SUM(O47:W47) -> 5840.1524 | O47: =O$5*$N47 -> 32.870958 | P47: =P$5*$N47 -> 368.67499 | Q47: =Q$5*$N47 -> 407.45799 | R47: =R$5*$N47 -> 463.26767 | S47: =S$5*$N47 -> 524.27995 | T47: =T$5*$N47 -> 175.70591 | U47: =U$5*$N47 -> 671.84454 | V47: =V$5*$N47 -> 3196.0503 | W47: =W$5*$N47 -> 0
A48: =A5 -> Torre | B48: Supraestrutura | C48: G3 | D48: Garagem G4 | E48: Lajes | H48: 50 | I48: 176 | J48: 730.9 | N48: =SUM(O48:W48) -> 14768.805 | O48: =O$5*$N48 -> 83.125359 | P48: =P$5*$N48 -> 932.31967 | Q48: =Q$5*$N48 -> 1030.3956 | R48: =R$5*$N48 -> 1171.5293 | S48: =S$5*$N48 -> 1325.8196 | T48: =T$5*$N48 -> 444.33195 | U48: =U$5*$N48 -> 1698.9866 | V48: =V$5*$N48 -> 8082.2966 | W48: =W$5*$N48 -> 0
A49: =A48 -> Torre | B49: Supraestrutura | C49: G3 | D49: Garagem G4 | E49: Capiteis | H49: 50 | N49: =SUM(O49:W49) -> 0 | O49: =O$5*$N49 -> 0 | P49: =P$5*$N49 -> 0 | Q49: =Q$5*$N49 -> 0 | R49: =R$5*$N49 -> 0 | S49: =S$5*$N49 -> 0 | T49: =T$5*$N49 -> 0 | U49: =U$5*$N49 -> 0 | V49: =V$5*$N49 -> 0 | W49: =W$5*$N49 -> 0
A50: =A5 -> Torre | B50: Supraestrutura | C50: G3 | D50: Garagem G4 | E50: Escadas | H50: 50 | I50: =((0.5816+0.5128)*1.2+0.1123*2.48) -> 1.591784 | J50: =(0.5816+0.5128+(3.01+2.65)*1.2+3.1+3.2*1.2)*1 -> 14.8264 | N50: =SUM(O50:W50) -> 105.3892 | O50: =O$5*$N50 -> 0.59317697 | P50: =P$5*$N50 -> 6.6529705 | Q50: =Q$5*$N50 -> 7.352834 | R50: =R$5*$N50 -> 8.3599546 | S50: =S$5*$N50 -> 9.4609593 | T50: =T$5*$N50 -> 3.170723 | U50: =U$5*$N50 -> 12.123855 | V50: =V$5*$N50 -> 57.674725 | W50: =W$5*$N50 -> 0
D51: ="TOTAL - "&UPPER(C50) -> TOTAL - G3 | I51: =SUM(I46:I50) -> 284.09178 | J51: =SUM(J46:J50) -> 1515.5264 | K51: =SUM(K46:K50) -> 0 | L51: =SUM(L46:L50) -> 0 | M51: =SUM(M46:M50) -> 0 | N51: =SUM(N46:N50) -> 36682.5 | O51: =SUM(O46:O50) -> 206.46532 | P51: =SUM(P46:P50) -> 2315.6794 | ... W51: =SUM(W46:W50) -> 0
A52: =A5 -> Torre | B52: Supraestrutura | C52: Mezanino G3 | D52: Garagem G5 | E52: Pilares | H52: 50 | I52: 79 | J52: 506.1 | N52: =SUM(O52:W52) -> 19129.136 | O52: =O$5*$N52 -> 107.66723 | P52: =P$5*$N52 -> 1207.5771 | Q52: =Q$5*$N52 -> 1334.6089 | R52: =R$5*$N52 -> 1517.4108 | S52: =S$5*$N52 -> 1717.2536 | T52: =T$5*$N52 -> 575.51621 | U52: =U$5*$N52 -> 2200.5943 | V52: =V$5*$N52 -> 10468.508 | W52: =W$5*$N52 -> 0
A53: =A5 -> Torre | B53: Supraestrutura | C53: Mezanino G3 | D53: Garagem G5 | E53: Vigas | H53: 50 | I53: 28.6 | J53: 275.8 | N53: =SUM(O53:W53) -> 6996.2422 | O53: =O$5*$N53 -> 39.377942 | P53: =P$5*$N53 -> 441.6562 | Q53: =Q$5*$N53 -> 488.11651 | R53: =R$5*$N53 -> 554.97402 | S53: =S$5*$N53 -> 628.06402 | T53: =T$5*$N53 -> 210.48785 | U53: =U$5*$N53 -> 804.83982 | V53: =V$5*$N53 -> 3828.7258 | W53: =W$5*$N53 -> 0
A54: =A5 -> Torre | B54: Supraestrutura | C54: Mezanino G3 | D54: Garagem G5 | E54: Lajes | H54: 50 | I54: 177.9 | J54: 743.5 | N54: =SUM(O54:W54) -> 17692.37 | O54: =O$5*$N54 -> 99.580475 | P54: =P$5*$N54 -> 1116.8774 | Q54: =Q$5*$N54 -> 1234.368 | R54: =R$5*$N54 -> 1403.4399 | S54: =S$5*$N54 -> 1588.2728 | T54: =T$5*$N54 -> 532.28988 | U54: =U$5*$N54 -> 2035.3103 | V54: =V$5*$N54 -> 9682.2311 | W54: =W$5*$N54 -> 0
A55: =A54 -> Torre | B55: Supraestrutura | C55: Mezanino G3 | D55: Garagem G5 | E55: Capiteis | H55: 50 | N55: =SUM(O55:W55) -> 0 | O55: =O$5*$N55 -> 0 | P55: =P$5*$N55 -> 0 | Q55: =Q$5*$N55 -> 0 | R55: =R$5*$N55 -> 0 | S55: =S$5*$N55 -> 0 | T55: =T$5*$N55 -> 0 | U55: =U$5*$N55 -> 0 | V55: =V$5*$N55 -> 0 | W55: =W$5*$N55 -> 0
A56: =A5 -> Torre | B56: Supraestrutura | C56: Mezanino G3 | D56: Garagem G5 | E56: Escadas | H56: 50 | I56: =((0.5816+0.5128)*1.2+0.1123*2.48) -> 1.591784 | J56: =(0.5816+0.5128+(3.01+2.65)*1.2+3.1+3.2*1.2)*1 -> 14.8264 | N56: =SUM(O56:W56) -> 126.25156 | O56: =O$5*$N56 -> 0.71059957 | P56: =P$5*$N56 -> 7.9699621 | Q56: =Q$5*$N56 -> 8.8083674 | R56: =R$5*$N56 -> 10.014853 | S56: =S$5*$N56 -> 11.333808 | T56: =T$5*$N56 -> 3.7983848 | U56: =U$5*$N56 -> 14.523837 | V56: =V$5*$N56 -> 69.09175 | W56: =W$5*$N56 -> 0
D57: ="TOTAL - "&UPPER(C56) -> TOTAL - MEZANINO G3 | I57: =SUM(I52:I56) -> 287.09178 | J57: =SUM(J52:J56) -> 1540.2264 | K57: =SUM(K52:K56) -> 0 | L57: =SUM(L52:L56) -> 0 | M57: =SUM(M52:M56) -> 0 | N57: =SUM(N52:N56) -> 43944 | O57: =SUM(O52:O56) -> 247.33625 | P57: =SUM(P52:P56) -> 2774.0807 | ... W57: =SUM(W52:W56) -> 0
A58: =A56 -> Torre | B58: Supraestrutura | C58: Garagem/Lazer | D58: Lazer 01 | E58: Pilares | H58: 50 | I58: 79 | J58: 506.1 | N58: =SUM(O58:W58) -> 19129.136 | O58: =O$5*$N58 -> 107.66723 | P58: =P$5*$N58 -> 1207.5771 | Q58: =Q$5*$N58 -> 1334.6089 | R58: =R$5*$N58 -> 1517.4108 | S58: =S$5*$N58 -> 1717.2536 | T58: =T$5*$N58 -> 575.51621 | U58: =U$5*$N58 -> 2200.5943 | V58: =V$5*$N58 -> 10468.508 | W58: =W$5*$N58 -> 0
A59: =A5 -> Torre | B59: Supraestrutura | C59: Garagem/Lazer | D59: Lazer 01 | E59: Vigas | H59: 50 | I59: 59.3 | J59: 531.2 | N59: =SUM(O59:W59) -> 6996.2422 | O59: =O$5*$N59 -> 39.377942 | P59: =P$5*$N59 -> 441.6562 | Q59: =Q$5*$N59 -> 488.11651 | R59: =R$5*$N59 -> 554.97402 | S59: =S$5*$N59 -> 628.06402 | T59: =T$5*$N59 -> 210.48785 | U59: =U$5*$N59 -> 804.83982 | V59: =V$5*$N59 -> 3828.7258 | W59: =W$5*$N59 -> 0
A60: =A5 -> Torre | B60: Supraestrutura | C60: Garagem/Lazer | D60: Lazer 01 | E60: Lajes | H60: 50 | I60: 159.9 | J60: 728.9 | N60: =SUM(O60:W60) -> 17692.37 | O60: =O$5*$N60 -> 99.580475 | P60: =P$5*$N60 -> 1116.8774 | Q60: =Q$5*$N60 -> 1234.368 | R60: =R$5*$N60 -> 1403.4399 | S60: =S$5*$N60 -> 1588.2728 | T60: =T$5*$N60 -> 532.28988 | U60: =U$5*$N60 -> 2035.3103 | V60: =V$5*$N60 -> 9682.2311 | W60: =W$5*$N60 -> 0
A61: =A60 -> Torre | B61: Supraestrutura | C61: Garagem/Lazer | D61: Lazer 01 | E61: Capiteis | H61: 50 | N61: =SUM(O61:W61) -> 0 | O61: =O$5*$N61 -> 0 | P61: =P$5*$N61 -> 0 | Q61: =Q$5*$N61 -> 0 | R61: =R$5*$N61 -> 0 | S61: =S$5*$N61 -> 0 | T61: =T$5*$N61 -> 0 | U61: =U$5*$N61 -> 0 | V61: =V$5*$N61 -> 0 | W61: =W$5*$N61 -> 0
A62: =A11 -> Torre | B62: Supraestrutura | C62: Garagem/Lazer | D62: Lazer 01 | E62: Escadas | H62: 50 | I62: =((0.5816+0.5128)*1.2+0.1123*2.48) -> 1.591784 | J62: =(0.5816+0.5128+(3.01+2.65)*1.2+3.1+3.2*1.2)*1 -> 14.8264 | N62: =SUM(O62:W62) -> 126.25156 | O62: =O$5*$N62 -> 0.71059957 | P62: =P$5*$N62 -> 7.9699621 | Q62: =Q$5*$N62 -> 8.8083674 | R62: =R$5*$N62 -> 10.014853 | S62: =S$5*$N62 -> 11.333808 | T62: =T$5*$N62 -> 3.7983848 | U62: =U$5*$N62 -> 14.523837 | V62: =V$5*$N62 -> 69.09175 | W62: =W$5*$N62 -> 0
D63: ="TOTAL - "&UPPER(C62) -> TOTAL - GARAGEM/LAZER | I63: =SUM(I58:I62) -> 299.79178 | J63: =SUM(J58:J62) -> 1781.0264 | K63: =SUM(K58:K62) -> 0 | L63: =SUM(L58:L62) -> 0 | M63: =SUM(M58:M62) -> 0 | N63: =SUM(N58:N62) -> 43944 | O63: =SUM(O58:O62) -> 247.33625 | P63: =SUM(P58:P62) -> 2774.0807 | ... W63: =SUM(W58:W62) -> 0
A64: =A62 -> Torre | B64: Supraestrutura | C64: Patamar Intermediário | D64: Patamar | E64: Pilares | H64: 50 | I64: 70 | J64: 437.1 | N64: =SUM(O64:W64) -> 11022.629 | O64: =O$5*$N64 -> 62.040229 | P64: =P$5*$N64 -> 695.83249 | Q64: =Q$5*$N64 -> 769.03104 | R64: =R$5*$N64 -> 874.36553 | S64: =S$5*$N64 -> 989.51933 | T64: =T$5*$N64 -> 331.62511 | U64: =U$5*$N64 -> 1268.0309 | V64: =V$5*$N64 -> 6032.1848 | W64: =W$5*$N64 -> 0
A65: =A5 -> Torre | B65: Supraestrutura | C65: Patamar Intermediário | D65: Patamar | E65: Vigas | H65: 50 | I65: 7.9 | J65: 76.8 | N65: =SUM(O65:W65) -> 4031.3887 | O65: =O$5*$N65 -> 22.690437 | P65: =P$5*$N65 -> 254.49203 | Q65: =Q$5*$N65 -> 281.26348 | R65: =R$5*$N65 -> 319.78825 | S65: =S$5*$N65 -> 361.90431 | T65: =T$5*$N65 -> 121.28773 | U65: =U$5*$N65 -> 463.76642 | V65: =V$5*$N65 -> 2206.1961 | W65: =W$5*$N65 -> 0
A66: =A5 -> Torre | B66: Supraestrutura | C66: Patamar Intermediário | D66: Patamar | E66: Lajes | H66: 50 | I66: 1.7 | J66: 38.9 | N66: =SUM(O66:W66) -> 10194.733 | O66: =O$5*$N66 -> 57.380461 | P66: =P$5*$N66 -> 643.56935 | Q66: =Q$5*$N66 -> 711.27003 | R66: =R$5*$N66 -> 808.69298 | S66: =S$5*$N66 -> 915.19772 | T66: =T$5*$N66 -> 306.71714 | U66: =U$5*$N66 -> 1172.7906 | V66: =V$5*$N66 -> 5579.1146 | W66: =W$5*$N66 -> 0
A67: =A6 -> Torre | B67: Supraestrutura | C67: Patamar Intermediário | D67: Patamar | E67: Capiteis | H67: 50 | N67: =SUM(O67:W67) -> 0 | O67: =O$5*$N67 -> 0 | P67: =P$5*$N67 -> 0 | Q67: =Q$5*$N67 -> 0 | R67: =R$5*$N67 -> 0 | S67: =S$5*$N67 -> 0 | T67: =T$5*$N67 -> 0 | U67: =U$5*$N67 -> 0 | V67: =V$5*$N67 -> 0 | W67: =W$5*$N67 -> 0
A68: =A5 -> Torre | B68: Supraestrutura | C68: Patamar Intermediário | D68: Patamar | E68: Escadas | H68: 50 | I68: =((0.5816+0.5128)*1.2+0.1123*2.48) -> 1.591784 | J68: =(0.5816+0.5128+(3.01+2.65)*1.2+3.1+3.2*1.2)*1 -> 14.8264 | N68: =SUM(O68:W68) -> 72.748929 | O68: =O$5*$N68 -> 0.40946312 | P68: =P$5*$N68 -> 4.5924676 | Q68: =Q$5*$N68 -> 5.0755752 | R68: =R$5*$N68 -> 5.7707787 | S68: =S$5*$N68 -> 6.5307894 | T68: =T$5*$N68 -> 2.1887129 | U68: =U$5*$N68 -> 8.3689547 | V68: =V$5*$N68 -> 39.812187 | W68: =W$5*$N68 -> 0
D69: ="TOTAL - "&UPPER(C68) -> TOTAL - PATAMAR INTERMEDIÁRIO | I69: =SUM(I64:I68) -> 81.191784 | J69: =SUM(J64:J68) -> 567.6264 | K69: =SUM(K64:K68) -> 0 | L69: =SUM(L64:L68) -> 0 | M69: =SUM(M64:M68) -> 0 | N69: =SUM(N64:N68) -> 25321.5 | O69: =SUM(O64:O68) -> 142.52059 | P69: =SUM(P64:P68) -> 1598.4863 | ... W69: =SUM(W64:W68) -> 0
A70: =A66 -> Torre | B70: Supraestrutura | C70: Lazer | D70: Lazer 02 | E70: Pilares | H70: 50 | I70: 70 | J70: 437.1 | N70: =SUM(O70:W70) -> 11022.629 | O70: =O$5*$N70 -> 62.040229 | P70: =P$5*$N70 -> 695.83249 | Q70: =Q$5*$N70 -> 769.03104 | R70: =R$5*$N70 -> 874.36553 | S70: =S$5*$N70 -> 989.51933 | T70: =T$5*$N70 -> 331.62511 | U70: =U$5*$N70 -> 1268.0309 | V70: =V$5*$N70 -> 6032.1848 | W70: =W$5*$N70 -> 0
A71: =A5 -> Torre | B71: Supraestrutura | C71: Lazer | D71: Lazer 02 | E71: Vigas | H71: 50 | I71: 56.5 | J71: 478.2 | N71: =SUM(O71:W71) -> 4031.3887 | O71: =O$5*$N71 -> 22.690437 | P71: =P$5*$N71 -> 254.49203 | Q71: =Q$5*$N71 -> 281.26348 | R71: =R$5*$N71 -> 319.78825 | S71: =S$5*$N71 -> 361.90431 | T71: =T$5*$N71 -> 121.28773 | U71: =U$5*$N71 -> 463.76642 | V71: =V$5*$N71 -> 2206.1961 | W71: =W$5*$N71 -> 0
A72: =A5 -> Torre | B72: Supraestrutura | C72: Lazer | D72: Lazer 02 | E72: Lajes | H72: 50 | I72: 90.4 | J72: 406.1 | N72: =SUM(O72:W72) -> 10194.733 | O72: =O$5*$N72 -> 57.380461 | P72: =P$5*$N72 -> 643.56935 | Q72: =Q$5*$N72 -> 711.27003 | R72: =R$5*$N72 -> 808.69298 | S72: =S$5*$N72 -> 915.19772 | T72: =T$5*$N72 -> 306.71714 | U72: =U$5*$N72 -> 1172.7906 | V72: =V$5*$N72 -> 5579.1146 | W72: =W$5*$N72 -> 0
A73: =A6 -> Torre | B73: Supraestrutura | C73: Lazer | D73: Lazer 02 | E73: Capiteis | H73: 50 | N73: =SUM(O73:W73) -> 0 | O73: =O$5*$N73 -> 0 | P73: =P$5*$N73 -> 0 | Q73: =Q$5*$N73 -> 0 | R73: =R$5*$N73 -> 0 | S73: =S$5*$N73 -> 0 | T73: =T$5*$N73 -> 0 | U73: =U$5*$N73 -> 0 | V73: =V$5*$N73 -> 0 | W73: =W$5*$N73 -> 0
A74: =A5 -> Torre | B74: Supraestrutura | C74: Lazer | D74: Lazer 02 | E74: Escadas | H74: 50 | I74: =((0.5816+0.5128)*1.2+0.1123*2.48) -> 1.591784 | J74: =(0.5816+0.5128+(3.01+2.65)*1.2+3.1+3.2*1.2)*1 -> 14.8264 | N74: =SUM(O74:W74) -> 72.748929 | O74: =O$5*$N74 -> 0.40946312 | P74: =P$5*$N74 -> 4.5924676 | Q74: =Q$5*$N74 -> 5.0755752 | R74: =R$5*$N74 -> 5.7707787 | S74: =S$5*$N74 -> 6.5307894 | T74: =T$5*$N74 -> 2.1887129 | U74: =U$5*$N74 -> 8.3689547 | V74: =V$5*$N74 -> 39.812187 | W74: =W$5*$N74 -> 0
D75: ="TOTAL - "&UPPER(C74) -> TOTAL - LAZER | I75: =SUM(I70:I74) -> 218.49178 | J75: =SUM(J70:J74) -> 1336.2264 | K75: =SUM(K70:K74) -> 0 | L75: =SUM(L70:L74) -> 0 | M75: =SUM(M70:M74) -> 0 | N75: =SUM(N70:N74) -> 25321.5 | O75: =SUM(O70:O74) -> 142.52059 | P75: =SUM(P70:P74) -> 1598.4863 | ... W75: =SUM(W70:W74) -> 0
A76: =A44 -> Torre | B76: Supraestrutura | C76: Tipo diferenciado | D76: Tipo 01 - Diferenciado | E76: Pilares | H76: 50 | I76: 76.84 | J76: 442.07 | N76: =SUM(O76:W76) -> 15226.473 | O76: =O$5*$N76 -> 85.701318 | P76: =P$5*$N76 -> 961.21118 | Q76: =Q$5*$N76 -> 1062.3264 | R76: =R$5*$N76 -> 1207.8337 | S76: =S$5*$N76 -> 1366.9052 | T76: =T$5*$N76 -> 458.10129 | U76: =U$5*$N76 -> 1751.6363 | V76: =V$5*$N76 -> 8332.7576 | W76: =W$5*$N76 -> 0
A77: =A76 -> Torre | B77: Supraestrutura | C77: Tipo diferenciado | D77: Tipo 01 - Diferenciado | E77: Vigas | F77: ELZ-EX-EST-5201-TP1-R00 | H77: 50 | I77: 22.75 | J77: 212.09 | N77: =SUM(O77:W77) -> 6172.9239 | O77: =O$5*$N77 -> 34.743943 | P77: =P$5*$N77 -> 389.68207 | Q77: =Q$5*$N77 -> 430.67492 | R77: =R$5*$N77 -> 489.66464 | S77: =S$5*$N77 -> 554.15339 | T77: =T$5*$N77 -> 185.71762 | U77: =U$5*$N77 -> 710.1262 | V77: =V$5*$N77 -> 3378.1611 | W77: =W$5*$N77 -> 0
A78: =A77 -> Torre | B78: Supraestrutura | C78: Tipo diferenciado | D78: Tipo 01 - Diferenciado | E78: Lajes | H78: 50 | I78: 38.63 | J78: 326.78 | N78: =SUM(O78:W78) -> 5381.1603 | O78: =O$5*$N78 -> 30.287548 | P78: =P$5*$N78 -> 339.69991 | Q78: =Q$5*$N78 -> 375.43486 | R78: =R$5*$N78 -> 426.85832 | S78: =S$5*$N78 -> 483.0755 | T78: =T$5*$N78 -> 161.89675 | U78: =U$5*$N78 -> 619.04262 | V78: =V$5*$N78 -> 2944.8648 | W78: =W$5*$N78 -> 0
A79: =A78 -> Torre | B79: Supraestrutura | C79: Tipo diferenciado | D79: Tipo 01 - Diferenciado | E79: Capiteis | H79: 50 | N79: =SUM(O79:W79) -> 0 | O79: =O$5*$N79 -> 0 | P79: =P$5*$N79 -> 0 | Q79: =Q$5*$N79 -> 0 | R79: =R$5*$N79 -> 0 | S79: =S$5*$N79 -> 0 | T79: =T$5*$N79 -> 0 | U79: =U$5*$N79 -> 0 | V79: =V$5*$N79 -> 0 | W79: =W$5*$N79 -> 0
A80: =A78 -> Torre | B80: Supraestrutura | C80: Tipo diferenciado | D80: Tipo 01 - Diferenciado | E80: Escadas | H80: 50 | I80: =((0.5816+0.5128)*1.2+0.1123*2.48) -> 1.591784 | J80: =(0.5816+0.5128+(3.01+2.65)*1.2+3.1+3.2*1.2)*1 -> 14.8264 | N80: =SUM(O80:W80) -> 115.44282 | O80: =O$5*$N80 -> 0.64976323 | P80: =P$5*$N80 -> 7.2876322 | Q80: =Q$5*$N80 -> 8.0542593 | R80: =R$5*$N80 -> 9.1574544 | S80: =S$5*$N80 -> 10.36349 | T80: =T$5*$N80 -> 3.4731948 | U80: =U$5*$N80 -> 13.280412 | V80: =V$5*$N80 -> 63.176619 | W80: =W$5*$N80 -> 0
D81: ="TOTAL - "&UPPER(C80) -> TOTAL - TIPO DIFERENCIADO | I81: =SUM(I76:I80) -> 139.81178 | J81: =SUM(J76:J80) -> 995.7664 | K81: =SUM(K76:K80) -> 0 | L81: =SUM(L76:L80) -> 0 | M81: =SUM(M76:M80) -> 0 | N81: =SUM(N76:N80) -> 26896 | O81: =SUM(O76:O80) -> 151.38257 | P81: =SUM(P76:P80) -> 1697.8808 | ... W81: =SUM(W76:W80) -> 0
A82: =A80 -> Torre | B82: Supraestrutura | C82: Tipo - 8x | D82: Tipo A - 02 | E82: Pilares | H82: 45 | I82: 73.73 | J82: 418.2 | K82: =J82*2 -> 836.4 | N82: =SUM(O82:W82) -> 13690.578 | O82: =O$5*$N82 -> 77.056624 | P82: =P$5*$N82 -> 864.25379 | Q82: =Q$5*$N82 -> 955.16952 | R82: =R$5*$N82 -> 1085.9995 | S82: =S$5*$N82 -> 1229.0254 | T82: =T$5*$N82 -> 411.8926 | U82: =U$5*$N82 -> 1574.9487 | V82: =V$5*$N82 -> 7492.2322 | W82: =W$5*$N82 -> 0
A83: =A82 -> Torre | B83: Supraestrutura | C83: Tipo - 8x | D83: Tipo A - 02 | E83: Vigas | F83: ELZ-EX-EST-5201-TP2-R00 | H83: 45 | I83: 21.475 | J83: 202.025 | K83: =J83*2 -> 404.05 | N83: =SUM(O83:W83) -> 5550.2609 | O83: =O$5*$N83 -> 31.239321 | P83: =P$5*$N83 -> 350.37483 | Q83: =Q$5*$N83 -> 387.23273 | R83: =R$5*$N83 -> 440.27216 | S83: =S$5*$N83 -> 498.25593 | T83: =T$5*$N83 -> 166.98428 | U83: =U$5*$N83 -> 638.49576 | V83: =V$5*$N83 -> 3037.4059 | W83: =W$5*$N83 -> 0
A84: =A83 -> Torre | B84: Supraestrutura | C84: Tipo - 8x | D84: Tipo A - 02 | E84: Lajes | H84: 45 | I84: 30.875 | J84: 266.6375 | K84: =J84*2 -> 533.275 | N84: =SUM(O84:W84) -> 4838.3626 | O84: =O$5*$N84 -> 27.232443 | P84: =P$5*$N84 -> 305.43437 | Q84: =Q$5*$N84 -> 337.56474 | R84: =R$5*$N84 -> 383.80112 | S84: =S$5*$N84 -> 434.34766 | T84: =T$5*$N84 -> 145.56622 | U84: =U$5*$N84 -> 556.59978 | V84: =V$5*$N84 -> 2647.8163 | W84: =W$5*$N84 -> 0
A85: =A84 -> Torre | B85: Supraestrutura | C85: Tipo - 8x | D85: Tipo A - 02 | E85: Abas | H85: 45 | I85: 0 | J85: 0 | K85: =J85*2 -> 0 | N85: =SUM(O85:W85) -> 0 | O85: =O$5*$N85 -> 0 | P85: =P$5*$N85 -> 0 | Q85: =Q$5*$N85 -> 0 | R85: =R$5*$N85 -> 0 | S85: =S$5*$N85 -> 0 | T85: =T$5*$N85 -> 0 | U85: =U$5*$N85 -> 0 | V85: =V$5*$N85 -> 0 | W85: =W$5*$N85 -> 0
A86: =A84 -> Torre | B86: Supraestrutura | C86: Tipo - 8x | D86: Tipo A - 02 | E86: Escadas | H86: 45 | I86: 0.198973 | J86: 1.8533 | K86: =J86*2 -> 3.7066 | N86: =SUM(O86:W86) -> 103.7981 | O86: =O$5*$N86 -> 0.5842216 | P86: =P$5*$N86 -> 6.5525286 | Q86: =Q$5*$N86 -> 7.241826 | R86: =R$5*$N86 -> 8.2337418 | S86: =S$5*$N86 -> 9.3181243 | T86: =T$5*$N86 -> 3.1228536 | U86: =U$5*$N86 -> 11.940817 | V86: =V$5*$N86 -> 56.803992 | W86: =W$5*$N86 -> 0
D87: ="TOTAL - "&UPPER(C86) -> TOTAL - TIPO - 8X | I87: =SUM(I82:I86) -> 126.27897 | J87: =SUM(J82:J86) -> 888.7158 | K87: =SUM(K82:K86) -> 1777.4316 | L87: =SUM(L82:L86) -> 0 | M87: =SUM(M82:M86) -> 0 | N87: =SUM(N82:N86) -> 24183 | O87: =SUM(O82:O86) -> 136.11261 | P87: =SUM(P82:P86) -> 1526.6155 | ... W87: =SUM(W82:W86) -> 0
A88: =A86 -> Torre | B88: Supraestrutura | C88: Tipo - 8x | D88: Tipo A - 03 | E88: Pilares | H88: 45 | I88: 73.73 | J88: 418.2 | N88: 12908.195 | O88: =O$5*$N88 -> 72.653024 | P88: =P$5*$N88 -> 814.86378 | Q88: =Q$5*$N88 -> 900.58389 | R88: =R$5*$N88 -> 1023.9372 | S88: =S$5*$N88 -> 1158.7896 | T88: =T$5*$N88 -> 388.35394 | U88: =U$5*$N88 -> 1484.9442 | V88: =V$5*$N88 -> 7064.0692 | W88: =W$5*$N88 -> 0 | X88: 0.56612407
A89: =A88 -> Torre | B89: Supraestrutura | C89: Tipo - 8x | D89: Tipo A - 03 | E89: Vigas | F89: ELZ-EX-EST-5201-TP2-R00 | H89: 45 | I89: 21.475 | J89: 202.025 | N89: 5233.0769 | O89: =O$5*$N89 -> 29.454069 | P89: =P$5*$N89 -> 330.35176 | Q89: =Q$5*$N89 -> 365.10332 | R89: =R$5*$N89 -> 415.11167 | S89: =S$5*$N89 -> 469.78181 | T89: =T$5*$N89 -> 157.44154 | U89: =U$5*$N89 -> 602.00727 | V89: =V$5*$N89 -> 2863.8255 | W89: =W$5*$N89 -> 0 | X89: 0.22951085
A90: =A89 -> Torre | B90: Supraestrutura | C90: Tipo - 8x | D90: Tipo A - 03 | E90: Lajes | H90: 45 | I90: 30.875 | J90: 266.6375 | N90: 4561.8619 | O90: =O$5*$N90 -> 25.676174 | P90: =P$5*$N90 -> 287.97954 | Q90: =Q$5*$N90 -> 318.27373 | R90: =R$5*$N90 -> 361.86781 | S90: =S$5*$N90 -> 409.52574 | T90: =T$5*$N90 -> 137.24746 | U90: =U$5*$N90 -> 524.79145 | V90: =V$5*$N90 -> 2496.5 | W90: =W$5*$N90 -> 0 | X90: 0.20007289
A91: =A90 -> Torre | B91: Supraestrutura | C91: Tipo - 8x | D91: Tipo A - 03 | E91: Abas | H91: 45 | I91: 0 | J91: 0 | N91: 0 | O91: =O$5*$N91 -> 0 | P91: =P$5*$N91 -> 0 | Q91: =Q$5*$N91 -> 0 | R91: =R$5*$N91 -> 0 | S91: =S$5*$N91 -> 0 | T91: =T$5*$N91 -> 0 | U91: =U$5*$N91 -> 0 | V91: =V$5*$N91 -> 0 | W91: =W$5*$N91 -> 0 | X91: 0
A92: =A90 -> Torre | B92: Supraestrutura | C92: Tipo - 8x | D92: Tipo A - 03 | E92: Escadas | H92: 45 | I92: 0.198973 | J92: 1.8533 | N92: 97.866294 | O92: =O$5*$N92 -> 0.55083475 | P92: =P$5*$N92 -> 6.1780674 | Q92: =Q$5*$N92 -> 6.8279731 | R92: =R$5*$N92 -> 7.7632034 | S92: =S$5*$N92 -> 8.7856161 | T92: =T$5*$N92 -> 2.94439 | U92: =U$5*$N92 -> 11.258428 | V92: =V$5*$N92 -> 53.557781 | W92: =W$5*$N92 -> 0 | X92: 0.0042921931
D93: ="TOTAL - "&UPPER(C92) -> TOTAL - TIPO - 8X | I93: =SUM(I88:I92) -> 126.27897 | J93: =SUM(J88:J92) -> 888.7158 | K93: =SUM(K88:K92) -> 0 | L93: =SUM(L88:L92) -> 0 | M93: =SUM(M88:M92) -> 0 | N93: =SUM(N88:N92) -> 22801 | O93: =SUM(O88:O92) -> 128.3341 | P93: =SUM(P88:P92) -> 1439.3731 | ... W93: =SUM(W88:W92) -> 0
A94: =A92 -> Torre | B94: Supraestrutura | C94: Tipo - 8x | D94: Tipo A - 04 | E94: Pilares | H94: 45 | I94: 73.73 | J94: 418.2 | N94: 12296.215 | O94: =O$5*$N94 -> 69.20853 | P94: =P$5*$N94 -> 776.23092 | Q94: =Q$5*$N94 -> 857.88703 | R94: =R$5*$N94 -> 975.39216 | S94: =S$5*$N94 -> 1103.8512 | T94: =T$5*$N94 -> 369.942 | U94: =U$5*$N94 -> 1414.5427 | V94: =V$5*$N94 -> 6729.1603 | W94: =W$5*$N94 -> 0 | X94: 0.56612407
A95: =A94 -> Torre | B95: Supraestrutura | C95: Tipo - 8x | D95: Tipo A - 04 | E95: Vigas | F95: ELZ-EX-EST-5201-TP2-R00 | H95: 45 | I95: 21.475 | J95: 202.025 | N95: 4984.9757 | O95: =O$5*$N95 -> 28.057646 | P95: =P$5*$N95 -> 314.68971 | Q95: =Q$5*$N95 -> 347.7937 | R95: =R$5*$N95 -> 395.43114 | S95: =S$5*$N95 -> 447.50936 | T95: =T$5*$N95 -> 149.9772 | U95: =U$5*$N95 -> 573.46599 | V95: =V$5*$N95 -> 2728.051 | W95: =W$5*$N95 -> 0 | X95: 0.22951085
A96: =A95 -> Torre | B96: Supraestrutura | C96: Tipo - 8x | D96: Tipo A - 04 | E96: Lajes | H96: 45 | I96: 30.875 | J96: 266.6375 | N96: 4345.5831 | O96: =O$5*$N96 -> 24.458862 | P96: =P$5*$N96 -> 274.32637 | Q96: =Q$5*$N96 -> 303.18431 | R96: =R$5*$N96 -> 344.71158 | S96: =S$5*$N96 -> 390.11005 | T96: =T$5*$N96 -> 130.74053 | U96: =U$5*$N96 -> 499.91098 | V96: =V$5*$N96 -> 2378.1404 | W96: =W$5*$N96 -> 0 | X96: 0.20007289
A97: =A96 -> Torre | B97: Supraestrutura | C97: Tipo - 8x | D97: Tipo A - 04 | E97: Abas | H97: 45 | I97: 0 | J97: 0 | N97: 0 | O97: =O$5*$N97 -> 0 | P97: =P$5*$N97 -> 0 | Q97: =Q$5*$N97 -> 0 | R97: =R$5*$N97 -> 0 | S97: =S$5*$N97 -> 0 | T97: =T$5*$N97 -> 0 | U97: =U$5*$N97 -> 0 | V97: =V$5*$N97 -> 0 | W97: =W$5*$N97 -> 0 | X97: 0
A98: =A96 -> Torre | B98: Supraestrutura | C98: Tipo - 8x | D98: Tipo A - 04 | E98: Escadas | H98: 45 | I98: 0.198973 | J98: 1.8533 | N98: 93.226433 | O98: =O$5*$N98 -> 0.52471956 | P98: =P$5*$N98 -> 5.885164 | Q98: =Q$5*$N98 -> 6.5042576 | R98: =R$5*$N98 -> 7.3951483 | S98: =S$5*$N98 -> 8.3690882 | T98: =T$5*$N98 -> 2.8047959 | U98: =U$5*$N98 -> 10.724664 | V98: =V$5*$N98 -> 51.018596 | W98: =W$5*$N98 -> 0 | X98: 0.0042921931
D99: ="TOTAL - "&UPPER(C98) -> TOTAL - TIPO - 8X | I99: =SUM(I94:I98) -> 126.27897 | J99: =SUM(J94:J98) -> 888.7158 | K99: =SUM(K94:K98) -> 0 | L99: =SUM(L94:L98) -> 0 | M99: =SUM(M94:M98) -> 0 | N99: =SUM(N94:N98) -> 21720 | O99: =SUM(O94:O98) -> 122.24976 | P99: =SUM(P94:P98) -> 1371.1322 | ... W99: =SUM(W94:W98) -> 0
A100: =A98 -> Torre | B100: Supraestrutura | C100: Tipo - 8x | D100: Tipo A - 05 | E100: Pilares | H100: 45 | I100: 73.73 | J100: 418.2 | N100: 11293.043 | O100: =O$5*$N100 -> 63.562235 | P100: =P$5*$N100 -> 712.90306 | Q100: =Q$5*$N100 -> 787.89735 | R100: =R$5*$N100 -> 895.81597 | S100: =S$5*$N100 -> 1013.7948 | T100: =T$5*$N100 -> 339.76073 | U100: =U$5*$N100 -> 1299.1389 | V100: =V$5*$N100 -> 6180.1699 | W100: =W$5*$N100 -> 0 | X100: 0.56612407
...

Sheet RESUMO
A1: Projetista 1203 (Rubens Alves) — Fundação Electra consolidado
A2: Gerado: 2026-04-17 | Fonte LIBERTÉ: 1203-2025-R0
A4: 1. Fundação Profunda (Estacas Hélice Contínua) — Empreendimento
A5: Fonte | B5: Ø (m) | C5: Qtd (un) | D5: L médio (m) | E5: L total (m) | F5: Concreto (m³) | G5: Aço ø6.3 (kg) | H5: Aço ø16 (kg)
A6: LIBERTÉ (proposta) | B6: 0.5 | C6: 17 | D6: 25 | E6: 425 | F6: 83.45
A7: LIBERTÉ (proposta) | B7: 0.6 | C7: 406 | D7: 25 | E7: 10150 | F7: 2869.84
A8: LIBERTÉ total (sem sobre) | C8: 423 | E8: 10575 | F8: 2953.33 | G8: 6175 | H8: 41456
A9: LIBERTÉ total (+20% sobre) | F9: 3544
A11: Fonte | F11: Concreto (m³) | G11: Aço ø6.3 (kg) | H11: Aço ø16 (kg)
A12: Bloco A (CONTROLE-REV) | F12: 1424.1667 | G12: 3002 | H12: 20183
A13: Bloco B (CONTROLE-REV) | F13: 1529.1667 | G13: 3173 | H13: 21273
A14: Soma A + B | F14: 2953.3333 | G14: 6175 | H14: 41456
A16: Validação cruzada CONTROLE-REV vs LIBERTÉ
A17: Aço total estacas | F17: CR A+B: | G17: 47631 | H17: 47631
A18: Divergência aço | G18: 0 | H18: %
A20: 2. Fundação Rasa / Blocos de Coroamento
A21: Bloco | B21: Item | C21: Fôrma (m²) | D21: Volume (m³) | E21: Aço total (kg)
A22: A | B22: Lajes maciças (topo arquivo — Laje Fund?) | C22: 0 | D22: 1021.75 | E22: 112136
A23: B | B23: Zapatas isoladas | C23: 1.44 | D23: 0.216 | E23: 15
A24: B | B24: Blocos de coroamento | C24: 746.31 | D24: 750.967 | E24: 66021
A26: Resumo QUANT-A (r245-247) | D26: Volume (m³) | E26: Aço (kg)
A27: HÉLICE | D27: 2200 | E27: 47631
A28: BLOCOS | D28: 2066.36 | E28: 213051
A29: TOTAL | D29: 15597.7 | E29: 1683602

Sheet Supra A por pav
A1: Supraestrutura Bloco A — aço por bitola + concreto
A3: Pavimento | B3: Elemento | C3: øQ92 (kg) | D3: ø5 (kg) | E3: ø6.3 (kg) | F3: ø8 (kg) | G3: ø10 (kg) | H3: ø12.5 (kg) | I3: ø16 (kg) | J3: ø20 (kg) | K3: ø25 (kg) | L3: Aço total (kg) | M3: Concreto (m³)
A4: L1 - Térreo | B4: Vigas | C4: 0 | D4: 218 | E4: 553 | F4: 531 | G4: 474 | H4: 1492 | I4: 1453 | J4: 2020 | K4: 0 | L4: 6741 | M4: 58.7
A5: L1 - Térreo | B5: Pilares | C5: 0 | D5: 0 | E5: 0 | F5: 0 | G5: 0 | H5: 0 | I5: 0 | J5: 0 | K5: 0 | L5: 0 | M5: 0
A6: L1 - Térreo | B6: Lajes | C6: 1068 | D6: 0 | E6: 76 | F6: 3868 | G6: 1310 | H6: 0 | I6: 0 | J6: 0 | K6: 0 | L6: 6322 | M6: 90.8
A7: L1 - Térreo | B7: Escadas | C7: 0 | D7: 0 | E7: 0 | F7: 0 | G7: 0 | H7: 0 | I7: 0 | J7: 0 | K7: 0 | L7: 0 | M7: 0
A8: L1 - Térreo | B8: Rampas | C8: 0 | D8: 0 | E8: 0 | F8: 0 | G8: 0 | H8: 0 | I8: 0 | J8: 0 | K8: 0 | L8: 0 | M8: 0
A9: L1 - Térreo | B9: Blocos | C9: 0 | D9: 75 | E9: 160 | F9: 1785 | G9: 861 | H9: 6907 | I9: 20136 | J9: 31531 | K9: 53447 | L9: 114902 | M9: 1021.75
A10: L1 - Térreo | B10: Reserv. Inferior | C10: 0 | D10: 0 | E10: 169 | F10: 361 | G10: 1691 | H10: 0 | I10: 647.27273 | J10: 0 | K10: 0 | L10: 2868.2727 | M10: 22.5
A11: L1 - Térreo | B11: Duto | C11: 0 | D11: 0 | E11: 358 | F11: 1165 | G11: 11 | H11: 750 | I11: 0 | J11: 0 | K11: 0 | L11: 2284 | M11: 22.3
A12: L1 - Térreo | B12: TOTAL | C12: 1068 | D12: 293 | E12: 1316 | F12: 7710 | G12: 4347 | H12: 9149 | I12: 22236.273 | J12: 33551 | K12: 53447 | L12: 133117.27 | M12: 1216.05
A13: L2 - Garagem 1 | B13: Vigas | C13: 0 | D13: 198 | E13: 633 | F13: 19 | G13: 423 | H13: 736 | I13: 707 | J13: 1221 | K13: 0 | L13: 3937 | M13: 39
A14: L2 - Garagem 1 | B14: Pilares | C14: 0 | D14: 115 | E14: 143 | F14: 1617 | G14: 194 | H14: 111 | I14: 567 | J14: 3951 | K14: 7767 | L14: 14465 | M14: 56.4
A15: L2 - Garagem 1 | B15: Lajes | C15: 1046 | D15: 0 | E15: 0 | F15: 2012 | G15: 930 | H15: 1314 | I15: 2937 | J15: 0 | K15: 0 | L15: 8239 | M15: 105.5
... A204: L33 - Casa de Máquinas, L34/L35 - Reservatório Inferior (JUNTOS) | B204: TOTAL | C204: 0 | D204: 81 | E204: 544 | F204: 1931 | G204: 960 | H204: 745 | I204: 1935 | J204: 0 | K204: 0 | L204: 6196 | M204: 63.83

Sheet Supra B por pav
A1: Supraestrutura Bloco B — aço por bitola + concreto
A3: Pavimento | B3: Elemento | C3: øQ92 (kg) | D3: ø5 (kg) | E3: ø6.3 (kg) | F3: ø8 (kg) | G3: ø10 (kg) | H3: ø12.5 (kg) | I3: ø16 (kg) | J3: ø20 (kg) | K3: ø25 (kg) | L3: Aço total (kg) | M3: Concreto (m³)
A4: L1 - Térreo | B4: Vigas | C4: 0 | D4: 349 | E4: 1084 | F4: 478 | G4: 841 | H4: 2155 | I4: 1720 | J4: 3033 | K4: 0 | L4: 9660 | M4: 80.83
A5: L1 - Térreo | B5: Pilares | C5: 0 | D5: 0 | E5: 0 | F5: 0 | G5: 0 | H5: 0 | I5: 0 | J5: 0 | K5: 0 | L5: 0 | M5: 0
A6: L1 - Térreo | B6: Lajes | C6: 1744 | D6: 0 | E6: 247 | F6: 4858 | G6: 3533 | H6: 488.2 | I6: 0 | J6: 0 | K6: 0 | L6: 10870.2 | M6: 147
A7: L1 - Térreo | B7: Escadas | C7: 0 | D7: 0 | E7: 0 | F7: 0 | G7: 0 | H7: 0 | I7: 0 | J7: 0 | K7: 0 | L7: 0 | M7: 0
A8: L1 - Térreo | B8: Rampas | C8: 0 | D8: 0 | E8: 0 | F8: 0 | G8: 0 | H8: 0 | I8: 0 | J8: 0 | K8: 0 | L8: 0 | M8: 0
A9: L1 - Térreo | B9: Blocos | C9: 0 | D9: 87 | E9: 98 | F9: 2400 | G9: 997 | H9: 14785 | I9: 18141 | J9: 14487 | K9: 51689 | L9: 102684 | M9: 1044.61
A10: L1 - Térreo | B10: Reserv. Inferior | C10: 0 | D10: 0 | E10: 0 | F10: 2012 | G10: 7412.9091 | H10: 0 | I10: 2355.4545 | J10: 0 | K10: 0 | L10: 11780.364 | M10: 57.6
A11: L1 - Térreo | B11: Dutos | C11: 0 | D11: 0 | E11: 156 | F11: 4315 | G11: 31 | H11: 889 | I11: 1239 | J11: 0 | K11: 0 | L11: 6630 | M11: 49.2
A12: L1 - Térreo | B12: TOTAL | C12: 1744 | D12: 436 | E12: 1585 | F12: 14063 | G12: 12814.909 | H12: 18317.2 | I12: 23455.455 | J12: 17520 | K12: 51689 | L12: 141624.56 | M12: 1379.24
A13: L2 - Garagem 1 | B13: Vigas | C13: 0 | D13: 275 | E13: 808 | F13: 195 | G13: 645 | H13: 1060 | I13: 323 | J13: 1729 | K13: 0 | L13: 5035 | M13: 25.92
A14: L2 - Garagem 1 | B14: Pilares | C14: 0 | D14: 296 | E14: 141 | F14: 1905 | G14: 181 | H14: 232 | I14: 1017 | J14: 1433 | K14: 14254 | L14: 19459 | M14: 71.59
A15: L2 - Garagem 1 | B15: Lajes | C15: 1635 | D15: 0 | E15: 0 | F15: 3619 | G15: 1414 | H15: 2357 | I15: 5421 | J15: 0 | K15: 0 | L15: 14446 | M15: 168.5
... A204: L33 - Casa de Máquinas, L34/L35 - Reservatório Inferior (JUNTOS) | B204: TOTAL | C204: 0 | D204: 178 | E204: 682 | F204: 1918 | G204: 1254 | H204: 185 | I204: 1890 | J204: 622 | K204: 0 | L204: 6729 | M204: 63.12

Sheet Supra por pavimento
A1: Torre/Bloco | B1: Disciplina | C1: EAP - Supraestrutura | D1: Pavimento Proj. | E1: Elemento | F1: Mpa | G1: Concreto (m³) | H1: Aço Total (kg) | I1: øQ92 | J1: ø5.0 | K1: ø6.3 | L1: ø8.0 | M1: ø10.0 | N1: ø12.5 | O1: ø16.0 | P1: ø20.0 | Q1: ø25.0
A2: Embasamento | B2: Supraestrutura | C2: L1 - Térreo | D2: L1 - Térreo | E2: Vigas | F2: 50 | G2: ='Supra A por pav'!M4+'Supra B por pav'!M4 -> 139.53 | H2: ='Supra A por pav'!L4+'Supra B por pav'!L4 -> 16401 | I2: ='Supra A por pav'!C4+'Supra B por pav'!C4 -> 0 | J2: ='Supra A por pav'!D4+'Supra B por pav'!D4 -> 567 | K2: ='Supra A por pav'!E4+'Supra B por pav'!E4 -> 1637 | L2: ='Supra A por pav'!F4+'Supra B por pav'!F4 -> 1009 | M2: ='Supra A por pav'!G4+'Supra B por pav'!G4 -> 1315 | N2: ='Supra A por pav'!H4+'Supra B por pav'!H4 -> 3647 | O2: ='Supra A por pav'!I4+'Supra B por pav'!I4 -> 3173 | P2: ='Supra A por pav'!J4+'Supra B por pav'!J4 -> 5053 | Q2: ='Supra A por pav'!K4+'Supra B por pav'!K4 -> 0
E3: Pilares | G3: ='Supra A por pav'!M5+'Supra B por pav'!M5 -> 0 | H3: ='Supra A por pav'!L5+'Supra B por pav'!L5 -> 0 | I3: ='Supra A por pav'!C5+'Supra B por pav'!C5 -> 0 | J3: ='Supra A por pav'!D5+'Supra B por pav'!D5 -> 0 | K3: ='Supra A por pav'!E5+'Supra B por pav'!E5 -> 0 | L3: ='Supra A por pav'!F5+'Supra B por pav'!F5 -> 0 | M3: ='Supra A por pav'!G5+'Supra B por pav'!G5 -> 0 | N3: ='Supra A por pav'!H5+'Supra B por pav'!H5 -> 0 | O3: ='Supra A por pav'!I5+'Supra B por pav'!I5 -> 0 | P3: ='Supra A por pav'!J5+'Supra B por pav'!J5 -> 0 | Q3: ='Supra A por pav'!K5+'Supra B por pav'!K5 -> 0
E4: Lajes | G4: ='Supra A por pav'!M6+'Supra B por pav'!M6 -> 237.8 | H4: ='Supra A por pav'!L6+'Supra B por pav'!L6 -> 17192.2 | I4: ='Supra A por pav'!C6+'Supra B por pav'!C6 -> 2812 | J4: ='Supra A por pav'!D6+'Supra B por pav'!D6 -> 0 | K4: ='Supra A por pav'!E6+'Supra B por pav'!E6 -> 323 | L4: ='Supra A por pav'!F6+'Supra B por pav'!F6 -> 8726 | M4: ='Supra A por pav'!G6+'Supra B por pav'!G6 -> 4843 | N4: ='Supra A por pav'!H6+'Supra B por pav'!H6 -> 488.2 | O4: ='Supra A por pav'!I6+'Supra B por pav'!I6 -> 0 | P4: ='Supra A por pav'!J6+'Supra B por pav'!J6 -> 0 | Q4: ='Supra A por pav'!K6+'Supra B por pav'!K6 -> 0
E5: Escadas | G5: ='Supra A por pav'!M7+'Supra B por pav'!M7 -> 0 | H5: ='Supra A por pav'!L7+'Supra B por pav'!L7 -> 0 | I5: ='Supra A por pav'!C7+'Supra B por pav'!C7 -> 0 | J5: ='Supra A por pav'!D7+'Supra B por pav'!D7 -> 0 | K5: ='Supra A por pav'!E7+'Supra B por pav'!E7 -> 0 | L5: ='Supra A por pav'!F7+'Supra B por pav'!F7 -> 0 | M5: ='Supra A por pav'!G7+'Supra B por pav'!G7 -> 0 | N5: ='Supra A por pav'!H7+'Supra B por pav'!H7 -> 0 | O5: ='Supra A por pav'!I7+'Supra B por pav'!I7 -> 0 | P5: ='Supra A por pav'!J7+'Supra B por pav'!J7 -> 0 | Q5: ='Supra A por pav'!K7+'Supra B por pav'!K7 -> 0
E6: Rampas | G6: ='Supra A por pav'!M8+'Supra B por pav'!M8 -> 0 | H6: ='Supra A por pav'!L8+'Supra B por pav'!L8 -> 0 | I6: ='Supra A por pav'!C8+'Supra B por pav'!C8 -> 0 | J6: ='Supra A por pav'!D8+'Supra B por pav'!D8 -> 0 | K6: ='Supra A por pav'!E8+'Supra B por pav'!E8 -> 0 | L6: ='Supra A por pav'!F8+'Supra B por pav'!F8 -> 0 | M6: ='Supra A por pav'!G8+'Supra B por pav'!G8 -> 0 | N6: ='Supra A por pav'!H8+'Supra B por pav'!H8 -> 0 | O6: ='Supra A por pav'!I8+'Supra B por pav'!I8 -> 0 | P6: ='Supra A por pav'!J8+'Supra B por pav'!J8 -> 0 | Q6: ='Supra A por pav'!K8+'Supra B por pav'!K8 -> 0
E7: Blocos | G7: ='Supra A por pav'!M9+'Supra B por pav'!M9 -> 2066.36 | H7: ='Supra A por pav'!L9+'Supra B por pav'!L9 -> 217586 | I7: ='Supra A por pav'!C9+'Supra B por pav'!C9 -> 0 | J7: ='Supra A por pav'!D9+'Supra B por pav'!D9 -> 162 | K7: ='Supra A por pav'!E9+'Supra B por pav'!E9 -> 258 | L7: ='Supra A por pav'!F9+'Supra B por pav'!F9 -> 4185 | M7: ='Supra A por pav'!G9+'Supra B por pav'!G9 -> 1858 | N7: ='Supra A por pav'!H9+'Supra B por pav'!H9 -> 21692 | O7: ='Supra A por pav'!I9+'Supra B por pav'!I9 -> 38277 | P7: ='Supra A por pav'!J9+'Supra B por pav'!J9 -> 46018 | Q7: ='Supra A por pav'!K9+'Supra B por pav'!K9 -> 105136
E8: Reserv. Inferior | G8: ='Supra A por pav'!M10+'Supra B por pav'!M10 -> 80.1 | H8: ='Supra A por pav'!L10+'Supra B por pav'!L10 -> 14648.636 | I8: ='Supra A por pav'!C10+'Supra B por pav'!C10 -> 0 | J8: ='Supra A por pav'!D10+'Supra B por pav'!D10 -> 0 | K8: ='Supra A por pav'!E10+'Supra B por pav'!E10 -> 169 | L8: ='Supra A por pav'!F10+'Supra B por pav'!F10 -> 2373 | M8: ='Supra A por pav'!G10+'Supra B por pav'!G10 -> 9103.9091 | N8: ='Supra A por pav'!H10+'Supra B por pav'!H10 -> 0 | O8: ='Supra A por pav'!I10+'Supra B por pav'!I10 -> 3002.7273 | P8: ='Supra A por pav'!J10+'Supra B por pav'!J10 -> 0 | Q8: ='Supra A por pav'!K10+'Supra B por pav'!K10 -> 0
E9: Dutos | G9: ='Supra A por pav'!M11+'Supra B por pav'!M11 -> 71.5 | H9: ='Supra A por pav'!L11+'Supra B por pav'!L11 -> 8914 | I9: ='Supra A por pav'!C11+'Supra B por pav'!C11 -> 0 | J9: ='Supra A por pav'!D11+'Supra B por pav'!D11 -> 0 | K9: ='Supra A por pav'!E11+'Supra B por pav'!E11 -> 514 | L9: ='Supra A por pav'!F11+'Supra B por pav'!F11 -> 5480 | M9: ='Supra A por pav'!G11+'Supra B por pav'!G11 -> 42 | N9: ='Supra A por pav'!H11+'Supra B por pav'!H11 -> 1639 | O9: ='Supra A por pav'!I11+'Supra B por pav'!I11 -> 1239 | P9: ='Supra A por pav'!J11+'Supra B por pav'!J11 -> 0 | Q9: ='Supra A por pav'!K11+'Supra B por pav'!K11 -> 0
A10: Embasamento | B10: Supraestrutura | C10: L1 - Térreo | D10: TOTAL - L1 - TÉRREO | F10: 50 | G10: =SUM(G2:G9) -> 2595.29 | H10: =SUM(H2:H9) -> 274741.84 | I10: =SUM(I2:I9) -> 2812 | J10: =SUM(J2:J9) -> 729 | K10: =SUM(K2:K9) -> 2901 | L10: =SUM(L2:L9) -> 21773 | M10: =SUM(M2:M9) -> 17161.909 | N10: =SUM(N2:N9) -> 27466.2 | ... Q10: =SUM(Q2:Q9) -> 105136
A11: Embasamento | B11: Supraestrutura | C11: L2 - Garagem 1 | D11: L2 - Garagem 1 | E11: Vigas | F11: 50 | G11: ='Supra A por pav'!M13+'Supra B por pav'!M13 -> 64.92 | H11: ='Supra A por pav'!L13+'Supra B por pav'!L13 -> 8972 | I11: ='Supra A por pav'!C13+'Supra B por pav'!C13 -> 0 | J11: ='Supra A por pav'!D13+'Supra B por pav'!D13 -> 473 | K11: ='Supra A por pav'!E13+'Supra B por pav'!E13 -> 1441 | L11: ='Supra A por pav'!F13+'Supra B por pav'!F13 -> 214 | M11: ='Supra A por pav'!G13+'Supra B por pav'!G13 -> 1068 | N11: ='Supra A por pav'!H13+'Supra B por pav'!H13 -> 1796 | O11: ='Supra A por pav'!I13+'Supra B por pav'!I13 -> 1030 | P11: ='Supra A por pav'!J13+'Supra B por pav'!J13 -> 2950 | Q11: ='Supra A por pav'!K13+'Supra B por pav'!K13 -> 0
E12: Pilares | G12: ='Supra A por pav'!M14+'Supra B por pav'!M14 -> 127.99 | H12: ='Supra A por pav'!L14+'Supra B por pav'!L14 -> 33924 | I12: ='Supra A por pav'!C14+'Supra B por pav'!C14 -> 0 | J12: ='Supra A por pav'!D14+'Supra B por pav'!D14 -> 411 | K12: ='Supra A por pav'!E14+'Supra B por pav'!E14 -> 284 | L12: ='Supra A por pav'!F14+'Supra B por pav'!F14 -> 3522 | M12: ='Supra A por pav'!G14+'Supra B por pav'!G14 -> 375 | N12: ='Supra A por pav'!H14+'Supra B por pav'!H14 -> 343 | O12: ='Supra A por pav'!I14+'Supra B por pav'!I14 -> 1584 | P12: ='Supra A por pav'!J14+'Supra B por pav'!J14 -> 5384 | Q12: ='Supra A por pav'!K14+'Supra B por pav'!K14 -> 22021
E13: Lajes | G13: ='Supra A por pav'!M15+'Supra B por pav'!M15 -> 274 | H13: ='Supra A por pav'!L15+'Supra B por pav'!L15 -> 22685 | I13: ='Supra A por pav'!C15+'Supra B por pav'!C15 -> 2681 | J13: ='Supra A por pav'!D15+'Supra B por pav'!D15 -> 0 | K13: ='Supra A por pav'!E15+'Supra B por pav'!E15 -> 0 | L13: ='Supra A por pav'!F15+'Supra B por pav'!F15 -> 5631 | M13: ='Supra A por pav'!G15+'Supra B por pav'!G15 -> 2344 | N13: ='Supra A por pav'!H15+'Supra B por pav'!H15 -> 3671 | O13: ='Supra A por pav'!I15+'Supra B por pav'!I15 -> 8358 | P13: ='Supra A por pav'!J15+'Supra B por pav'!J15 -> 0 | Q13: ='Supra A por pav'!K15+'Supra B por pav'!K15 -> 0
E14: Escadas | G14: ='Supra A por pav'!M16+'Supra B por pav'!M16 -> 3.78 | H14: ='Supra A por pav'!L16+'Supra B por pav'!L16 -> 338 | I14: ='Supra A por pav'!C16+'Supra B por pav'!C16 -> 0 | J14: ='Supra A por pav'!D16+'Supra B por pav'!D16 -> 0 | K14: ='Supra A por pav'!E16+'Supra B por pav'!E16 -> 0 | L14: ='Supra A por pav'!F16+'Supra B por pav'!F16 -> 14 | M14: ='Supra A por pav'!G16+'Supra B por pav'!G16 -> 228 | N14: ='Supra A por pav'!H16+'Supra B por pav'!H16 -> 96 | O14: ='Supra A por pav'!I16+'Supra B por pav'!I16 -> 0 | P14: ='Supra A por pav'!J16+'Supra B por pav'!J16 -> 0 | Q14: ='Supra A por pav'!K16+'Supra B por pav'!K16 -> 0
E15: Rampas | G15: ='Supra A por pav'!M17+'Supra B por pav'!M17 -> 9.5 | H15: ='Supra A por pav'!L17+'Supra B por pav'!L17 -> 652 | I15: ='Supra A por pav'!C17+'Supra B por pav'!C17 -> 109 | J15: ='Supra A por pav'!D17+'Supra B por pav'!D17 -> 0 | K15: ='Supra A por pav'!E17+'Supra B por pav'!E17 -> 0 | L15: ='Supra A por pav'!F17+'Supra B por pav'!F17 -> 190 | M15: ='Supra A por pav'!G17+'Supra B por pav'!G17 -> 353 | N15: ='Supra A por pav'!H17+'Supra B por pav'!H17 -> 0 | O15: ='Supra A por pav'!I17+'Supra B por pav'!I17 -> 0 | P15: ='Supra A por pav'!J17+'Supra B por pav'!J17 -> 0 | Q15: ='Supra A por pav'!K17+'Supra B por pav'!K17 -> 0
A16: Embasamento | B16: Supraestrutura | C16: L2 - Garagem 1 | D16: TOTAL - L2 - GARAGEM 1 | F16: 50 | G16: =SUM(G11:G15) -> 480.19 | H16: =SUM(H11:H15) -> 66571 | I16: =SUM(I11:I15) -> 2790 | J16: =SUM(J11:J15) -> 884 | K16: =SUM(K11:K15) -> 1725 | L16: =SUM(L11:L15) -> 9571 | M16: =SUM(M11:M15) -> 4368 | N16: =SUM(N11:N15) -> 5906 | ... Q16: =SUM(Q11:Q15) -> 22021
A17: Embasamento | B17: Supraestrutura | C17: L3 - Garagem 2 | D17: L3 - Garagem 2 | E17: Vigas | F17: 50 | G17: ='Supra A por pav'!M19+'Supra B por pav'!M19 -> 99.9 | H17: ='Supra A por pav'!L19+'Supra B por pav'!L19 -> 16314 | I17: ='Supra A por pav'!C19+'Supra B por pav'!C19 -> 0 | J17: ='Supra A por pav'!D19+'Supra B por pav'!D19 -> 346 | K17: ='Supra A por pav'!E19+'Supra B por pav'!E19 -> 730 | L17: ='Supra A por pav'!F19+'Supra B por pav'!F19 -> 162 | M17: ='Supra A por pav'!G19+'Supra B por pav'!G19 -> 650 | N17: ='Supra A por pav'!H19+'Supra B por pav'!H19 -> 1157 | O17: ='Supra A por pav'!I19+'Supra B por pav'!I19 -> 4038 | P17: ='Supra A por pav'!J19+'Supra B por pav'!J19 -> 1008 | Q17: ='Supra A por pav'!K19+'Supra B por pav'!K19 -> 8223
E18: Pilares | G18: ='Supra A por pav'!M20+'Supra B por pav'!M20 -> 99.69 | H18: ='Supra A por pav'!L20+'Supra B por pav'!L20 -> 24850 | I18: ='Supra A por pav'!C20+'Supra B por pav'!C20 -> 0 | J18: ='Supra A por pav'!D20+'Supra B por pav'!D20 -> 348 | K18: ='Supra A por pav'!E20+'Supra B por pav'!E20 -> 618 | L18: ='Supra A por pav'!F20+'Supra B por pav'!F20 -> 2273 | M18: ='Supra A por pav'!G20+'Supra B por pav'!G20 -> 313 | N18: ='Supra A por pav'!H20+'Supra B por pav'!H20 -> 408 | O18: ='Supra A por pav'!I20+'Supra B por pav'!I20 -> 2169 | P18: ='Supra A por pav'!J20+'Supra B por pav'!J20 -> 7114 | Q18: ='Supra A por pav'!K20+'Supra B por pav'!K20 -> 11607
E19: Lajes | G19: ='Supra A por pav'!M21+'Supra B por pav'!M21 -> 281.7 | H19: ='Supra A por pav'!L21+'Supra B por pav'!L21 -> 27148 | I19: ='Supra A por pav'!C21+'Supra B por pav'!C21 -> 2703 | J19: ='Supra A por pav'!D21+'Supra B por pav'!D21 -> 0 | K19: ='Supra A por pav'!E21+'Supra B por pav'!E21 -> 0 | L19: ='Supra A por pav'!F21+'Supra B por pav'!F21 -> 4537 | M19: ='Supra A por pav'!G21+'Supra B por pav'!G21 -> 3769 | N19: ='Supra A por pav'!H21+'Supra B por pav'!H21 -> 2508 | O19: ='Supra A por pav'!I21+'Supra B por pav'!I21 -> 13631 | P19: ='Supra A por pav'!J21+'Supra B por pav'!J21 -> 0 | Q19: ='Supra A por pav'!K21+'Supra B por pav'!K21 -> 0
E20: Escadas | G20: ='Supra A por pav'!M22+'Supra B por pav'!M22 -> 3.973 | H20: ='Supra A por pav'!L22+'Supra B por pav'!L22 -> 386.75 | I20: ='Supra A por pav'!C22+'Supra B por pav'!C22 -> 0 | J20: ='Supra A por pav'!D22+'Supra B por pav'!D22 -> 0 | K20: ='Supra A por pav'!E22+'Supra B por pav'!E22 -> 0 | L20: ='Supra A por pav'!F22+'Supra B por pav'!F22 -> 18 | M20: ='Supra A por pav'!G22+'Supra B por pav'!G22 -> 368.75 | N20: ='Supra A por pav'!H22+'Supra B por pav'!H22 -> 0 | O20: ='Supra A por pav'!I22+'Supra B por pav'!I22 -> 0 | P20: ='Supra A por pav'!J22+'Supra B por pav'!J22 -> 0 | Q20: ='Supra A por pav'!K22+'Supra B por pav'!K22 -> 0
E21: Rampas | G21: ='Supra A por pav'!M23+'Supra B por pav'!M23 -> 9.5 | H21: ='Supra A por pav'!L23+'Supra B por pav'!L23 -> 624 | I21: ='Supra A por pav'!C23+'Supra B por pav'!C23 -> 109 | J21: ='Supra A por pav'!D23+'Supra B por pav'!D23 -> 0 | K21: ='Supra A por pav'!E23+'Supra B por pav'!E23 -> 0 | L21: ='Supra A por pav'!F23+'Supra B por pav'!F23 -> 184 | M21: ='Supra A por pav'!G23+'Supra B por pav'!G23 -> 331 | N21: ='Supra A por pav'!H23+'Supra B por pav'!H23 -> 0 | O21: ='Supra A por pav'!I23+'Supra B por pav'!I23 -> 0 | P21: ='Supra A por pav'!J23+'Supra B por pav'!J23 -> 0 | Q21: ='Supra A por pav'!K23+'Supra B por pav'!K23 -> 0
A22: Embasamento | B22: Supraestrutura | C22: L3 - Garagem 2 | D22: TOTAL - L3 - GARAGEM 2 | F22: 50 | G22: =SUM(G17:G21) -> 494.763 | H22: =SUM(H17:H21) -> 69322.75 | I22: =SUM(I17:I21) -> 2812 | J22: =SUM(J17:J21) -> 694 | K22: =SUM(K17:K21) -> 1348 | L22: =SUM(L17:L21) -> 7174 | M22: =SUM(M17:M21) -> 5431.75 | N22: =SUM(N17:N21) -> 4073 | ... Q22: =SUM(Q17:Q21) -> 19830
A23: Embasamento | B23: Supraestrutura | C23: L4 - Garagem 3 | D23: L4 - Garagem 3 | E23: Vigas | F23: 50 | G23: ='Supra A por pav'!M25+'Supra B por pav'!M25 -> 46.52 | H23: ='Supra A por pav'!L25+'Supra B por pav'!L25 -> 4964 | I23: ='Supra A por pav'!C25+'Supra B por pav'!C25 -> 0 | J23: ='Supra A por pav'!D25+'Supra B por pav'!D25 -> 348 | K23: ='Supra A por pav'!E25+'Supra B por pav'!E25 -> 708 | L23: ='Supra A por pav'!F25+'Supra B por pav'!F25 -> 235 | M23: ='Supra A por pav'!G25+'Supra B por pav'!G25 -> 289 | N23: ='Supra A por pav'!H25+'Supra B por pav'!H25 -> 1253 | O23: ='Supra A por pav'!I25+'Supra B por pav'!I25 -> 841 | P23: ='Supra A por pav'!J25+'Supra B por pav'!J25 -> 1290 | Q23: ='Supra A por pav'!K25+'Supra B por pav'!K25 -> 0
E24: Pilares | G24: ='Supra A por pav'!M26+'Supra B por pav'!M26 -> 104.08 | H24: ='Supra A por pav'!L26+'Supra B por pav'!L26 -> 23836 | I24: ='Supra A por pav'!C26+'Supra B por pav'!C26 -> 0 | J24: ='Supra A por pav'!D26+'Supra B por pav'!D26 -> 447 | K24: ='Supra A por pav'!E26+'Supra B por pav'!E26 -> 543 | L24: ='Supra A por pav'!F26+'Supra B por pav'!F26 -> 2304 | M24: ='Supra A por pav'!G26+'Supra B por pav'!G26 -> 151 | N24: ='Supra A por pav'!H26+'Supra B por pav'!H26 -> 361 | O24: ='Supra A por pav'!I26+'Supra B por pav'!I26 -> 2142 | P24: ='Supra A por pav'!J26+'Supra B por pav'!J26 -> 8911 | Q24: ='Supra A por pav'!K26+'Supra B por pav'!K26 -> 8977
E25: Lajes | G25: ='Supra A por pav'!M27+'Supra B por pav'!M27 -> 288.6 | H25: ='Supra A por pav'!L27+'Supra B por pav'!L27 -> 29605 | I25: ='Supra A por pav'!C27+'Supra B por pav'!C27 -> 2769 | J25: ='Supra A por pav'!D27+'Supra B por pav'!D27 -> 0 | K25: ='Supra A por pav'!E27+'Supra B por pav'!E27 -> 0 | L25: ='Supra A por pav'!F27+'Supra B por pav'!F27 -> 4383 | M25: ='Supra A por pav'!G27+'Supra B por pav'!G27 -> 3548 | N25: ='Supra A por pav'!H27+'Supra B por pav'!H27 -> 3335 | O25: ='Supra A por pav'!I27+'Supra B por pav'!I27 -> 15173 | P25: ='Supra A por pav'!J27+'Supra B por pav'!J27 -> 397 | Q25: ='Supra A por pav'!K27+'Supra B por pav'!K27 -> 0
E26: Escadas | G26: ='Supra A por pav'!M28+'Supra B por pav'!M28 -> 3.973 | H26: ='Supra A por pav'!L28+'Supra B por pav'!L28 -> 386.75 | I26: ='Supra A por pav'!C28+'Supra B por pav'!C28 -> 0 | J26: ='Supra A por pav'!D28+'Supra B por pav'!D28 -> 0 | K26: ='Supra A por pav'!E28+'Supra B por pav'!E28 -> 0 | L26: ='Supra A por pav'!F28+'Supra B por pav'!F28 -> 18 | M26: ='Supra A por pav'!G28+'Supra B por pav'!G28 -> 368.75 | N26: ='Supra A por pav'!H28+'Supra B por pav'!H28 -> 0 | O26: ='Supra A por pav'!I28+'Supra B por pav'!I28 -> 0 | P26: ='Supra A por pav'!J28+'Supra B por pav'!J28 -> 0 | Q26: ='Supra A por pav'!K28+'Supra B por pav'!K28 -> 0
E27: Rampas | G27: ='Supra A por pav'!M29+'Supra B por pav'!M29 -> 9.5 | H27: ='Supra A por pav'!L29+'Supra B por pav'!L29 -> 624 | I27: ='Supra A por pav'!C29+'Supra B por pav'!C29 -> 109 | J27: ='Supra A por pav'!D29+'Supra B por pav'!D29 -> 0 | K27: ='Supra A por pav'!E29+'Supra B por pav'!E29 -> 0 | L27: ='Supra A por pav'!F29+'Supra B por pav'!F29 -> 184 | M27: ='Supra A por pav'!G29+'Supra B por pav'!G29 -> 331 | N27: ='Supra A por pav'!H29+'Supra B por pav'!H29 -> 0 | O27: ='Supra A por pav'!I29+'Supra B por pav'!I29 -> 0 | P27: ='Supra A por pav'!J29+'Supra B por pav'!J29 -> 0 | Q27: ='Supra A por pav'!K29+'Supra B por pav'!K29 -> 0
A28: Embasamento | B28: Supraestrutura | C28: L4 - Garagem 3 | D28: TOTAL - L4 - GARAGEM 3 | F28: 50 | G28: =SUM(G23:G27) -> 452.673 | H28: =SUM(H23:H27) -> 59415.75 | I28: =SUM(I23:I27) -> 2878 | J28: =SUM(J23:J27) -> 795 | K28: =SUM(K23:K27) -> 1251 | L28: =SUM(L23:L27) -> 7124 | M28: =SUM(M23:M27) -> 4687.75 | N28: =SUM(N23:N27) -> 4949 | ... Q28: =SUM(Q23:Q27) -> 8977
A29: Embasamento | B29: Supraestrutura | C29: L5 - Garagem 4 | D29: L5 - Garagem 4 | E29: Vigas | F29: 50 | G29: ='Supra A por pav'!M31+'Supra B por pav'!M31 -> 46.28 | H29: ='Supra A por pav'!L31+'Supra B por pav'!L31 -> 5129 | I29: ='Supra A por pav'!C31+'Supra B por pav'!C31 -> 0 | J29: ='Supra A por pav'!D31+'Supra B por pav'!D31 -> 351 | K29: ='Supra A por pav'!E31+'Supra B por pav'!E31 -> 683 | L29: ='Supra A por pav'!F31+'Supra B por pav'!F31 -> 271 | M29: ='Supra A por pav'!G31+'Supra B por pav'!G31 -> 268 | N29: ='Supra A por pav'!H31+'Supra B por pav'!H31 -> 1308 | O29: ='Supra A por pav'!I31+'Supra B por pav'!I31 -> 715 | P29: ='Supra A por pav'!J31+'Supra B por pav'!J31 -> 1533 | Q29: ='Supra A por pav'!K31+'Supra B por pav'!K31 -> 0
E30: Pilares | G30: ='Supra A por pav'!M32+'Supra B por pav'!M32 -> 101.92 | H30: ='Supra A por pav'!L32+'Supra B por pav'!L32 -> 22195 | I30: ='Supra A por pav'!C32+'Supra B por pav'!C32 -> 0 | J30: ='Supra A por pav'!D32+'Supra B por pav'!D32 -> 425 | K30: ='Supra A por pav'!E32+'Supra B por pav'!E32 -> 570 | L30: ='Supra A por pav'!F32+'Supra B por pav'!F32 -> 2308 | M30: ='Supra A por pav'!G32+'Supra B por pav'!G32 -> 0 | N30: ='Supra A por pav'!H32+'Supra B por pav'!H32 -> 365 | O30: ='Supra A por pav'!I32+'Supra B por pav'!I32 -> 2142 | P30: ='Supra A por pav'!J32+'Supra B por pav'!J32 -> 9738 | Q30: ='Supra A por pav'!K32+'Supra B por pav'!K32 -> 6647
E31: Lajes | G31: ='Supra A por pav'!M33+'Supra B por pav'!M33 -> 289.6 | H31: ='Supra A por pav'!L33+'Supra B por pav'!L33 -> 29572 | I31: ='Supra A por pav'!C33+'Supra B por pav'!C33 -> 2769 | J31: ='Supra A por pav'!D33+'Supra B por pav'!D33 -> 0 | K31: ='Supra A por pav'!E33+'Supra B por pav'!E33 -> 0 | L31: ='Supra A por pav'!F33+'Supra B por pav'!F33 -> 4427 | M31: ='Supra A por pav'!G33+'Supra B por pav'!G33 -> 3418 | N31: ='Supra A por pav'!H33+'Supra B por pav'!H33 -> 3705 | O31: ='Supra A por pav'!I33+'Supra B por pav'!I33 -> 15253 | P31: ='Supra A por pav'!J33+'Supra B por pav'!J33 -> 0 | Q31: ='Supra A por pav'!K33+'Supra B por pav'!K33 -> 0
E32: Escadas | G32: ='Supra A por pav'!M34+'Supra B por pav'!M34 -> 3.973 | H32: ='Supra A por pav'!L34+'Supra B por pav'!L34 -> 386.75 | I32: ='Supra A por pav'!C34+'Supra B por pav'!C34 -> 0 | J32: ='Supra A por pav'!D34+'Supra B por pav'!D34 -> 0 | K32: ='Supra A por pav'!E34+'Supra B por pav'!E34 -> 0 | L32: ='Supra A por pav'!F34+'Supra B por pav'!F34 -> 18 | M32: ='Supra A por pav'!G34+'Supra B por pav'!G34 -> 368.75 | N32: ='Supra A por pav'!H34+'Supra B por pav'!H34 -> 0 | O32: ='Supra A por pav'!I34+'Supra B por pav'!I34 -> 0 | P32: ='Supra A por pav'!J34+'Supra B por pav'!J34 -> 0 | Q32: ='Supra A por pav'!K34+'Supra B por pav'!K34 -> 0
E33: Rampas | G33: ='Supra A por pav'!M35+'Supra B por pav'!M35 -> 9.5 | H33: ='Supra A por pav'!L35+'Supra B por pav'!L35 -> 624 | I33: ='Supra A por pav'!C35+'Supra B por pav'!C35 -> 109 | J33: ='Supra A por pav'!D35+'Supra B por pav'!D35 -> 0 | K33: ='Supra A por pav'!E35+'Supra B por pav'!E35 -> 0 | L33: ='Supra A por pav'!F35+'Supra B por pav'!F35 -> 184 | M33: ='Supra A por pav'!G35+'Supra B por pav'!G35 -> 331 | N33: ='Supra A por pav'!H35+'Supra B por pav'!H35 -> 0 | O33: ='Supra A por pav'!I35+'Supra B por pav'!I35 -> 0 | P33: ='Supra A por pav'!J35+'Supra B por pav'!J35 -> 0 | Q33: ='Supra A por pav'!K35+'Supra B por pav'!K35 -> 0
A34: Embasamento | B34: Supraestrutura | C34: L5 - Garagem 4 | D34: TOTAL - L5 - GARAGEM 4 | F34: 50 | G34: =SUM(G29:G33) -> 451.273 | H34: =SUM(H29:H33) -> 57906.75 | I34: =SUM(I29:I33) -> 2878 | J34: =SUM(J29:J33) -> 776 | K34: =SUM(K29:K33) -> 1253 | L34: =SUM(L29:L33) -> 7208 | M34: =SUM(M29:M33) -> 4385.75 | N34: =SUM(N29:N33) -> 5378 | ... Q34: =SUM(Q29:Q33) -> 6647
A35: Embasamento | B35: Supraestrutura | C35: L6 - Garagem 5 | D35: L6 - Garagem 5 | E35: Vigas | F35: 50 | G35: ='Supra A por pav'!M37+'Supra B por pav'!M37 -> 46.92 | H35: ='Supra A por pav'!L37+'Supra B por pav'!L37 -> 5466 | I35: ='Supra A por pav'!C37+'Supra B por pav'!C37 -> 0 | J35: ='Supra A por pav'!D37+'Supra B por pav'!D37 -> 360 | K35: ='Supra A por pav'!E37+'Supra B por pav'!E37 -> 670 | L35: ='Supra A por pav'!F37+'Supra B por pav'!F37 -> 305 | M35: ='Supra A por pav'!G37+'Supra B por pav'!G37 -> 173 | N35: ='Supra A por pav'!H37+'Supra B por pav'!H37 -> 1267 | O35: ='Supra A por pav'!I37+'Supra B por pav'!I37 -> 1134 | P35: ='Supra A por pav'!J37+'Supra B por pav'!J37 -> 1557 | Q35: ='Supra A por pav'!K37+'Supra B por pav'!K37 -> 0
E36: Pilares | G36: ='Supra A por pav'!M38+'Supra B por pav'!M38 -> 102.3 | H36: ='Supra A por pav'!L38+'Supra B por pav'!L38 -> 21819 | I36: ='Supra A por pav'!C38+'Supra B por pav'!C38 -> 0 | J36: ='Supra A por pav'!D38+'Supra B por pav'!D38 -> 448 | K36: ='Supra A por pav'!E38+'Supra B por pav'!E38 -> 603 | L36: ='Supra A por pav'!F38+'Supra B por pav'!F38 -> 2198 | M36: ='Supra A por pav'!G38+'Supra B por pav'!G38 -> 0 | N36: ='Supra A por pav'!H38+'Supra B por pav'!H38 -> 378 | O36: ='Supra A por pav'!I38+'Supra B por pav'!I38 -> 2567 | P36: ='Supra A por pav'!J38+'Supra B por pav'!J38 -> 8978 | Q36: ='Supra A por pav'!K38+'Supra B por pav'!K38 -> 6647
E37: Lajes | G37: ='Supra A por pav'!M39+'Supra B por pav'!M39 -> 289.6 | H37: ='Supra A por pav'!L39+'Supra B por pav'!L39 -> 29319 | I37: ='Supra A por pav'!C39+'Supra B por pav'!C39 -> 2790 | J37: ='Supra A por pav'!D39+'Supra B por pav'!D39 -> 0 | K37: ='Supra A por pav'!E39+'Supra B por pav'!E39 -> 0 | L37: ='Supra A por pav'!F39+'Supra B por pav'!F39 -> 4382 | M37: ='Supra A por pav'!G39+'Supra B por pav'!G39 -> 3308 | N37: ='Supra A por pav'!H39+'Supra B por pav'!H39 -> 3826 | O37: ='Supra A por pav'!I39+'Supra B por pav'!I39 -> 15013 | P37: ='Supra A por pav'!J39+'Supra B por pav'!J39 -> 0 | Q37: ='Supra A por pav'!K39+'Supra B por pav'!K39 -> 0
E38: Escadas | G38: ='Supra A por pav'!M40+'Supra B por pav'!M40 -> 3.973 | H38: ='Supra A por pav'!L40+'Supra B por pav'!L40 -> 386.75 | I38: ='Supra A por pav'!C40+'Supra B por pav'!C40 -> 0 | J38: ='Supra A por pav'!D40+'Supra B por pav'!D40 -> 0 | K38: ='Supra A por pav'!E40+'Supra B por pav'!E40 -> 0 | L38: ='Supra A por pav'!F40+'Supra B por pav'!F40 -> 18 | M38: ='Supra A por pav'!G40+'Supra B por pav'!G40 -> 368.75 | N38: ='Supra A por pav'!H40+'Supra B por pav'!H40 -> 0 | O38: ='Supra A por pav'!I40+'Supra B por pav'!I40 -> 0 | P38: ='Supra A por pav'!J40+'Supra B por pav'!J40 -> 0 | Q38: ='Supra A por pav'!K40+'Supra B por pav'!K40 -> 0
E39: Rampas | G39: ='Supra A por pav'!M41+'Supra B por pav'!M41 -> 8.5 | H39: ='Supra A por pav'!L41+'Supra B por pav'!L41 -> 587 | I39: ='Supra A por pav'!C41+'Supra B por pav'!C41 -> 109 | J39: ='Supra A por pav'!D41+'Supra B por pav'!D41 -> 0 | K39: ='Supra A por pav'!E41+'Supra B por pav'!E41 -> 0 | L39: ='Supra A por pav'!F41+'Supra B por pav'!F41 -> 172 | M39: ='Supra A por pav'!G41+'Supra B por pav'!G41 -> 306 | N39: ='Supra A por pav'!H41+'Supra B por pav'!H41 -> 0 | O39: ='Supra A por pav'!I41+'Supra B por pav'!I41 -> 0 | P39: ='Supra A por pav'!J41+'Supra B por pav'!J41 -> 0 | Q39: ='Supra A por pav'!K41+'Supra B por pav'!K41 -> 0
A40: Embasamento | B40: Supraestrutura | C40: L6 - Garagem 5 | D40: TOTAL - L6 - GARAGEM 5 | F40: 50 | G40: =SUM(G35:G39) -> 451.293 | H40: =SUM(H35:H39) -> 57577.75 | I40: =SUM(I35:I39) -> 2899 | J40: =SUM(J35:J39) -> 808 | K40: =SUM(K35:K39) -> 1273 | L40: =SUM(L35:L39) -> 7075 | M40: =SUM(M35:M39) -> 4155.75 | N40: =SUM(N35:N39) -> 5471 | ... Q40: =SUM(Q35:Q39) -> 6647
A41: Embasamento | B41: Supraestrutura | C41: L7 - Lazer | D41: L7 - Lazer | E41: Vigas | F41: 50 | G41: ='Supra A por pav'!M43+'Supra B por pav'!M43 -> 118.53 | H41: ='Supra A por pav'!L43+'Supra B por pav'!L43 -> 15844 | I41: ='Supra A por pav'!C43+'Supra B por pav'!C43 -> 0 | J41: ='Supra A por pav'!D43+'Supra B por pav'!D43 -> 542 | K41: ='Supra A por pav'!E43+'Supra B por pav'!E43 -> 1360 | L41: ='Supra A por pav'!F43+'Supra B por pav'!F43 -> 3018 | M41: ='Supra A por pav'!G43+'Supra B por pav'!G43 -> 244 | N41: ='Supra A por pav'!H43+'Supra B por pav'!H43 -> 1559 | O41: ='Supra A por pav'!I43+'Supra B por pav'!I43 -> 4413 | P41: ='Supra A por pav'!J43+'Supra B por pav'!J43 -> 2843 | Q41: ='Supra A por pav'!K43+'Supra B por pav'!K43 -> 1865
E42: Pilares | G42: ='Supra A por pav'!M44+'Supra B por pav'!M44 -> 111.59 | H42: ='Supra A por pav'!L44+'Supra B por pav'!L44 -> 23135 | I42: ='Supra A por pav'!C44+'Supra B por pav'!C44 -> 0 | J42: ='Supra A por pav'!D44+'Supra B por pav'!D44 -> 504 | K42: ='Supra A por pav'!E44+'Supra B por pav'!E44 -> 873 | L42: ='Supra A por pav'!F44+'Supra B por pav'!F44 -> 2255 | M42: ='Supra A por pav'!G44+'Supra B por pav'!G44 -> 0 | N42: ='Supra A por pav'!H44+'Supra B por pav'!H44 -> 346 | O42: ='Supra A por pav'!I44+'Supra B por pav'!I44 -> 2657 | P42: ='Supra A por pav'!J44+'Supra B por pav'!J44 -> 10241 | Q42: ='Supra A por pav'!K44+'Supra B por pav'!K44 -> 6259
E43: Lajes | G43: ='Supra A por pav'!M45+'Supra B por pav'!M45 -> 292.8 | H43: ='Supra A por pav'!L45+'Supra B por pav'!L45 -> 27945 | I43: ='Supra A por pav'!C45+'Supra B por pav'!C45 -> 2790 | J43: ='Supra A por pav'!D45+'Supra B por pav'!D45 -> 0 | K43: ='Supra A por pav'!E45+'Supra B por pav'!E45 -> 46 | L43: ='Supra A por pav'!F45+'Supra B por pav'!F45 -> 4140 | M43: ='Supra A por pav'!G45+'Supra B por pav'!G45 -> 4496 | N43: ='Supra A por pav'!H45+'Supra B por pav'!H45 -> 5960 | O43: ='Supra A por pav'!I45+'Supra B por pav'!I45 -> 10513 | P43: ='Supra A por pav'!J45+'Supra B por pav'!J45 -> 0 | Q43: ='Supra A por pav'!K45+'Supra B por pav'!K45 -> 0
E44: Escadas | G44: ='Supra A por pav'!M46+'Supra B por pav'!M46 -> 3.954 | H44: ='Supra A por pav'!L46+'Supra B por pav'!L46 -> 356 | I44: ='Supra A por pav'!C46+'Supra B por pav'!C46 -> 0 | J44: ='Supra A por pav'!D46+'Supra B por pav'!D46 -> 1 | K44: ='Supra A por pav'!E46+'Supra B por pav'!E46 -> 0 | L44: ='Supra A por pav'!F46+'Supra B por pav'!F46 -> 16 | M44: ='Supra A por pav'!G46+'Supra B por pav'!G46 -> 249 | N44: ='Supra A por pav'!H46+'Supra B por pav'!H46 -> 82 | O44: ='Supra A por pav'!I46+'Supra B por pav'!I46 -> 8 | P44: ='Supra A por pav'!J46+'Supra B por pav'!J46 -> 0 | Q44: ='Supra A por pav'!K46+'Supra B por pav'!K46 -> 0
E45: Rampas | G45: ='Supra A por pav'!M47+'Supra B por pav'!M47 -> 0 | H45: ='Supra A por pav'!L47+'Supra B por pav'!L47 -> 0 | I45: ='Supra A por pav'!C47+'Supra B por pav'!C47 -> 0 | J45: ='Supra A por pav'!D47+'Supra B por pav'!D47 -> 0 | K45: ='Supra A por pav'!E47+'Supra B por pav'!E47 -> 0 | L45: ='Supra A por pav'!F47+'Supra B por pav'!F47 -> 0 | M45: ='Supra A por pav'!G47+'Supra B por pav'!G47 -> 0 | N45: ='Supra A por pav'!H47+'Supra B por pav'!H47 -> 0 | O45: ='Supra A por pav'!I47+'Supra B por pav'!I47 -> 0 | P45: ='Supra A por pav'!J47+'Supra B por pav'!J47 -> 0 | Q45: ='Supra A por pav'!K47+'Supra B por pav'!K47 -> 0
A46: Embasamento | B46: Supraestrutura | C46: L7 - Lazer | D46: TOTAL - L7 - LAZER | F46: 50 | G46: =SUM(G41:G45) -> 526.874 | H46: =SUM(H41:H45) -> 67280 | I46: =SUM(I41:I45) -> 2790 | J46: =SUM(J41:J45) -> 1047 | K46: =SUM(K41:K45) -> 2279 | L46: =SUM(L41:L45) -> 9429 | M46: =SUM(M41:M45) -> 4989 | N46: =SUM(N41:N45) -> 7947 | ... Q46: =SUM(Q41:Q45) -> 8124
A47: Torre A | B47: Supraestrutura | C47: L8 - Tipo 01 | D47: L8 - Tipo 01 | E47: Vigas | F47: 50 | G47: ='Supra A por pav'!M49 -> 30.7 | H47: ='Supra A por pav'!L49 -> 4302 | I47: ='Supra A por pav'!C49 -> 0 | J47: ='Supra A por pav'!D49 -> 169 | K47: ='Supra A por pav'!E49 -> 547 | L47: ='Supra A por pav'!F49 -> 152 | M47: ='Supra A por pav'!G49 -> 70 | N47: ='Supra A por pav'!H49 -> 495 | O47: ='Supra A por pav'!I49 -> 664 | P47: ='Supra A por pav'!J49 -> 1687 | Q47: ='Supra A por pav'!K49 -> 518
E48: Pilares | G48: ='Supra A por pav'!M50 -> 49.5 | H48: ='Supra A por pav'!L50 -> 8370 | I48: ='Supra A por pav'!C50 -> 0 | J48: ='Supra A por pav'!D50 -> 105 | K48: ='Supra A por pav'!E50 -> 878 | L48: ='Supra A por pav'!F50 -> 360 | M48: ='Supra A por pav'!G50 -> 0 | N48: ='Supra A por pav'!H50 -> 0 | O48: ='Supra A por pav'!I50 -> 2891 | P48: ='Supra A por pav'!J50 -> 2020 | Q48: ='Supra A por pav'!K50 -> 2116
E49: Lajes | G49: ='Supra A por pav'!M51 -> 93.5 | H49: ='Supra A por pav'!L51 -> 8897 | I49: ='Supra A por pav'!C51 -> 850 | J49: ='Supra A por pav'!D51 -> 0 | K49: ='Supra A por pav'!E51 -> 137 | L49: ='Supra A por pav'!F51 -> 1158 | M49: ='Supra A por pav'!G51 -> 1608 | N49: ='Supra A por pav'!H51 -> 2374 | O49: ='Supra A por pav'!I51 -> 2770 | P49: ='Supra A por pav'!J51 -> 0 | Q49: ='Supra A por pav'!K51 -> 0
E50: Escadas | G50: ='Supra A por pav'!M52 -> 2.3 | H50: ='Supra A por pav'!L52 -> 221 | I50: ='Supra A por pav'!C52 -> 0 | J50: ='Supra A por pav'!D52 -> 1 | K50: ='Supra A por pav'!E52 -> 0 | L50: ='Supra A por pav'!F52 -> 0 | M50: ='Supra A por pav'!G52 -> 209 | N50: ='Supra A por pav'!H52 -> 3 | O50: ='Supra A por pav'!I52 -> 8 | P50: ='Supra A por pav'!J52 -> 0 | Q50: ='Supra A por pav'!K52 -> 0
E51: Rampas | G51: ='Supra A por pav'!M53 -> 0 | H51: ='Supra A por pav'!L53 -> 0 | I51: ='Supra A por pav'!C53 -> 0 | J51: ='Supra A por pav'!D53 -> 0 | K51: ='Supra A por pav'!E53 -> 0 | L51: ='Supra A por pav'!F53 -> 0 | M51: ='Supra A por pav'!G53 -> 0 | N51: ='Supra A por pav'!H53 -> 0 | O51: ='Supra A por pav'!I53 -> 0 | P51: ='Supra A por pav'!J53 -> 0 | Q51: ='Supra A por pav'!K53 -> 0
A52: Torre A | B52: Supraestrutura | C52: L8 - Tipo 01 | D52: TOTAL - L8 - TIPO 01 | F52: 50 | G52: =SUM(G47:G51) -> 176 | H52: =SUM(H47:H51) -> 21790 | I52: =SUM(I47:I51) -> 850 | J52: =SUM(J47:J51) -> 275 | K52: =SUM(K47:K51) -> 1562 | L52: =SUM(L47:L51) -> 1670 | M52: =SUM(M47:M51) -> 1887 | N52: =SUM(N47:N51) -> 2872 | ... Q52: =SUM(Q47:Q51) -> 2634
A53: Torre A | B53: Supraestrutura | C53: L9 - Tipo 02 | D53: L9 - Tipo 02 | E53: Vigas | F53: 50 | G53: ='Supra A por pav'!M55 -> 32.3 | H53: ='Supra A por pav'!L55 -> 4882 | I53: ='Supra A por pav'!C55 -> 0 | J53: ='Supra A por pav'!D55 -> 152 | K53: ='Supra A por pav'!E55 -> 582 | L53: ='Supra A por pav'!F55 -> 266 | M53: ='Supra A por pav'!G55 -> 59 | N53: ='Supra A por pav'!H55 -> 476 | O53: ='Supra A por pav'!I55 -> 522 | P53: ='Supra A por pav'!J55 -> 1693 | Q53: ='Supra A por pav'!K55 -> 1132
E54: Pilares | G54: ='Supra A por pav'!M56 -> 41.9 | H54: ='Supra A por pav'!L56 -> 7067 | I54: ='Supra A por pav'!C56 -> 0 | J54: ='Supra A por pav'!D56 -> 112 | K54: ='Supra A por pav'!E56 -> 837 | L54: ='Supra A por pav'!F56 -> 212 | M54: ='Supra A por pav'!G56 -> 0 | N54: ='Supra A por pav'!H56 -> 0 | O54: ='Supra A por pav'!I56 -> 2570 | P54: ='Supra A por pav'!J56 -> 2072 | Q54: ='Supra A por pav'!K56 -> 1264
E55: Lajes | G55: ='Supra A por pav'!M57 -> 93.5 | H55: ='Supra A por pav'!L57 -> 8929 | I55: ='Supra A por pav'!C57 -> 850 | J55: ='Supra A por pav'!D57 -> 0 | K55: ='Supra A por pav'!E57 -> 137 | L55: ='Supra A por pav'!F57 -> 1158 | M55: ='Supra A por pav'!G57 -> 1608 | N55: ='Supra A por pav'!H57 -> 2374 | O55: ='Supra A por pav'!I57 -> 2802 | P55: ='Supra A por pav'!J57 -> 0 | Q55: ='Supra A por pav'!K57 -> 0
E56: Escadas | G56: ='Supra A por pav'!M58 -> 2.3 | H56: ='Supra A por pav'!L58 -> 209.5 | I56: ='Supra A por pav'!C58 -> 0 | J56: ='Supra A por pav'!D58 -> 0 | K56: ='Supra A por pav'!E58 -> 0 | L56: ='Supra A por pav'!F58 -> 0 | M56: ='Supra A por pav'!G58 -> 209.5 | N56: ='Supra A por pav'!H58 -> 0 | O56: ='Supra A por pav'!I58 -> 0 | P56: ='Supra A por pav'!J58 -> 0 | Q56: ='Supra A por pav'!K58 -> 0
E57: Rampas | G57: ='Supra A por pav'!M59 -> 0 | H57: ='Supra A por pav'!L59 -> 0 | I57: ='Supra A por pav'!C59 -> 0 | J57: ='Supra A por pav'!D59 -> 0 | K57: ='Supra A por pav'!E59 -> 0 | L57: ='Supra A por pav'!F59 -> 0 | M57: ='Supra A por pav'!G59 -> 0 | N57: ='Supra A por pav'!H59 -> 0 | O57: ='Supra A por pav'!I59 -> 0 | P57: ='Supra A por pav'!J59 -> 0 | Q57: ='Supra A por pav'!K59 -> 0
A58: Torre A | B58: Supraestrutura | C58: L9 - Tipo 02 | D58: TOTAL - L9 - TIPO 02 | F58: 50 | G58: =SUM(G53:G57) -> 170 | H58: =SUM(H53:H57) -> 21087.5 | I58: =SUM(I53:I57) -> 850 | J58: =SUM(J53:J57) -> 264 | K58: =SUM(K53:K57) -> 1556 | L58: =SUM(L53:L57) -> 1636 | M58: =SUM(M53:M57) -> 1876.5 | N58: =SUM(N53:N57) -> 2850 | ... Q58: =SUM(Q53:Q57) -> 2396
A59: Torre A | B59: Supraestrutura | C59: L10 - Tipo 03 | D59: L10 - Tipo 03 | E59: Vigas | F59: 50 | G59: ='Supra A por pav'!M61 -> 32.3 | H59: ='Supra A por pav'!L61 -> 4868 | I59: ='Supra A por pav'!C61 -> 0 | J59: ='Supra A por pav'!D61 -> 152 | K59: ='Supra A por pav'!E61 -> 577 | L59: ='Supra A por pav'!F61 -> 257 | M59: ='Supra A por pav'!G61 -> 60 | N59: ='Supra A por pav'!H61 -> 472 | O59: ='Supra A por pav'!I61 -> 518 | P59: ='Supra A por pav'!J61 -> 1694 | Q59: ='Supra A por pav'!K61 -> 1138
E60: Pilares | G60: ='Supra A por pav'!M62 -> 41.9 | H60: ='Supra A por pav'!L62 -> 6362 | I60: ='Supra A por pav'!C62 -> 0 | J60: ='Supra A por pav'!D62 -> 135 | K60: ='Supra A por pav'!E62 -> 846 | L60: ='Supra A por pav'!F62 -> 139 | M60: ='Supra A por pav'!G62 -> 0 | N60: ='Supra A por pav'!H62 -> 0 | O60: ='Supra A por pav'!I62 -> 2696 | P60: ='Supra A por pav'!J62 -> 1559 | Q60: ='Supra A por pav'!K62 -> 987
E61: Lajes | G61: ='Supra A por pav'!M63 -> 91.5 | H61: ='Supra A por pav'!L63 -> 8799 | I61: ='Supra A por pav'!C63 -> 828 | J61: ='Supra A por pav'!D63 -> 0 | K61: ='Supra A por pav'!E63 -> 118 | L61: ='Supra A por pav'!F63 -> 1122 | M61: ='Supra A por pav'!G63 -> 1601 | N61: ='Supra A por pav'!H63 -> 2369 | O61: ='Supra A por pav'!I63 -> 2761 | P61: ='Supra A por pav'!J63 -> 0 | Q61: ='Supra A por pav'!K63 -> 0
E62: Escadas | G62: ='Supra A por pav'!M64 -> 2.3 | H62: ='Supra A por pav'!L64 -> 209.5 | I62: ='Supra A por pav'!C64 -> 0 | J62: ='Supra A por pav'!D64 -> 0 | K62: ='Supra A por pav'!E64 -> 0 | L62: ='Supra A por pav'!F64 -> 0 | M62: ='Supra A por pav'!G64 -> 209.5 | N62: ='Supra A por pav'!H64 -> 0 | O62: ='Supra A por pav'!I64 -> 0 | P62: ='Supra A por pav'!J64 -> 0 | Q62: ='Supra A por pav'!K64 -> 0
E63: Rampas | G63: ='Supra A por pav'!M65 -> 0 | H63: ='Supra A por pav'!L65 -> 0 | I63: ='Supra A por pav'!C65 -> 0 | J63: ='Supra A por pav'!D65 -> 0 | K63: ='Supra A por pav'!E65 -> 0 | L63: ='Supra A por pav'!F65 -> 0 | M63: ='Supra A por pav'!G65 -> 0 | N63: ='Supra A por pav'!H65 -> 0 | O63: ='Supra A por pav'!I65 -> 0 | P63: ='Supra A por pav'!J65 -> 0 | Q63: ='Supra A por pav'!K65 -> 0
A64: Torre A | B64: Supraestrutura | C64: L10 - Tipo 03 | D64: TOTAL - L10 - TIPO 03 | F64: 50 | G64: =SUM(G59:G63) -> 168 | H64: =SUM(H59:H63) -> 20238.5 | I64: =SUM(I59:I63) -> 828 | J64: =SUM(J59:J63) -> 287 | K64: =SUM(K59:K63) -> 1541 | L64: =SUM(L59:L63) -> 1518 | M64: =SUM(M59:M63) -> 1870.5 | N64: =SUM(N59:N63) -> 2841 | ... Q64: =SUM(Q59:Q63) -> 2125
A65: Torre A | B65: Supraestrutura | C65: L11 - Tipo 04 | D65: L11 - Tipo 04 | E65: Vigas | F65: 50 | G65: ='Supra A por pav'!M67 -> 32.3 | H65: ='Supra A por pav'!L67 -> 4868 | I65: ='Supra A por pav'!C67 -> 0 | J65: ='Supra A por pav'!D67 -> 152 | K65: ='Supra A por pav'!E67 -> 577 | L65: ='Supra A por pav'!F67 -> 257 | M65: ='Supra A por pav'!G67 -> 60 | N65: ='Supra A por pav'!H67 -> 472 | O65: ='Supra A por pav'!I67 -> 518 | P65: ='Supra A por pav'!J67 -> 1694 | Q65: ='Supra A por pav'!K67 -> 1138
E66: Pilares | G66: ='Supra A por pav'!M68 -> 41.9 | H66: ='Supra A por pav'!L68 -> 6268 | I66: ='Supra A por pav'!C68 -> 0 | J66: ='Supra A por pav'!D68 -> 134 | K66: ='Supra A por pav'!E68 -> 846 | L66: ='Supra A por pav'!F68 -> 139 | M66: ='Supra A por pav'!G68 -> 0 | N66: ='Supra A por pav'!H68 -> 0 | O66: ='Supra A por pav'!I68 -> 2860 | P66: ='Supra A por pav'!J68 -> 1302 | Q66: ='Supra A por pav'!K68 -> 987
E67: Lajes | G67: ='Supra A por pav'!M69 -> 93.5 | H67: ='Supra A por pav'!L69 -> 8929 | I67: ='Supra A por pav'!C69 -> 850 | J67: ='Supra A por pav'!D69 -> 0 | K67: ='Supra A por pav'!E69 -> 137 | L67: ='Supra A por pav'!F69 -> 1158 | M67: ='Supra A por pav'!G69 -> 1608 | N67: ='Supra A por pav'!H69 -> 2374 | O67: ='Supra A por pav'!I69 -> 2802 | P67: ='Supra A por pav'!J69 -> 0 | Q67: ='Supra A por pav'!K69 -> 0
E68: Escadas | G68: ='Supra A por pav'!M70 -> 2.3 | H68: ='Supra A por pav'!L70 -> 209.5 | I68: ='Supra A por pav'!C70 -> 0 | J68: ='Supra A por pav'!D70 -> 0 | K68: ='Supra A por pav'!E70 -> 0 | L68: ='Supra A por pav'!F70 -> 0 | M68: ='Supra A por pav'!G70 -> 209.5 | N68: ='Supra A por pav'!H70 -> 0 | O68: ='Supra A por pav'!I70 -> 0 | P68: ='Supra A por pav'!J70 -> 0 | Q68: ='Supra A por pav'!K70 -> 0
E69: Rampas | G69: ='Supra A por pav'!M71 -> 0 | H69: ='Supra A por pav'!L71 -> 0 | I69: ='Supra A por pav'!C71 -> 0 | J69: ='Supra A por pav'!D71 -> 0 | K69: ='Supra A por pav'!E71 -> 0 | L69: ='Supra A por pav'!F71 -> 0 | M69: ='Supra A por pav'!G71 -> 0 | N69: ='Supra A por pav'!H71 -> 0 | O69: ='Supra A por pav'!I71 -> 0 | P69: ='Supra A por pav'!J71 -> 0 | Q69: ='Supra A por pav'!K71 -> 0
A70: Torre A | B70: Supraestrutura | C70: L11 - Tipo 04 | D70: TOTAL - L11 - TIPO 04 | F70: 50 | G70: =SUM(G65:G69) -> 170 | H70: =SUM(H65:H69) -> 20274.5 | I70: =SUM(I65:I69) -> 850 | J70: =SUM(J65:J69) -> 286 | K70: =SUM(K65:K69) -> 1560 | L70: =SUM(L65:L69) -> 1554 | M70: =SUM(M65:M69) -> 1877.5 | N70: =SUM(N65:N69) -> 2846 | ... Q70: =SUM(Q65:Q69) -> 2125
A71: Torre A | B71: Supraestrutura | C71: L12 - Tipo 05 | D71: L12 - Tipo 05 | E71: Vigas | F71: 50 | G71: ='Supra A por pav'!M73 -> 32.3 | H71: ='Supra A por pav'!L73 -> 4868 | I71: ='Supra A por pav'!C73 -> 0 | J71: ='Supra A por pav'!D73 -> 152 | K71: ='Supra A por pav'!E73 -> 577 | L71: ='Supra A por pav'!F73 -> 257 | M71: ='Supra A por pav'!G73 -> 60 | N71: ='Supra A por pav'!H73 -> 472 | O71: ='Supra A por pav'!I73 -> 518 | P71: ='Supra A por pav'!J73 -> 1694 | Q71: ='Supra A por pav'!K73 -> 1138
E72: Pilares | G72: ='Supra A por pav'!M74 -> 41.9 | H72: ='Supra A por pav'!L74 -> 5700 | I72: ='Supra A por pav'!C74 -> 0 | J72: ='Supra A por pav'!D74 -> 134 | K72: ='Supra A por pav'!E74 -> 891 | L72: ='Supra A por pav'!F74 -> 65 | M72: ='Supra A por pav'!G74 -> 0 | N72: ='Supra A por pav'!H74 -> 0 | O72: ='Supra A por pav'!I74 -> 3189 | P72: ='Supra A por pav'!J74 -> 1421 | Q72: ='Supra A por pav'!K74 -> 0
E73: Lajes | G73: ='Supra A por pav'!M75 -> 91.5 | H73: ='Supra A por pav'!L75 -> 8799 | I73: ='Supra A por pav'!C75 -> 828 | J73: ='Supra A por pav'!D75 -> 0 | K73: ='Supra A por pav'!E75 -> 118 | L73: ='Supra A por pav'!F75 -> 1122 | M73: ='Supra A por pav'!G75 -> 1601 | N73: ='Supra A por pav'!H75 -> 2369 | O73: ='Supra A por pav'!I75 -> 2761 | P73: ='Supra A por pav'!J75 -> 0 | Q73: ='Supra A por pav'!K75 -> 0
E74: Escadas | G74: ='Supra A por pav'!M76 -> 2.3 | H74: ='Supra A por pav'!L76 -> 209.5 | I74: ='Supra A por pav'!C76 -> 0 | J74: ='Supra A por pav'!D76 -> 0 | K74: ='Supra A por pav'!E76 -> 0 | L74: ='Supra A por pav'!F76 -> 0 | M74: ='Supra A por pav'!G76 -> 209.5 | N74: ='Supra A por pav'!H76 -> 0 | O74: ='Supra A por pav'!I76 -> 0 | P74: ='Supra A por pav'!J76 -> 0 | Q74: ='Supra A por pav'!K76 -> 0
E75: Rampas | G75: ='Supra A por pav'!M77 -> 0 | H75: ='Supra A por pav'!L77 -> 0 | I75: ='Supra A por pav'!C77 -> 0 | J75: ='Supra A por pav'!D77 -> 0 | K75: ='Supra A por pav'!E77 -> 0 | L75: ='Supra A por pav'!F77 -> 0 | M75: ='Supra A por pav'!G77 -> 0 | N75: ='Supra A por pav'!H77 -> 0 | O75: ='Supra A por pav'!I77 -> 0 | P75: ='Supra A por pav'!J77 -> 0 | Q75: ='Supra A por pav'!K77 -> 0
A76: Torre A | B76: Supraestrutura | C76: L12 - Tipo 05 | D76: TOTAL - L12 - TIPO 05 | F76: 50 | G76: =SUM(G71:G75) -> 168 | H76: =SUM(H71:H75) -> 19576.5 | I76: =SUM(I71:I75) -> 828 | J76: =SUM(J71:J75) -> 286 | K76: =SUM(K71:K75) -> 1586 | L76: =SUM(L71:L75) -> 1444 | M76: =SUM(M71:M75) -> 1870.5 | N76: =SUM(N71:N75) -> 2841 | ... Q76: =SUM(Q71:Q75) -> 1138
A77: Torre A | B77: Supraestrutura | C77: L13 - Tipo 06 | D77: L13 - Tipo 06 | E77: Vigas | F77: 50 | G77: ='Supra A por pav'!M79 -> 32.3 | H77: ='Supra A por pav'!L79 -> 4868 | I77: ='Supra A por pav'!C79 -> 0 | J77: ='Supra A por pav'!D79 -> 152 | K77: ='Supra A por pav'!E79 -> 577 | L77: ='Supra A por pav'!F79 -> 257 | M77: ='Supra A por pav'!G79 -> 60 | N77: ='Supra A por pav'!H79 -> 472 | O77: ='Supra A por pav'!I79 -> 518 | P77: ='Supra A por pav'!J79 -> 1694 | Q77: ='Supra A por pav'!K79 -> 1138
E78: Pilares | G78: ='Supra A por pav'!M80 -> 41.9 | H78: ='Supra A por pav'!L80 -> 5397 | I78: ='Supra A por pav'!C80 -> 0 | J78: ='Supra A por pav'!D80 -> 134 | K78: ='Supra A por pav'!E80 -> 888 | L78: ='Supra A por pav'!F80 -> 65 | M78: ='Supra A por pav'!G80 -> 0 | N78: ='Supra A por pav'!H80 -> 247 | O78: ='Supra A por pav'!I80 -> 3037 | P78: ='Supra A por pav'!J80 -> 1026 | Q78: ='Supra A por pav'!K80 -> 0
E79: Lajes | G79: ='Supra A por pav'!M81 -> 93.5 | H79: ='Supra A por pav'!L81 -> 8929 | I79: ='Supra A por pav'!C81 -> 850 | J79: ='Supra A por pav'!D81 -> 0 | K79: ='Supra A por pav'!E81 -> 137 | L79: ='Supra A por pav'!F81 -> 1158 | M79: ='Supra A por pav'!G81 -> 1608 | N79: ='Supra A por pav'!H81 -> 2374 | O79: ='Supra A por pav'!I81 -> 2802 | P79: ='Supra A por pav'!J81 -> 0 | Q79: ='Supra A por pav'!K81 -> 0
E80: Escadas | G80: ='Supra A por pav'!M82 -> 2.3 | H80: ='Supra A por pav'!L82 -> 209.5 | I80: ='Supra A por pav'!C82 -> 0 | J80: ='Supra A por pav'!D82 -> 0 | K80: ='Supra A por pav'!E82 -> 0 | L80: ='Supra A por pav'!F82 -> 0 | M80: ='Supra A por pav'!G82 -> 209.5 | N80: ='Supra A por pav'!H82 -> 0 | O80: ='Supra A por pav'!I82 -> 0 | P80: ='Supra A por pav'!J82 -> 0 | Q80: ='Supra A por pav'!K82 -> 0
E81: Rampas | G81: ='Supra A por pav'!M83 -> 0 | H81: ='Supra A por pav'!L83 -> 0 | I81: ='Supra A por pav'!C83 -> 0 | J81: ='Supra A por pav'!D83 -> 0 | K81: ='Supra A por pav'!E83 -> 0 | L81: ='Supra A por pav'!F83 -> 0 | M81: ='Supra A por pav'!G83 -> 0 | N81: ='Supra A por pav'!H83 -> 0 | O81: ='Supra A por pav'!I83 -> 0 | P81: ='Supra A por pav'!J83 -> 0 | Q81: ='Supra A por pav'!K83 -> 0
A82: Torre A | B82: Supraestrutura | C82: L13 - Tipo 06 | D82: TOTAL - L13 - TIPO 06 | F82: 50 | G82: =SUM(G77:G81) -> 170 | H82: =SUM(H77:H81) -> 19403.5 | I82: =SUM(I77:I81) -> 850 | J82: =SUM(J77:J81) -> 286 | K82: =SUM(K77:K81) -> 1602 | L82: =SUM(L77:L81) -> 1480 | M82: =SUM(M77:M81) -> 1877.5 | N82: =SUM(N77:N81) -> 3093 | ... Q82: =SUM(Q77:Q81) -> 1138
A83: Torre A | B83: Supraestrutura | C83: L14 - Tipo 07 | D83: L14 - Tipo 07 | E83: Vigas | F83: 50 | G83: ='Supra A por pav'!M85 -> 32.3 | H83: ='Supra A por pav'!L85 -> 4316 | I83: ='Supra A por pav'!C85 -> 0 | J83: ='Supra A por pav'!D85 -> 151 | K83: ='Supra A por pav'!E85 -> 588 | L83: ='Supra A por pav'!F85 -> 219 | M83: ='Supra A por pav'!G85 -> 56 | N83: ='Supra A por pav'!H85 -> 485 | O83: ='Supra A por pav'!I85 -> 480 | P83: ='Supra A por pav'!J85 -> 1681 | Q83: ='Supra A por pav'!K85 -> 656
E84: Pilares | G84: ='Supra A por pav'!M86 -> 41.9 | H84: ='Supra A por pav'!L86 -> 5097 | I84: ='Supra A por pav'!C86 -> 0 | J84: ='Supra A por pav'!D86 -> 134 | K84: ='Supra A por pav'!E86 -> 887 | L84: ='Supra A por pav'!F86 -> 57 | M84: ='Supra A por pav'!G86 -> 0 | N84: ='Supra A por pav'!H86 -> 393 | O84: ='Supra A por pav'!I86 -> 2797 | P84: ='Supra A por pav'!J86 -> 829 | Q84: ='Supra A por pav'!K86 -> 0
E85: Lajes | G85: ='Supra A por pav'!M87 -> 91.5 | H85: ='Supra A por pav'!L87 -> 8799 | I85: ='Supra A por pav'!C87 -> 828 | J85: ='Supra A por pav'!D87 -> 0 | K85: ='Supra A por pav'!E87 -> 118 | L85: ='Supra A por pav'!F87 -> 1122 | M85: ='Supra A por pav'!G87 -> 1601 | N85: ='Supra A por pav'!H87 -> 2369 | O85: ='Supra A por pav'!I87 -> 2761 | P85: ='Supra A por pav'!J87 -> 0 | Q85: ='Supra A por pav'!K87 -> 0
E86: Escadas | G86: ='Supra A por pav'!M88 -> 2.3 | H86: ='Supra A por pav'!L88 -> 209.5 | I86: ='Supra A por pav'!C88 -> 0 | J86: ='Supra A por pav'!D88 -> 0 | K86: ='Supra A por pav'!E88 -> 0 | L86: ='Supra A por pav'!F88 -> 0 | M86: ='Supra A por pav'!G88 -> 209.5 | N86: ='Supra A por pav'!H88 -> 0 | O86: ='Supra A por pav'!I88 -> 0 | P86: ='Supra A por pav'!J88 -> 0 | Q86: ='Supra A por pav'!K88 -> 0
E87: Rampas | G87: ='Supra A por pav'!M89 -> 0 | H87: ='Supra A por pav'!L89 -> 0 | I87: ='Supra A por pav'!C89 -> 0 | J87: ='Supra A por pav'!D89 -> 0 | K87: ='Supra A por pav'!E89 -> 0 | L87: ='Supra A por pav'!F89 -> 0 | M87: ='Supra A por pav'!G89 -> 0 | N87: ='Supra A por pav'!H89 -> 0 | O87: ='Supra A por pav'!I89 -> 0 | P87: ='Supra A por pav'!J89 -> 0 | Q87: ='Supra A por pav'!K89 -> 0
A88: Torre A | B88: Supraestrutura | C88: L14 - Tipo 07 | D88: TOTAL - L14 - TIPO 07 | F88: 50 | G88: =SUM(G83:G87) -> 168 | H88: =SUM(H83:H87) -> 18421.5 | I88: =SUM(I83:I87) -> 828 | J88: =SUM(J83:J87) -> 285 | K88: =SUM(K83:K87) -> 1593 | L88: =SUM(L83:L87) -> 1398 | M88: =SUM(M83:M87) -> 1866.5 | N88: =SUM(N83:N87) -> 3247 | ... Q88: =SUM(Q83:Q87) -> 656
A89: Torre A | B89: Supraestrutura | C89: L15 - Tipo 08 | D89: L15 - Tipo 08 | E89: Vigas | F89: 50 | G89: ='Supra A por pav'!M91 -> 32.3 | H89: ='Supra A por pav'!L91 -> 4316 | I89: ='Supra A por pav'!C91 -> 0 | J89: ='Supra A por pav'!D91 -> 151 | K89: ='Supra A por pav'!E91 -> 588 | L89: ='Supra A por pav'!F91 -> 219 | M89: ='Supra A por pav'!G91 -> 56 | N89: ='Supra A por pav'!H91 -> 485 | O89: ='Supra A por pav'!I91 -> 480 | P89: ='Supra A por pav'!J91 -> 1681 | Q89: ='Supra A por pav'!K91 -> 656
E90: Pilares | G90: ='Supra A por pav'!M92 -> 41.9 | H90: ='Supra A por pav'!L92 -> 5097 | I90: ='Supra A por pav'!C92 -> 0 | J90: ='Supra A por pav'!D92 -> 134 | K90: ='Supra A por pav'!E92 -> 887 | L90: ='Supra A por pav'!F92 -> 57 | M90: ='Supra A por pav'!G92 -> 0 | N90: ='Supra A por pav'!H92 -> 393 | O90: ='Supra A por pav'!I92 -> 2797 | P90: ='Supra A por pav'!J92 -> 829 | Q90: ='Supra A por pav'!K92 -> 0
E91: Lajes | G91: ='Supra A por pav'!M93 -> 93.5 | H91: ='Supra A por pav'!L93 -> 8929 | I91: ='Supra A por pav'!C93 -> 850 | J91: ='Supra A por pav'!D93 -> 0 | K91: ='Supra A por pav'!E93 -> 137 | L91: ='Supra A por pav'!F93 -> 1158 | M91: ='Supra A por pav'!G93 -> 1608 | N91: ='Supra A por pav'!H93 -> 2374 | O91: ='Supra A por pav'!I93 -> 2802 | P91: ='Supra A por pav'!J93 -> 0 | Q91: ='Supra A por pav'!K93 -> 0
E92: Escadas | G92: ='Supra A por pav'!M94 -> 2.3 | H92: ='Supra A por pav'!L94 -> 209.5 | I92: ='Supra A por pav'!C94 -> 0 | J92: ='Supra A por pav'!D94 -> 0 | K92: ='Supra A por pav'!E94 -> 0 | L92: ='Supra A por pav'!F94 -> 0 | M92: ='Supra A por pav'!G94 -> 209.5 | N92: ='Supra A por pav'!H94 -> 0 | O92: ='Supra A por pav'!I94 -> 0 | P92: ='Supra A por pav'!J94 -> 0 | Q92: ='Supra A por pav'!K94 -> 0
E93: Rampas | G93: ='Supra A por pav'!M95 -> 0 | H93: ='Supra A por pav'!L95 -> 0 | I93: ='Supra A por pav'!C95 -> 0 | J93: ='Supra A por pav'!D95 -> 0 | K93: ='Supra A por pav'!E95 -> 0 | L93: ='Supra A por pav'!F95 -> 0 | M93: ='Supra A por pav'!G95 -> 0 | N93: ='Supra A por pav'!H95 -> 0 | O93: ='Supra A por pav'!I95 -> 0 | P93: ='Supra A por pav'!J95 -> 0 | Q93: ='Supra A por pav'!K95 -> 0
A94: Torre A | B94: Supraestrutura | C94: L15 - Tipo 08 | D94: TOTAL - L15 - TIPO 08 | F94: 50 | G94: =SUM(G89:G93) -> 170 | H94: =SUM(H89:H93) -> 18551.5 | I94: =SUM(I89:I93) -> 850 | J94: =SUM(J89:J93) -> 285 | K94: =SUM(K89:K93) -> 1612 | L94: =SUM(L89:L93) -> 1434 | M94: =SUM(M89:M93) -> 1873.5 | N94: =SUM(N89:N93) -> 3252 | ... Q94: =SUM(Q89:Q93) -> 656
A95: Torre A | B95: Supraestrutura | C95: L16 - Tipo 09 | D95: L16 - Tipo 09 | E95: Vigas | F95: 50 | G95: ='Supra A por pav'!M97 -> 32.3 | H95: ='Supra A por pav'!L97 -> 4316 | I95: ='Supra A por pav'!C97 -> 0 | J95: ='Supra A por pav'!D97 -> 151 | K95: ='Supra A por pav'!E97 -> 588 | L95: ='Supra A por pav'!F97 -> 219 | M95: ='Supra A por pav'!G97 -> 56 | N95: ='Supra A por pav'!H97 -> 485 | O95: ='Supra A por pav'!I97 -> 480 | P95: ='Supra A por pav'!J97 -> 1681 | Q95: ='Supra A por pav'!K97 -> 656
E96: Pilares | G96: ='Supra A por pav'!M98 -> 41.9 | H96: ='Supra A por pav'!L98 -> 5097 | I96: ='Supra A por pav'!C98 -> 0 | J96: ='Supra A por pav'!D98 -> 134 | K96: ='Supra A por pav'!E98 -> 887 | L96: ='Supra A por pav'!F98 -> 57 | M96: ='Supra A por pav'!G98 -> 0 | N96: ='Supra A por pav'!H98 -> 393 | O96: ='Supra A por pav'!I98 -> 2797 | P96: ='Supra A por pav'!J98 -> 829 | Q96: ='Supra A por pav'!K98 -> 0
E97: Lajes | G97: ='Supra A por pav'!M99 -> 91.5 | H97: ='Supra A por pav'!L99 -> 8799 | I97: ='Supra A por pav'!C99 -> 828 | J97: ='Supra A por pav'!D99 -> 0 | K97: ='Supra A por pav'!E99 -> 118 | L97: ='Supra A por pav'!F99 -> 1122 | M97: ='Supra A por pav'!G99 -> 1601 | N97: ='Supra A por pav'!H99 -> 2369 | O97: ='Supra A por pav'!I99 -> 2761 | P97: ='Supra A por pav'!J99 -> 0 | Q97: ='Supra A por pav'!K99 -> 0
E98: Escadas | G98: ='Supra A por pav'!M100 -> 2.3 | H98: ='Supra A por pav'!L100 -> 209.5 | I98: ='Supra A por pav'!C100 -> 0 | J98: ='Supra A por pav'!D100 -> 0 | K98: ='Supra A por pav'!E100 -> 0 | L98: ='Supra A por pav'!F100 -> 0 | M98: ='Supra A por pav'!G100 -> 209.5 | N98: ='Supra A por pav'!H100 -> 0 | O98: ='Supra A por pav'!I100 -> 0 | P98: ='Supra A por pav'!J100 -> 0 | Q98: ='Supra A por pav'!K100 -> 0
E99: Rampas | G99: ='Supra A por pav'!M101 -> 0 | H99: ='Supra A por pav'!L101 -> 0 | I99: ='Supra A por pav'!C101 -> 0 | J99: ='Supra A por pav'!D101 -> 0 | K99: ='Supra A por pav'!E101 -> 0 | L99: ='Supra A por pav'!F101 -> 0 | M99: ='Supra A por pav'!G101 -> 0 | N99: ='Supra A por pav'!H101 -> 0 | O99: ='Supra A por pav'!I101 -> 0 | P99: ='Supra A por pav'!J101 -> 0 | Q99: ='Supra A por pav'!K101 -> 0
A100: Torre A | B100: Supraestrutura | C100: L16 - Tipo 09 | D100: TOTAL - L16 - TIPO 09 | F100: 50 | G100: =SUM(G95:G99) -> 168 | H100: =SUM(H95:H99) -> 18421.5 | I100: =SUM(I95:I99) -> 828 | J100: =SUM(J95:J99) -> 285 | K100: =SUM(K95:K99) -> 1593 | L100: =SUM(L95:L99) -> 1398 | M100: =SUM(M95:M99) -> 1866.5 | N100: =SUM(N95:N99) -> 3247 | ... Q100: =SUM(Q95:Q99) -> 656
...

Sheet Aço por Bitola
A1: Aço CA-50 por bitola — sem sobreconsumo
A3: Bloco | B3: Item | C3: øQ92 | D3: ø5 | E3: ø6.3 | F3: ø8 | G3: ø10 | H3: ø12.5 | I3: ø16 | J3: ø20 | K3: ø25 | L3: Total (kg)
A4: A | B4: Estacas Hélice Contínua | C4: 0 | D4: 0 | E4: 3002 | F4: 0 | G4: 0 | H4: 0 | I4: 20183 | J4: 0 | K4: 0 | L4: 23185
A5: A | B5: Fundação (resumo) | C5: 0 | D5: 0 | E5: 3002 | F5: 0 | G5: 0 | H5: 0 | I5: 20183 | J5: 0 | K5: 0 | L5: 23185
A6: A | B6: Estrutura (supra) | C6: 28484 | D6: 10022 | E6: 46462 | F6: 60707 | G6: 63360 | H6: 117498 | I6: 201239.27 | J6: 102629 | K6: 98243 | L6: 728644.27
A7: B | B7: Estacas Hélice Contínua | C7: 0 | D7: 0 | E7: 3173 | F7: 0 | G7: 0 | H7: 0 | I7: 21273 | J7: 0 | K7: 0 | L7: 24446
A8: B | B8: Fundação (resumo) | C8: 0 | D8: 0 | E8: 3173 | F8: 0 | G8: 0 | H8: 0 | I8: 21273 | J8: 0 | K8: 0 | L8: 24446
A9: B | B9: Estrutura (supra) | C9: 34226 | D9: 11152 | E9: 43191 | F9: 88176 | G9: 80726.909 | H9: 140980.2 | I9: 251239.45 | J9: 100801 | K9: 123332 | L9: 873824.56

Sheet Fund. Rasa detalhe
A1: Fundação Rasa — detalhe por bloco
A3: Bloco | B3: Item | C3: Fôrma (m²) | D3: Volume (m³) | E3: Aço (kg) | F3: Fonte
A4: A | B4: Lajes maciças (fundação/topo arquivo) | C4: 0 | D4: 1021.75 | E4: 112136 | F4: QUANT-A r3
A5: A | B5: L1 Térreo - Blocos (CR) | C5: - | D5: 1021.75 | E5: 114902 | F5: CR-A L1 Blocos
A6: B | B6: Zapatas isoladas | C6: 1.44 | D6: 0.216 | E6: 15 | F6: QUANT-B r3
A7: B | B7: Blocos de coroamento | C7: 746.31 | D7: 750.967 | E7: 66021 | F7: QUANT-B r4
A8: B | B8: L1 Térreo - Blocos (CR) | C8: - | D8: 1044.61 | E8: 102684 | F8: CR-B L1 Blocos
