Workbook

Sheet Orçamento Resumo
A1: Etapa | B1: Valor Orçado | C1: % | D1: Valor / m² | E1: Valor / AP
A2: GERENCIAMENTO TÉCNICO E ADMINISTRATIVO | B2: 3612384.8 | C2: =+B2/$B$20 -> 0.099699666 | D2: =+B2/$H$5 -> 278.86681 | E2: =+B2/$H$6 -> 36488.736
A3: MOVIMENTAÇÃO DE TERRA | B3: 815619.6 | C3: =+B3/$B$20 -> 0.022510614 | D3: =+B3/$H$5 -> 62.963733 | E3: =+B3/$H$6 -> 8238.5818
A4: CONTENÇÃO | B4: 1146835.4 | C4: =+B4/$B$20 -> 0.031651972 | D4: =+B4/$H$5 -> 88.532737 | E4: =+B4/$H$6 -> 11584.196
A5: INFRAESTRUTURA | B5: 2788714.5 | C5: =+B5/$B$20 -> 0.076966857 | D5: =+B5/$H$5 -> 215.28158 | E5: =+B5/$H$6 -> 28168.834 | H5: 12953.8
A6: SUPRAESTRUTURA | B6: 6817964.3 | C6: =+B6/$B$20 -> 0.18817175 | D6: =+B6/$H$5 -> 526.32929 | E6: =+B6/$H$6 -> 68868.326 | H6: 99
A7: ALVENARIA | B7: 1582159.5 | C7: =+B7/$B$20 -> 0.043666659 | D7: =+B7/$H$5 -> 122.13864 | E7: =+B7/$H$6 -> 15981.409
A8: INSTALAÇÕES ELÉTRICAS, HIDROSSANITÁRIAS, PREVENTIVAS E GLP | B8: 4764861.3 | C8: =+B8/$B$20 -> 0.13150733 | D8: =+B8/$H$5 -> 367.83502 | E8: =+B8/$H$6 -> 48129.912
A9: SISTEMAS ESPECIAIS E EQUIPAMENTOS | B9: 2037832.7 | C9: =+B9/$B$20 -> 0.056242967 | D9: =+B9/$H$5 -> 157.31544 | E9: =+B9/$H$6 -> 20584.169
A10: IMPERMEABILIZAÇÃO | B10: 752661.24 | C10: =+B10/$B$20 -> 0.020773001 | D10: =+B10/$H$5 -> 58.103509 | E10: =+B10/$H$6 -> 7602.6388
A11: REVESTIMENTOS INTERNOS EM PISO E PAREDE | B11: 2000864.8 | C11: =+B11/$B$20 -> 0.055222675 | D11: =+B11/$H$5 -> 154.46161 | E11: =+B11/$H$6 -> 20210.756
A12: REVESTIMENTOS E ACABAMENTOS INTERNOS EM TETO | B12: 391777.76 | C12: =+B12/$B$20 -> 0.010812832 | D12: =+B12/$H$5 -> 30.244234 | E12: =+B12/$H$6 -> 3957.3511
A13: ACABAMENTOS EM PISO E PAREDE | B13: 1734922.2 | C13: =+B13/$B$20 -> 0.047882819 | D13: =+B13/$H$5 -> 133.93153 | E13: =+B13/$H$6 -> 17524.467
A14: PINTURA INTERNA | B14: 751783.69 | C14: =+B14/$B$20 -> 0.020748781 | D14: =+B14/$H$5 -> 58.035765 | E14: =+B14/$H$6 -> 7593.7746
A15: ESQUADRIAS | B15: 3098066.8 | C15: =+B15/$B$20 -> 0.085504796 | D15: =+B15/$H$5 -> 239.16278 | E15: =+B15/$H$6 -> 31293.604
A16: REVESTIMENTOS E ACABAMENTOS DE FACHADA | B16: 844341.39 | C16: =+B16/$B$20 -> 0.023303319 | D16: =+B16/$H$5 -> 65.180981 | E16: =+B16/$H$6 -> 8528.7009
A17: COBERTURA | B17: 30656.67 | C17: =+B17/$B$20 -> 0.0008461058 | D17: =+B17/$H$5 -> 2.366616 | E17: =+B17/$H$6 -> 309.66333
A18: SERVIÇOS COMPLEMENTARES | B18: 2510901.7 | C18: =+B18/$B$20 -> 0.069299388 | D18: =+B18/$H$5 -> 193.83514 | E18: =+B18/$H$6 -> 25362.643
A19: IMPREVISTOS E CONTINGÊNCIAS | B19: 550318.82 | C19: =+B19/$B$20 -> 0.015188471 | D19: =+B19/$H$5 -> 42.483195 | E19: =+B19/$H$6 -> 5558.7759
A20: TOTAL | B20: =SUM(B2:B19) -> 36232667 | C20: =SUM(C2:C19) -> 1 | D20: =SUM(D2:D19) -> 2797.0686 | E20: =SUM(E2:E19) -> 365986.54
A21: CUB/SC | B21: 2461.35 | C21: 44652 | D21: =+D20/B21 -> 1.1363961 | E21: CUB

Sheet Orçamento_Paramétrico
A1: Etapa | B1: Valor Orçado | C1: Indexado | D1: % | E1: Valor / m² | F1: Valor / unidade
A2: GERENCIAMENTO TÉCNICO E ADMINISTRATIVO | B2: =+'[1]TEC E ADM'!$D$56 -> 3391904.9 | C2: =B2*$M$9 -> 3506295.6 | D2: =+B2/$B$22 -> 0.092400465 | E2: =+C2/$J$5 -> 270.67699 | F2: =+B2/99 -> 34261.665
A3: MOVIMENTAÇÃO DE TERRA | B3: =+[1]Resumo!$D$18 -> 638002.27 | C3: =B3*$M$9 -> 659518.65 | D3: =+B3/$B$22 -> 0.017380118 | E3: =+C3/$J$5 -> 50.913141 | F3: =+B3/99 -> 6444.4674
A4: CONTENÇÕES | B4: =+[1]Resumo!$D$25 -> 861568.68 | C4: =B4*$M$9 -> 890624.75 | D4: =+B4/$B$22 -> 0.023470395 | E4: =+C4/$J$5 -> 68.753937 | F4: =+B4/99 -> 8702.7139
A5: INFRAESTRUTURA | B5: =+[1]Resumo!$D$33 -> 3055571.5 | C5: =B5*$M$9 -> 3158619.4 | D5: =+B5/$B$22 -> 0.083238249 | E5: =+C5/$J$5 -> 243.83729 | F5: =+B5/99 -> 30864.358 | J5: 12953.8
A6: SUPRAESTRUTURA | B6: =+[1]Resumo!$D$40 -> 7681349 | C6: =B6*$M$9 -> 7940399.5 | D6: =+B6/$B$22 -> 0.20925121 | E6: =+C6/$J$5 -> 612.97839 | F6: =+B6/99 -> 77589.383
A7: ALVENARIA | B7: =+[1]Resumo!$D$47 -> 1939697.6 | C7: =B7*$M$9 -> 2005113.1 | D7: =+B7/$B$22 -> 0.052840208 | E7: =+C7/$J$5 -> 154.78957 | F7: =+B7/99 -> 19592.905 | K7: 2381.05
A8: INSTALAÇÕES ELÉTRICAS | B8: =+[1]Resumo!$D$53 -> 2354992.5 | C8: =B8*$M$9 -> 2434413.7 | D8: =+B8/$B$22 -> 0.06415345 | E8: =+C8/$J$5 -> 187.93047 | F8: =+B8/99 -> 23787.803 | H8: =E8+E9+E10 -> 358.49503
A9: INSTALAÇÕES HIDROSSANITÁRIAS | B9: =+[1]Resumo!$D$54 -> 1781147.5 | C9: =B9*$M$9 -> 1841216 | D9: =+B9/$B$22 -> 0.048521071 | E9: =+C9/$J$5 -> 142.13713 | F9: =+B9/99 -> 17991.389 | K9: 2461.35 | M9: =K9/K7 -> 1.0337246
A10: INSTALAÇÕES PREVENTIVAS E GLP | B10: =+[1]Resumo!$D$55 -> 356229.5 | C10: =B10*$M$9 -> 368243.2 | D10: =+B10/$B$22 -> 0.0097042141 | E10: =+C10/$J$5 -> 28.427427 | F10: =+B10/99 -> 3598.2778
A11: SISTEMAS ESPECIAIS E EQUIPAMENTOS | B11: =+[1]Resumo!$D$66 -> 1665304 | C11: =B11*$M$9 -> 1721465.7 | D11: =+B11/$B$22 -> 0.045365324 | E11: =+C11/$J$5 -> 132.89272 | F11: =+B11/99 -> 16821.253
A12: IMPERMEABILIZAÇÃO | B12: =+[1]Resumo!$D$73 -> 1166242.6 | C12: =B12*$M$9 -> 1205573.6 | D12: =+B12/$B$22 -> 0.031770158 | E12: =+C12/$J$5 -> 93.06718 | F12: =+B12/99 -> 11780.228
A13: REVESTIMENTOS INTERNOS EM PISO E PAREDE | B13: =+[1]Resumo!$D$79 -> 2199555.2 | C13: =B13*$M$9 -> 2273734.4 | D13: =+B13/$B$22 -> 0.059919111 | E13: =+C13/$J$5 -> 175.52644 | F13: =+B13/99 -> 22217.73
A14: REVESTIMENTOS E ACABAMENTOS INTERNOS EM TETO | B14: =+[1]Resumo!$D$87 -> 1172520.8 | C14: =B14*$M$9 -> 1212063.6 | D14: =+B14/$B$22 -> 0.031941187 | E14: =+C14/$J$5 -> 93.568189 | F14: =+B14/99 -> 11843.644
A15: ACABAMENTOS EM PISO E PAREDE | B15: =+[1]Resumo!$D$93 -> 1943070 | C15: =B15*$M$9 -> 2008599.3 | D15: =+B15/$B$22 -> 0.052932077 | E15: =+C15/$J$5 -> 155.05869 | F15: =+B15/99 -> 19626.97
A16: PINTURA INTERNA | B16: =+[1]Resumo!$D$100 -> 1036304 | C16: =B16*$M$9 -> 1071253 | D16: =+B16/$B$22 -> 0.028230441 | E16: =+C16/$J$5 -> 82.697969 | F16: =+B16/99 -> 10467.717 | I16: =SUM(E2:E21) -> 2929.3899 | J16: =I16/I17 -> 1.1901558
A17: ESQUADRIAS | B17: =+[1]Resumo!$D$108 -> 2737611.6 | C17: =B17*$M$9 -> 2829936.5 | D17: =+B17/$B$22 -> 0.074576556 | E17: =+C17/$J$5 -> 218.46381 | F17: =+B17/99 -> 27652.642 | I17: 2461.35
A18: REVESTIMENTOS E ACABAMENTOS DE FACHADA | B18: =+[1]Resumo!$D$117 -> 1027977.2 | C18: =B18*$M$9 -> 1062645.4 | D18: =+B18/$B$22 -> 0.028003608 | E18: =+C18/$J$5 -> 82.033487 | F18: =+B18/99 -> 10383.609
A19: COBERTURA | B19: =+[1]Resumo!$D$124 -> 47250 | C19: =B19*$M$9 -> 48843.488 | D19: =+B19/$B$22 -> 0.0012871593 | E19: =+C19/$J$5 -> 3.7705915 | F19: =+B19/99 -> 477.27273
A20: SERVIÇOS COMPLEMENTARES | B20: =+[1]Resumo!$D$132 -> 1109950.2 | C20: =B20*$M$9 -> 1147382.8 | D20: =+B20/$B$22 -> 0.030236672 | E20: =+C20/$J$5 -> 88.575001 | F20: =+B20/99 -> 11211.618
A21: IMPREVISTOS E CONTINGÊNCIAS | B21: =SUM(B2:B20)*0.015 -> 542493.73 | C21: =B21*$M$9 -> 560789.13 | D21: 0.015 | E21: =+C21/$J$5 -> 43.291476 | F21: =+B21/99 -> 5479.7347
A22: TOTAL | B22: =SUM(B2:B21) -> 36708743 | D22: 1 | E22: =+C22/$J$5 -> 0 | F22: =SUM(F2:F21) -> 370795.38
A23: CUB/SC | B23: 2357.91 | D23: 44440 | E23: =+C23/$J$5 -> 0 | F23: CUB

Sheet Planilha1
A1: Etapa | B1: ORÇAMENTO PRELIMINAR R00 Valor / m² | C1: ORÇAMENTO PRELIMINAR REVISADO R01 Valor / m² | D1: ORÇAMENTO PARAMÉTRICO Valor / m² | E1: OBRA SIMILAR Valor / m²
A2: MOVIMENTAÇÃO DE TERRA | B2: ='Orçamento Resumo'!D3 -> 62.963733 | C2: ='Orçamento Resumo'!D3 -> 62.963733 | D2: =Orçamento_Paramétrico!E3 -> 50.913141 | E2: 40,00 - 50,00 | F2: 6.5 | G2: 10.5
A3: CONTENÇÃO | B3: 98.77 | C3: ='Orçamento Resumo'!D4 -> 88.532737 | D3: =Orçamento_Paramétrico!E4 -> 68.753937 | E3: 70,00 - 130,00
A4: INFRAESTRUTURA | B4: 285.16 | C4: ='Orçamento Resumo'!D5 -> 215.28158 | D4: =Orçamento_Paramétrico!E5 -> 243.83729 | E4: 180,00 - 240,00 | F4: 140 | G4: 210
A5: SUPRAESTRUTURA | B5: 549.6 | C5: ='Orçamento Resumo'!D6 -> 526.32929 | D5: =Orçamento_Paramétrico!E6 -> 612.97839 | E5: 520,00 - 580,00 | F5: 500 | G5: 580
A6: ALVENARIA | B6: 143.88 | C6: ='Orçamento Resumo'!D7 -> 122.13864 | D6: =Orçamento_Paramétrico!E7 -> 154.78957 | E6: 110,00 -150,00 | F6: 100 | G6: 130
A7: INSTALAÇÕES ELÉTRICAS, HIDROSSANITÁRIAS, PREVENTIVAS E GLP | B7: 341.84 | C7: ='Orçamento Resumo'!D8 -> 367.83502 | D7: =Orçamento_Paramétrico!E8+Orçamento_Paramétrico!E9+Orçamento_Paramétrico!E10 -> 358.49503 | E7: 270,00 - 330,00 | F7: 250 | G7: 300
A8: SISTEMAS ESPECIAIS E EQUIPAMENTOS | B8: 189.3 | C8: ='Orçamento Resumo'!D9 -> 157.31544 | D8: =Orçamento_Paramétrico!E11 -> 132.89272 | E8: 100,00 - 180,00 | F8: 200 | G8: 250
A9: IMPERMEABILIZAÇÃO | B9: ='Orçamento Resumo'!D10 -> 58.103509 | C9: ='Orçamento Resumo'!D10 -> 58.103509 | D9: =Orçamento_Paramétrico!E12 -> 93.06718 | E9: 70,00 - 90,00 | F9: 40 | G9: 55
A10: REVESTIMENTOS INTERNOS EM PISO E PAREDE | B10: ='Orçamento Resumo'!D11 -> 154.46161 | C10: ='Orçamento Resumo'!D11 -> 154.46161 | D10: =Orçamento_Paramétrico!E13 -> 175.52644 | E10: 140,00 - 160,00 | F10: 160 | G10: 200
A11: REVESTIMENTOS E ACABAMENTOS INTERNOS EM TETO | B11: 32.08 | C11: ='Orçamento Resumo'!D12 -> 30.244234 | D11: =Orçamento_Paramétrico!E14 -> 93.568189 | E11: 60,00 - 80,00 | F11: 75 | G11: 85
A12: ACABAMENTOS EM PISO E PAREDE | B12: 175.31 | C12: ='Orçamento Resumo'!D13 -> 133.93153 | D12: =Orçamento_Paramétrico!E15 -> 155.05869 | E12: 150,00 - 160,00 | F12: 140 | G12: 160
A13: PINTURA INTERNA | B13: ='Orçamento Resumo'!D14 -> 58.035765 | C13: ='Orçamento Resumo'!D14 -> 58.035765 | D13: =Orçamento_Paramétrico!E16 -> 82.697969 | E13: 90,00 - 110,00 | F13: 100 | G13: 120
A14: ESQUADRIAS | B14: 235.75 | C14: ='Orçamento Resumo'!D15 -> 239.16278 | D14: =Orçamento_Paramétrico!E17 -> 218.46381 | E14: 175,00 - 220,00 | F14: 280 | G14: 330
A15: REVESTIMENTOS E ACABAMENTOS DE FACHADA | B15: 65.18 | C15: ='Orçamento Resumo'!D16 -> 65.180981 | D15: =Orçamento_Paramétrico!E18 -> 82.033487 | E15: 85,00 - 120,00 | F15: 90 | G15: 130
A16: COBERTURA | B16: 2.5 | C16: ='Orçamento Resumo'!D17 -> 2.366616 | D16: =Orçamento_Paramétrico!E19 -> 3.7705915 | E16: 4,50 - 6,50 | F16: 10 | G16: 20
A17: SERVIÇOS COMPLEMENTARES | B17: 136.45 | C17: ='Orçamento Resumo'!D18 -> 193.83514 | D17: 127.56 | E17: 130,00 - 160,00 | F17: 180 | G17: 210
A18: TOTAL | B18: =SUM(B2:B17) -> 2589.3846 | C18: =SUM(C2:C17) -> 2475.7186 | D18: =SUM(D2:D17) -> 2654.4064 | E18: 2.270,00 - 2.790,50 | F18: =SUM(F2:F17) -> 2271.5 | G18: =SUM(G2:G17) -> 2790.5
A19: SERVIÇOS COMPLEMENTARES | D19: 85.685297
A20: SERVIÇOS COMPLEMENTARES | D20: 85.685297
D21: 41.879119
