Workbook

Sheet EAP
A1: Item | B1: CASAS E ÁREAS COMUNS
A2: 01 | B2: MOVIMENTAÇÃO DE TERRA
A3: 02 | B3: INFRAESTRUTURA
A4: 03 | B4: CONTENÇÃO
A5: 04 | B5: SUPRAESTRUTURA
A6: 05 | B6: ALVENARIAS E VEDAÇÕES
A7: 06 | B7: IMPERMEABILIZAÇÃO E TRATAMENTOS
A8: 07 | B8: SISTEMAS E INSTALAÇÕES ELÉTRICAS
A9: 08 | B9: SISTEMAS E INSTALAÇÕES HIDROSSANITÁRIAS E DRENAGEM
A10: 09 | B10: INSTALAÇÕES DE GÁS
A11: 10 | B11: INSTALAÇÕES DE COMUNICAÇÕES
A12: 11 | B12: EQUIPAMENTOS E SISTEMAS ESPECIAIS
... A31: 01.08 | B31: SERVIÇOS COMPLEMENTARES E FINAIS

Sheet ORÇAMENTO_EXECUTIVO
A1: ETAPA | B1: VALOR ORÇADO | C1: % | D1: VALOR / m²
A2: GERENCIAMENTO TÉCNICO E ADMINISTRATIVO | B2: ='[2]EAP Análise'!$B2 -> 243899.47 | C2: =B2/B$27 -> 0.15212846 | D2: =B2/ORÇAMENTO_EXECUTIVO!G$2 -> 740.0536 | F2: ÁREA CONSTRUÍDA | G2: 329.57 | H2: m²
A3: MOVIMENTAÇÃO DE TERRA | B3: ='[2]EAP Análise'!$B3 -> 10084.168 | C3: =B3/B$27 -> 0.0062898411 | D3: =B3/ORÇAMENTO_EXECUTIVO!G$2 -> 30.597954
A4: INFRAESTRUTURA | B4: ='[2]EAP Análise'!$B4 -> 102925.63 | C4: =B4/B$27 -> 0.064198244 | D4: =B4/ORÇAMENTO_EXECUTIVO!G$2 -> 312.30279
A5: SUPRAESTRUTURA | B5: ='[2]EAP Análise'!$B5 -> 190194.42 | C5: =B5/B$27 -> 0.11863078 | D5: =B5/ORÇAMENTO_EXECUTIVO!G$2 -> 577.09871
A6: ALVENARIA | B6: ='[2]EAP Análise'!$B6 -> 60429.042 | C6: =B6/B$27 -> 0.037691665 | D6: =B6/ORÇAMENTO_EXECUTIVO!G$2 -> 183.35723
A7: INSTALAÇÕES ELÉTRICAS, HIDRÁULICAS, GLP E PREVENTIVAS | B7: ='[2]EAP Análise'!$B7 -> 127201.76 | C7: =B7/B$27 -> 0.079340098 | D7: =B7/ORÇAMENTO_EXECUTIVO!G$2 -> 385.9628
A8: CLIMATIZAÇÃO, EXAUSTÃO MECÂNICA E PRESSURIZAÇÃO | B8: ='[2]EAP Análise'!$B8 -> 11221.223 | C8: =B8/B$27 -> 0.0069990614 | D8: =B8/ORÇAMENTO_EXECUTIVO!G$2 -> 34.048072
A9: EQUIPAMENTOS E SISTEMAS ESPECIAIS | B9: ='[2]EAP Análise'!$B9 -> 0 | C9: =B9/B$27 -> 0 | D9: =B9/ORÇAMENTO_EXECUTIVO!G$2 -> 0
A10: INSTALAÇÕES ESPECIAIS | B10: ='[2]EAP Análise'!$B10 -> 10955.698 | C10: =B10/B$27 -> 0.0068334444 | D10: =B10/ORÇAMENTO_EXECUTIVO!G$2 -> 33.242401
A11: REVESTIMENTOS ARGAMASSADOS PISO | B11: ='[2]EAP Análise'!$B11 -> 26511.96 | C11: =B11/B$27 -> 0.016536418 | D11: =B11/ORÇAMENTO_EXECUTIVO!G$2 -> 80.444092
A12: REVESTIMENTOS ARGAMASSADOS PAREDE | B12: ='[2]EAP Análise'!$B12 -> 33446.834 | C12: =B12/B$27 -> 0.020861937 | D12: =B12/ORÇAMENTO_EXECUTIVO!G$2 -> 101.48628
A13: REVESTIMENTOS ARGAMASSADOS TETO | B13: ='[2]EAP Análise'!$B13 -> 380.6722 | C13: =B13/B$27 -> 0.0002374383 | D13: =B13/ORÇAMENTO_EXECUTIVO!G$2 -> 1.1550572
A14: IMPERMEABILIZAÇÃO | B14: ='[2]EAP Análise'!$B14 -> 90264.65 | C14: =B14/B$27 -> 0.056301156 | D14: =B14/ORÇAMENTO_EXECUTIVO!G$2 -> 273.88612
... A26: IMPREVISTOS E CONTINGÊNCIAS | B26: ='[2]EAP Análise'!$B26 -> 26653.87 | C26: =B26/B$27 -> 0.016624932 | D26: =B26/ORÇAMENTO_EXECUTIVO!G$2 -> 80.874685
A27: TOTAL | B27: =SUM(B2:B26) -> 1603246.8 | C27: =SUM(C2:C26) -> 1 | D27: =SUM(D2:D26) -> 4864.6625
A28: CUB/SC | B28: 2978.02 | C28: 45875 | D28: =+D27/B28 -> 1.6335224
B30: =SUM(B3:B25) -> 1332693.5

Sheet ANÁLISE_CUSTOS 
A1: ETAPA | B1: OBRA | D1: OBRA SIMILAR
B2: VALOR | C2: VALOR / m² | D2: VALOR / m² | G2: ÁREA CONSTRUÍDA | H2: =ORÇAMENTO_EXECUTIVO!G2 -> 329.57 | I2: m²
A3: =ORÇAMENTO_EXECUTIVO!A2 -> GERENCIAMENTO TÉCNICO E ADMINISTRATIVO | B3: =ORÇAMENTO_EXECUTIVO!B2 -> 243899.47 | C3: =B3/$H$2 -> 740.0536 | D3: =FIXED('CÁLCULO_MÉDIAS (2)'!L10,2,FALSE)&" "&"-"&FIXED('CÁLCULO_MÉDIAS (2)'!M10,2,FALSE) -> 350,00 -450,00 | E3: Projetos ato padrão, tapume
A4: =ORÇAMENTO_EXECUTIVO!A3 -> MOVIMENTAÇÃO DE TERRA | B4: =ORÇAMENTO_EXECUTIVO!B3 -> 10084.168 | C4: =B4/$H$2 -> 30.597954 | D4: =FIXED('CÁLCULO_MÉDIAS (2)'!L11,2,FALSE)&" "&"-"&FIXED('CÁLCULO_MÉDIAS (2)'!M11,2,FALSE) -> 10,00 -20,00 | E4: inclui limpeza de terreno
A5: =ORÇAMENTO_EXECUTIVO!A4 -> INFRAESTRUTURA | B5: =ORÇAMENTO_EXECUTIVO!B4 -> 102925.63 | C5: =B5/$H$2 -> 312.30279 | D5: =FIXED('CÁLCULO_MÉDIAS (2)'!L12,2,FALSE)&" "&"-"&FIXED('CÁLCULO_MÉDIAS (2)'!M12,2,FALSE) -> 260,00 -300,00 | E5: LAJE NO PISO
A6: =ORÇAMENTO_EXECUTIVO!A5 -> SUPRAESTRUTURA | B6: =ORÇAMENTO_EXECUTIVO!B5 -> 190194.42 | C6: =B6/$H$2 -> 577.09871 | D6: =FIXED('CÁLCULO_MÉDIAS (2)'!L13,2,FALSE)&" "&"-"&FIXED('CÁLCULO_MÉDIAS (2)'!M13,2,FALSE) -> 480,00 -540,00 | E6: quase sem reaproveitamento de formas
A7: =ORÇAMENTO_EXECUTIVO!A6 -> ALVENARIA | B7: =ORÇAMENTO_EXECUTIVO!B6 -> 60429.042 | C7: =B7/$H$2 -> 183.35723 | D7: =FIXED('CÁLCULO_MÉDIAS (2)'!L14,2,FALSE)&" "&"-"&FIXED('CÁLCULO_MÉDIAS (2)'!M14,2,FALSE) -> 130,00 -215,00 | E7: ok
A8: =ORÇAMENTO_EXECUTIVO!A7 -> INSTALAÇÕES ELÉTRICAS, HIDRÁULICAS, GLP E PREVENTIVAS | B8: =ORÇAMENTO_EXECUTIVO!B7+ORÇAMENTO_EXECUTIVO!B23 -> 196056.58 | C8: =B8/$H$2 -> 594.88599 | D8: =FIXED('CÁLCULO_MÉDIAS (2)'!L15,2,FALSE)&" "&"-"&FIXED('CÁLCULO_MÉDIAS (2)'!M15,2,FALSE) -> 340,00 -540,00 | E8: Equipamentos alto padrao
A9: EQUIPAMENTOS ESPECIAIS | B9: =ORÇAMENTO_EXECUTIVO!B8+ORÇAMENTO_EXECUTIVO!B9+ORÇAMENTO_EXECUTIVO!B10 -> 22176.921 | C9: =B9/$H$2 -> 67.290472 | D9: =FIXED('CÁLCULO_MÉDIAS (2)'!L16,2,FALSE)&" "&"-"&FIXED('CÁLCULO_MÉDIAS (2)'!M16,2,FALSE) -> 50,00 -90,00 | E9: sem entrega de equioamentos
A10: IMPERMEABILIZAÇÃO | B10: =ORÇAMENTO_EXECUTIVO!B14 -> 90264.65 | C10: =B10/$H$2 -> 273.88612 | D10: =FIXED('CÁLCULO_MÉDIAS (2)'!L17,2,FALSE)&" "&"-"&FIXED('CÁLCULO_MÉDIAS (2)'!M17,2,FALSE) -> 150,00 -210,00 | E10: cobertura impermeabilizada, toda area externa e floreiras
A11: REVESTIMENTOS INTERNOS EM PAREDE E PISO | B11: =ORÇAMENTO_EXECUTIVO!B11+ORÇAMENTO_EXECUTIVO!B12 -> 59958.794 | C11: =B11/$H$2 -> 181.93038 | D11: =FIXED('CÁLCULO_MÉDIAS (2)'!L18,2,FALSE)&" "&"-"&FIXED('CÁLCULO_MÉDIAS (2)'!M18,2,FALSE) -> 100,00 -140,00 | E11: pqqqq?
A12: ACABAMENTOS E REVESTIMENTOS INTERNOS EM TETO | B12: =ORÇAMENTO_EXECUTIVO!B13+ORÇAMENTO_EXECUTIVO!B17 -> 50473.202 | C12: =B12/$H$2 -> 153.14865 | D12: =FIXED('CÁLCULO_MÉDIAS (2)'!L19,2,FALSE)&" "&"-"&FIXED('CÁLCULO_MÉDIAS (2)'!M19,2,FALSE) -> 50,00 -90,00 | E12: forro steel frame e acm
A13: ACABAMENTOS INTERNOS EM PAREDE E PISO | B13: =ORÇAMENTO_EXECUTIVO!B15+ORÇAMENTO_EXECUTIVO!B16 -> 150930.3 | C13: =B13/$H$2 -> 457.96127 | D13: =FIXED('CÁLCULO_MÉDIAS (2)'!L20,2,FALSE)&" "&"-"&FIXED('CÁLCULO_MÉDIAS (2)'!M20,2,FALSE) -> 150,00 -190,00 | E13: acabamentos de alto padrão com porcelanato A e perdras
A14: PINTURA INTERNA | B14: =ORÇAMENTO_EXECUTIVO!B18 -> 41028.634 | C14: =B14/$H$2 -> 124.49141 | D14: =FIXED('CÁLCULO_MÉDIAS (2)'!L21,2,FALSE)&" "&"-"&FIXED('CÁLCULO_MÉDIAS (2)'!M21,2,FALSE) -> 80,00 -120,00
A15: =ORÇAMENTO_EXECUTIVO!A22 -> ESQUADRIAS, VIDROS E FERRAGENS | B15: =ORÇAMENTO_EXECUTIVO!B22 -> 137257 | C15: =B15/$H$2 -> 416.47299 | D15: =FIXED('CÁLCULO_MÉDIAS (2)'!L22,2,FALSE)&" "&"-"&FIXED('CÁLCULO_MÉDIAS (2)'!M22,2,FALSE) -> 280,00 -320,00
A16: REVESTIMENTOS E ACABAMENTOS DE FACHADA | B16: =ORÇAMENTO_EXECUTIVO!B19+ORÇAMENTO_EXECUTIVO!B20+ORÇAMENTO_EXECUTIVO!B21 -> 197792.96 | C16: =B16/$H$2 -> 600.15462 | D16: =FIXED('CÁLCULO_MÉDIAS (2)'!L24,2,FALSE)&" "&"-"&FIXED('CÁLCULO_MÉDIAS (2)'!M24,2,FALSE) -> 120,00 -250,00 | E16: brises e porcelanatos
A17: =ORÇAMENTO_EXECUTIVO!A25 -> SERVIÇOS COMPLEMENTARES | B17: =ORÇAMENTO_EXECUTIVO!B25 -> 23121.192 | C17: =B17/$H$2 -> 70.155632 | D17: =FIXED('CÁLCULO_MÉDIAS (2)'!L26,2,FALSE)&" "&"-"&FIXED('CÁLCULO_MÉDIAS (2)'!M26,2,FALSE) -> 50,00 -90,00 | E17: OK
A18: TOTAL | B18: =SUM(B4:B17) -> 1332693.5 | C18: =SUM(C4:C17) -> 4043.7342 | D18: =FIXED('CÁLCULO_MÉDIAS (2)'!L27,2,FALSE)&" "&"-"&FIXED('CÁLCULO_MÉDIAS (2)'!M27,2,FALSE) -> 2.600,00 -3.565,00

Sheet CÁLCULO_MÉDIAS
C3: DATA BASE | D3: 44531 | E3: DATA BASE | F3: 44531 | G3: DATA BASE | H3: 45047 | I3: DATA BASE | J3: 45689
C4: CUB | D4: 2003.3 | E4: CUB | F4: 2003.3 | G4: CUB | H4: 2232.64 | I4: CUB | J4: 2827.78
C5: REGIÃO | D5: SC | E5: REGIÃO | F5: SC | G5: REGIÃO | H5: SC | I5: REGIÃO | J5: SC
C6: ÁREA CONSTRUÍDA | E6: ÁREA CONSTRUÍDA | G6: ÁREA CONSTRUÍDA | I6: ÁREA CONSTRUÍDA
C8: CGL - CASAS | E8: CGL - SALÃO | G8: Estilo | I8: Lausanne - casas | L8: MÉDIAS
C9: VALOR / M2 | D9: INDEXADO | E9: VALOR / M2 | F9: INDEXADO | G9: VALOR / M2 | H9: INDEXADO | L9: MÍNIMA | M9: MÁXIMA
B10: GERENCIAMENTO TÉCNICO ADMINISTRATIVO | C10: 271.69728 | D10: =C10*(ORÇAMENTO_EXECUTIVO!$B$28/CÁLCULO_MÉDIAS!D$4) -> 403.89354 | F10: =E10*(ORÇAMENTO_EXECUTIVO!$B$28/CÁLCULO_MÉDIAS!F$4) -> 0 | H10: =G10*(ORÇAMENTO_EXECUTIVO!$B$28/CÁLCULO_MÉDIAS!H$4) -> 0 | J10: =I10*(ORÇAMENTO_EXECUTIVO!$B$28/CÁLCULO_MÉDIAS!J$4) -> 0 | L10: 390 | M10: 490
B11: MOVIMENTAÇÃO DE TERRA | C11: 14.076689 | D11: =C11*(ORÇAMENTO_EXECUTIVO!$B$28/CÁLCULO_MÉDIAS!D$4) -> 20.925802 | E11: 161.20797 | F11: =E11*(ORÇAMENTO_EXECUTIVO!$B$28/CÁLCULO_MÉDIAS!F$4) -> 239.64487 | H11: =G11*(ORÇAMENTO_EXECUTIVO!$B$28/CÁLCULO_MÉDIAS!H$4) -> 0 | I11: 15.200777 | J11: =I11*(ORÇAMENTO_EXECUTIVO!$B$28/CÁLCULO_MÉDIAS!J$4) -> 16.008394 | L11: 60 | M11: 120
B12: CONTENÇÕES | D12: =C12*(ORÇAMENTO_EXECUTIVO!$B$28/CÁLCULO_MÉDIAS!D$4) -> 0 | F12: =E12*(ORÇAMENTO_EXECUTIVO!$B$28/CÁLCULO_MÉDIAS!F$4) -> 0 | G12: 38.54 | H12: =G12*(ORÇAMENTO_EXECUTIVO!$B$28/CÁLCULO_MÉDIAS!H$4) -> 51.406806 | I12: 337.33112 | J12: =I12*(ORÇAMENTO_EXECUTIVO!$B$28/CÁLCULO_MÉDIAS!J$4) -> 355.25352 | L12: 60 | M12: 95
B13: INFRAESTRUTURA | C13: 249.12201 | D13: =C13*(ORÇAMENTO_EXECUTIVO!$B$28/CÁLCULO_MÉDIAS!D$4) -> 370.33411 | E13: 695.62595 | F13: =E13*(ORÇAMENTO_EXECUTIVO!$B$28/CÁLCULO_MÉDIAS!F$4) -> 1034.0878 | G13: 359.24233 | H13: =G13*(ORÇAMENTO_EXECUTIVO!$B$28/CÁLCULO_MÉDIAS!H$4) -> 479.1775 | I13: 84.645008 | J13: =I13*(ORÇAMENTO_EXECUTIVO!$B$28/CÁLCULO_MÉDIAS!J$4) -> 89.142198 | L13: 320 | M13: 430
B14: SUPRAESTRUTURA | C14: 519.09833 | D14: =C14*(ORÇAMENTO_EXECUTIVO!$B$28/CÁLCULO_MÉDIAS!D$4) -> 771.66935 | E14: 491.95688 | F14: =E14*(ORÇAMENTO_EXECUTIVO!$B$28/CÁLCULO_MÉDIAS!F$4) -> 731.32204 | G14: 750.0673 | H14: =G14*(ORÇAMENTO_EXECUTIVO!$B$28/CÁLCULO_MÉDIAS!H$4) -> 1000.4817 | I14: 572.66656 | J14: =I14*(ORÇAMENTO_EXECUTIVO!$B$28/CÁLCULO_MÉDIAS!J$4) -> 603.09235 | L14: 600 | M14: 730
B15: ALVENARIA | C15: 129.65029 | D15: =C15*(ORÇAMENTO_EXECUTIVO!$B$28/CÁLCULO_MÉDIAS!D$4) -> 192.73256 | E15: 229.35106 | F15: =E15*(ORÇAMENTO_EXECUTIVO!$B$28/CÁLCULO_MÉDIAS!F$4) -> 340.94347 | G15: 130.13232 | H15: =G15*(ORÇAMENTO_EXECUTIVO!$B$28/CÁLCULO_MÉDIAS!H$4) -> 173.57776 | I15: 45.320062 | J15: =I15*(ORÇAMENTO_EXECUTIVO!$B$28/CÁLCULO_MÉDIAS!J$4) -> 47.727918 | L15: 150 | M15: 180
B16: INSTALAÇÕES | C16: 273.78973 | D16: =C16*(ORÇAMENTO_EXECUTIVO!$B$28/CÁLCULO_MÉDIAS!D$4) -> 407.00408 | E16: 602.88153 | F16: =E16*(ORÇAMENTO_EXECUTIVO!$B$28/CÁLCULO_MÉDIAS!F$4) -> 896.21787 | G16: 179.65306 | H16: =G16*(ORÇAMENTO_EXECUTIVO!$B$28/CÁLCULO_MÉDIAS!H$4) -> 239.6313 | I16: 754.83335 | J16: =I16*(ORÇAMENTO_EXECUTIVO!$B$28/CÁLCULO_MÉDIAS!J$4) -> 794.93766 | L16: 310 | M16: 480
B17: SISTEMAS E EQUIPAMENTOS ESPECIAIS | C17: 83.157105 | D17: =C17*(ORÇAMENTO_EXECUTIVO!$B$28/CÁLCULO_MÉDIAS!D$4) -> 123.61779 | E17: 84.826442 | F17: =E17*(ORÇAMENTO_EXECUTIVO!$B$28/CÁLCULO_MÉDIAS!F$4) -> 126.09936 | G17: 19.748492 | H17: =G17*(ORÇAMENTO_EXECUTIVO!$B$28/CÁLCULO_MÉDIAS!H$4) -> 26.341643 | I17: 117.67055 | J17: =I17*(ORÇAMENTO_EXECUTIVO!$B$28/CÁLCULO_MÉDIAS!J$4) -> 123.92239 | L17: 90 | M17: 140
B18: IMPERMEABILIZAÇÃO | C18: 18.430102 | D18: =C18*(ORÇAMENTO_EXECUTIVO!$B$28/CÁLCULO_MÉDIAS!D$4) -> 27.397401 | E18: 297.2447 | F18: =E18*(ORÇAMENTO_EXECUTIVO!$B$28/CÁLCULO_MÉDIAS!F$4) -> 441.87124 | G18: 112.41595 | H18: =G18*(ORÇAMENTO_EXECUTIVO!$B$28/CÁLCULO_MÉDIAS!H$4) -> 149.94668 | I18: 84.43154 | J18: =I18*(ORÇAMENTO_EXECUTIVO!$B$28/CÁLCULO_MÉDIAS!J$4) -> 88.917389 | L18: 60 | M18: 140
B19: REVESTIMENTOS INTERNOS EM PISO E PAREDE | C19: 146.63291 | D19: =C19*(ORÇAMENTO_EXECUTIVO!$B$28/CÁLCULO_MÉDIAS!D$4) -> 217.97821 | E19: 218.27761 | F19: =E19*(ORÇAMENTO_EXECUTIVO!$B$28/CÁLCULO_MÉDIAS!F$4) -> 324.48215 | G19: 166.054 | H19: =G19*(ORÇAMENTO_EXECUTIVO!$B$28/CÁLCULO_MÉDIAS!H$4) -> 221.49211 | I19: 167.09025 | J19: =I19*(ORÇAMENTO_EXECUTIVO!$B$28/CÁLCULO_MÉDIAS!J$4) -> 175.96776 | L19: 150 | M19: 210
B20: REVESTIMENTOS E ACABAMENTOS INTERNOS EM TETO | C20: 8.9166876 | D20: =C20*(ORÇAMENTO_EXECUTIVO!$B$28/CÁLCULO_MÉDIAS!D$4) -> 13.255166 | E20: 46.011017 | F20: =E20*(ORÇAMENTO_EXECUTIVO!$B$28/CÁLCULO_MÉDIAS!F$4) -> 68.398008 | G20: 113.15582 | H20: =G20*(ORÇAMENTO_EXECUTIVO!$B$28/CÁLCULO_MÉDIAS!H$4) -> 150.93356 | I20: 71.576538 | J20: =I20*(ORÇAMENTO_EXECUTIVO!$B$28/CÁLCULO_MÉDIAS!J$4) -> 75.379401 | L20: 70 | M20: 150
B21: ACABAMENTOS EM PISO E PAREDE | C21: 244.54995 | D21: =C21*(ORÇAMENTO_EXECUTIVO!$B$28/CÁLCULO_MÉDIAS!D$4) -> 363.53749 | E21: 489.34861 | F21: =E21*(ORÇAMENTO_EXECUTIVO!$B$28/CÁLCULO_MÉDIAS!F$4) -> 727.44469 | G21: 177.29618 | H21: =G21*(ORÇAMENTO_EXECUTIVO!$B$28/CÁLCULO_MÉDIAS!H$4) -> 236.48756 | I21: 262.22616 | J21: =I21*(ORÇAMENTO_EXECUTIVO!$B$28/CÁLCULO_MÉDIAS!J$4) -> 276.15824 | L21: 230 | M21: 350
B22: PINTURA INTERNA | C22: 93.701431 | D22: =C22*(ORÇAMENTO_EXECUTIVO!$B$28/CÁLCULO_MÉDIAS!D$4) -> 139.29253 | E22: 233.46749 | F22: =E22*(ORÇAMENTO_EXECUTIVO!$B$28/CÁLCULO_MÉDIAS!F$4) -> 347.06278 | G22: 81.160379 | H22: =G22*(ORÇAMENTO_EXECUTIVO!$B$28/CÁLCULO_MÉDIAS!H$4) -> 108.25625 | I22: 134.27641 | J22: =I22*(ORÇAMENTO_EXECUTIVO!$B$28/CÁLCULO_MÉDIAS!J$4) -> 141.41052 | L22: 130 | M22: 250
B23: ESQUADRIAS, VIDROS E FERRAGENS | C23: 281.2022 | D23: =C23*(ORÇAMENTO_EXECUTIVO!$B$28/CÁLCULO_MÉDIAS!D$4) -> 418.02314 | E23: 570.96858 | F23: =E23*(ORÇAMENTO_EXECUTIVO!$B$28/CÁLCULO_MÉDIAS!F$4) -> 848.77744 | G23: 342.6826 | H23: =G23*(ORÇAMENTO_EXECUTIVO!$B$28/CÁLCULO_MÉDIAS!H$4) -> 457.0892 | I23: 439.71858 | J23: =I23*(ORÇAMENTO_EXECUTIVO!$B$28/CÁLCULO_MÉDIAS!J$4) -> 463.08084 | L23: 390 | M23: 550
B24: COBERTURA | C24: 61.47126 | D24: =C24*(ORÇAMENTO_EXECUTIVO!$B$28/CÁLCULO_MÉDIAS!D$4) -> 91.380543 | E24: 247.13495 | F24: =E24*(ORÇAMENTO_EXECUTIVO!$B$28/CÁLCULO_MÉDIAS!F$4) -> 367.38024 | G24: 134.78588 | H24: =G24*(ORÇAMENTO_EXECUTIVO!$B$28/CÁLCULO_MÉDIAS!H$4) -> 179.78493 | I24: 199.70236 | J24: =I24*(ORÇAMENTO_EXECUTIVO!$B$28/CÁLCULO_MÉDIAS!J$4) -> 210.31255 | L24: 170 | M24: 340
B25: REVESTIMENTOS E ACABAMENTOS DE FACHADA | C25: 117.3303 | D25: =C25*(ORÇAMENTO_EXECUTIVO!$B$28/CÁLCULO_MÉDIAS!D$4) -> 174.41819 | E25: 278.75245 | F25: =E25*(ORÇAMENTO_EXECUTIVO!$B$28/CÁLCULO_MÉDIAS!F$4) -> 414.38145 | G25: 111.51439 | H25: =G25*(ORÇAMENTO_EXECUTIVO!$B$28/CÁLCULO_MÉDIAS!H$4) -> 148.74413 | I25: 261.27206 | J25: =I25*(ORÇAMENTO_EXECUTIVO!$B$28/CÁLCULO_MÉDIAS!J$4) -> 275.15345 | L25: 280 | M25: 390
B26: SERVIÇOS COMPLEMENTARES | C26: 88.23 | D26: =C26*(ORÇAMENTO_EXECUTIVO!$B$28/CÁLCULO_MÉDIAS!D$4) -> 131.15894 | F26: =E26*(ORÇAMENTO_EXECUTIVO!$B$28/CÁLCULO_MÉDIAS!F$4) -> 0 | H26: =G26*(ORÇAMENTO_EXECUTIVO!$B$28/CÁLCULO_MÉDIAS!H$4) -> 0 | I26: 52.679983 | J26: =I26*(ORÇAMENTO_EXECUTIVO!$B$28/CÁLCULO_MÉDIAS!J$4) -> 55.478871 | L26: 50 | M26: 125
B27: TOTAL | D27: =SUM(D10:D26) -> 3866.6189 | F27: =SUM(F10:F26) -> 6908.1133 | H27: =SUM(H10:H26) -> 3623.3511 | I27: =SUM(I10:I26) -> 3600.6413 | J27: =SUM(J10:J26) -> 3791.9434 | L27: =SUM(L11:L26) -> 3120 | M27: =SUM(M11:M26) -> 4680

Sheet CÁLCULO_MÉDIAS (2)
F2: SP | H2: SC
C3: DATA BASE | D3: 44531 | E3: DATA BASE | F3: 45689 | G3: DATA BASE | H3: 44317 | I3: DATA BASE | J3: 44896
C4: CUB | D4: 2003.3 | E4: CUB | F4: 2827.78 | G4: CUB | H4: 2307.92 | I4: CUB | J4: 2623.42
C6: ÁREA - 4.375,1 | E6: ÁREA - 600,6 | G6: ÁREA - 358,31 | I6: ÁREA - 7959,45
C7: CGL - CASAS | E7: LAUSANE | G7: PISA | I7: HOMESET | L7: MÉDIAS
C8: VALOR / M2 | D8: INDEXADO | E8: VALOR / M2 | F8: INDEXADO | G8: VALOR / M2 | H8: INDEXADO | I8: VALOR / M2 | J8: INDEXADO | L8: MÍNIMA | M8: MÁXIMA
B9: EMPREITADA GLOBAL | D9: =[3]ORÇAMENTO_EXECUTIVO!$B$18/'CÁLCULO_MÉDIAS (2)'!D$4*C9 -> 0 | F9: =[3]ORÇAMENTO_EXECUTIVO!$B$18/'CÁLCULO_MÉDIAS (2)'!F$4*E9 -> 0 | G9: 420.03 | H9: =[3]ORÇAMENTO_EXECUTIVO!$B$18/'CÁLCULO_MÉDIAS (2)'!H$4*G9 -> 369.81393 | J9: =[3]ORÇAMENTO_EXECUTIVO!$B$18/'CÁLCULO_MÉDIAS (2)'!J$4*I9 -> 0
B10: GERENCIAMENTO TÉCNICO E ADMINISTRATIVO | C10: 271.69728 | D10: =[3]ORÇAMENTO_EXECUTIVO!$B$18/'CÁLCULO_MÉDIAS (2)'!D$4*C10 -> 275.58971 | E10: 630.05606 | F10: =[3]ORÇAMENTO_EXECUTIVO!$B$18/'CÁLCULO_MÉDIAS (2)'!F$4*E10 -> 452.74877 | G10: 192.6 | H10: =[3]ORÇAMENTO_EXECUTIVO!$B$18/'CÁLCULO_MÉDIAS (2)'!H$4*G10 -> 169.57399 | I10: 119.82058 | J10: =[3]ORÇAMENTO_EXECUTIVO!$B$18/'CÁLCULO_MÉDIAS (2)'!J$4*I10 -> 92.808401 | L10: 350 | M10: 450
B11: MOVIMENTAÇÃO DE TERRA | C11: 14.076689 | D11: =[3]ORÇAMENTO_EXECUTIVO!$B$18/'CÁLCULO_MÉDIAS (2)'!D$4*C11 -> 14.278356 | E11: 15.200777 | F11: =[3]ORÇAMENTO_EXECUTIVO!$B$18/'CÁLCULO_MÉDIAS (2)'!F$4*E11 -> 10.923049 | H11: =[3]ORÇAMENTO_EXECUTIVO!$B$18/'CÁLCULO_MÉDIAS (2)'!H$4*G11 -> 0 | I11: 24.145802 | J11: =[3]ORÇAMENTO_EXECUTIVO!$B$18/'CÁLCULO_MÉDIAS (2)'!J$4*I11 -> 18.702408 | L11: 10 | M11: 20
B12: INFRAESTRUTURA | C12: 249.12201 | D12: =[3]ORÇAMENTO_EXECUTIVO!$B$18/'CÁLCULO_MÉDIAS (2)'!D$4*C12 -> 252.69102 | E12: 421.98 | F12: =[3]ORÇAMENTO_EXECUTIVO!$B$18/'CÁLCULO_MÉDIAS (2)'!F$4*E12 -> 303.22845 | G12: 102.03 | H12: =[3]ORÇAMENTO_EXECUTIVO!$B$18/'CÁLCULO_MÉDIAS (2)'!H$4*G12 -> 89.831953 | I12: 347.06903 | J12: =[3]ORÇAMENTO_EXECUTIVO!$B$18/'CÁLCULO_MÉDIAS (2)'!J$4*I12 -> 268.82629 | L12: 260 | M12: 300
B13: SUPRAESTRUTURA | C13: 532.81013 | D13: =[3]ORÇAMENTO_EXECUTIVO!$B$18/'CÁLCULO_MÉDIAS (2)'!D$4*C13 -> 540.44336 | E13: 572.66656 | F13: =[3]ORÇAMENTO_EXECUTIVO!$B$18/'CÁLCULO_MÉDIAS (2)'!F$4*E13 -> 411.50954 | G13: 329.6 | H13: =[3]ORÇAMENTO_EXECUTIVO!$B$18/'CÁLCULO_MÉDIAS (2)'!H$4*G13 -> 290.19515 | I13: 213.76409 | J13: =[3]ORÇAMENTO_EXECUTIVO!$B$18/'CÁLCULO_MÉDIAS (2)'!J$4*I13 -> 165.57342 | L13: 480 | M13: 540
B14: ALVENARIA | C14: 129.65029 | D14: =[3]ORÇAMENTO_EXECUTIVO!$B$18/'CÁLCULO_MÉDIAS (2)'!D$4*C14 -> 131.5077 | E14: 45.320062 | F14: =[3]ORÇAMENTO_EXECUTIVO!$B$18/'CÁLCULO_MÉDIAS (2)'!F$4*E14 -> 32.566312 | G14: 123.51 | H14: =[3]ORÇAMENTO_EXECUTIVO!$B$18/'CÁLCULO_MÉDIAS (2)'!H$4*G14 -> 108.74394 | I14: 276.71492 | J14: =[3]ORÇAMENTO_EXECUTIVO!$B$18/'CÁLCULO_MÉDIAS (2)'!J$4*I14 -> 214.33271 | L14: 130 | M14: 215
B15: INSTALAÇÕES ELÉTRICAS, HIDRÁULICAS, GLP E PREVENTIVAS | C15: 273.78973 | D15: =[3]ORÇAMENTO_EXECUTIVO!$B$18/'CÁLCULO_MÉDIAS (2)'!D$4*C15 -> 277.71214 | E15: 754.83335 | F15: =[3]ORÇAMENTO_EXECUTIVO!$B$18/'CÁLCULO_MÉDIAS (2)'!F$4*E15 -> 542.41185 | G15: 222.2 | H15: =[3]ORÇAMENTO_EXECUTIVO!$B$18/'CÁLCULO_MÉDIAS (2)'!H$4*G15 -> 195.6352 | I15: 437.77858 | J15: =[3]ORÇAMENTO_EXECUTIVO!$B$18/'CÁLCULO_MÉDIAS (2)'!J$4*I15 -> 339.08641 | L15: 340 | M15: 540
B16: EQUIPAMENTOS E SISTEMAS ESPECIAIS | C16: 83.157105 | D16: =[3]ORÇAMENTO_EXECUTIVO!$B$18/'CÁLCULO_MÉDIAS (2)'!D$4*C16 -> 84.348444 | E16: 117.67055 | F16: =[3]ORÇAMENTO_EXECUTIVO!$B$18/'CÁLCULO_MÉDIAS (2)'!F$4*E16 -> 84.556283 | H16: =[3]ORÇAMENTO_EXECUTIVO!$B$18/'CÁLCULO_MÉDIAS (2)'!H$4*G16 -> 0 | I16: 61.067749 | J16: =[3]ORÇAMENTO_EXECUTIVO!$B$18/'CÁLCULO_MÉDIAS (2)'!J$4*I16 -> 47.300724 | L16: 50 | M16: 90
B17: IMPERMEABILIZAÇÃO | C17: 18.430102 | D17: =[3]ORÇAMENTO_EXECUTIVO!$B$18/'CÁLCULO_MÉDIAS (2)'!D$4*C17 -> 18.694138 | E17: 84.43154 | F17: =[3]ORÇAMENTO_EXECUTIVO!$B$18/'CÁLCULO_MÉDIAS (2)'!F$4*E17 -> 60.671229 | G17: 4.93 | H17: =[3]ORÇAMENTO_EXECUTIVO!$B$18/'CÁLCULO_MÉDIAS (2)'!H$4*G17 -> 4.3406011 | I17: 14.671234 | J17: =[3]ORÇAMENTO_EXECUTIVO!$B$18/'CÁLCULO_MÉDIAS (2)'!J$4*I17 -> 11.363773 | L17: 150 | M17: 210
B18: REVESTIMENTOS INTERNOS EM PISO E PAREDE | C18: 103.55811 | D18: =[3]ORÇAMENTO_EXECUTIVO!$B$18/'CÁLCULO_MÉDIAS (2)'!D$4*C18 -> 105.04172 | E18: 167.09025 | F18: =[3]ORÇAMENTO_EXECUTIVO!$B$18/'CÁLCULO_MÉDIAS (2)'!F$4*E18 -> 120.06853 | G18: 77.61 | H18: =[3]ORÇAMENTO_EXECUTIVO!$B$18/'CÁLCULO_MÉDIAS (2)'!H$4*G18 -> 68.33145 | I18: 69.921152 | J18: =[3]ORÇAMENTO_EXECUTIVO!$B$18/'CÁLCULO_MÉDIAS (2)'!J$4*I18 -> 54.158229 | L18: 100 | M18: 140
B19: REVESTIMENTOS E ACABAMENTOS INTERNOS EM TETO | C19: 36.721282 | D19: =[3]ORÇAMENTO_EXECUTIVO!$B$18/'CÁLCULO_MÉDIAS (2)'!D$4*C19 -> 37.247364 | E19: 71.576538 | F19: =[3]ORÇAMENTO_EXECUTIVO!$B$18/'CÁLCULO_MÉDIAS (2)'!F$4*E19 -> 51.43382 | G19: 14.43 | H19: =[3]ORÇAMENTO_EXECUTIVO!$B$18/'CÁLCULO_MÉDIAS (2)'!H$4*G19 -> 12.704842 | I19: 20.082023 | J19: =[3]ORÇAMENTO_EXECUTIVO!$B$18/'CÁLCULO_MÉDIAS (2)'!J$4*I19 -> 15.55476 | L19: 50 | M19: 90
B20: ACABAMENTOS EM PISO E PAREDE | C20: 144.60415 | D20: =[3]ORÇAMENTO_EXECUTIVO!$B$18/'CÁLCULO_MÉDIAS (2)'!D$4*C20 -> 146.6758 | E20: 262.22616 | F20: =[3]ORÇAMENTO_EXECUTIVO!$B$18/'CÁLCULO_MÉDIAS (2)'!F$4*E20 -> 188.43176 | G20: 60.71 | H20: =[3]ORÇAMENTO_EXECUTIVO!$B$18/'CÁLCULO_MÉDIAS (2)'!H$4*G20 -> 53.451905 | I20: 225.16207 | J20: =[3]ORÇAMENTO_EXECUTIVO!$B$18/'CÁLCULO_MÉDIAS (2)'!J$4*I20 -> 174.40186 | L20: 150 | M20: 190
B21: PINTURA INTERNA | C21: 93.701431 | D21: =[3]ORÇAMENTO_EXECUTIVO!$B$18/'CÁLCULO_MÉDIAS (2)'!D$4*C21 -> 95.043831 | E21: 134.27641 | F21: =[3]ORÇAMENTO_EXECUTIVO!$B$18/'CÁLCULO_MÉDIAS (2)'!F$4*E21 -> 96.489 | G21: 80.14 | H21: =[3]ORÇAMENTO_EXECUTIVO!$B$18/'CÁLCULO_MÉDIAS (2)'!H$4*G21 -> 70.55898 | I21: 114.78312 | J21: =[3]ORÇAMENTO_EXECUTIVO!$B$18/'CÁLCULO_MÉDIAS (2)'!J$4*I21 -> 88.906579 | L21: 80 | M21: 120
B22: ESQUADRIAS, VIDROS E FERRAGENS | C22: 281.2022 | D22: =[3]ORÇAMENTO_EXECUTIVO!$B$18/'CÁLCULO_MÉDIAS (2)'!D$4*C22 -> 285.2308 | E22: 439.71858 | F22: =[3]ORÇAMENTO_EXECUTIVO!$B$18/'CÁLCULO_MÉDIAS (2)'!F$4*E22 -> 315.97513 | G22: 150.89 | H22: =[3]ORÇAMENTO_EXECUTIVO!$B$18/'CÁLCULO_MÉDIAS (2)'!H$4*G22 -> 132.85057 | I22: 161.23025 | J22: =[3]ORÇAMENTO_EXECUTIVO!$B$18/'CÁLCULO_MÉDIAS (2)'!J$4*I22 -> 124.88274 | L22: 280 | M22: 320
B23: COBERTURA | C23: 133.09762 | D23: =[3]ORÇAMENTO_EXECUTIVO!$B$18/'CÁLCULO_MÉDIAS (2)'!D$4*C23 -> 135.00443 | E23: 199.70236 | F23: =[3]ORÇAMENTO_EXECUTIVO!$B$18/'CÁLCULO_MÉDIAS (2)'!F$4*E23 -> 143.5031 | G23: 39.91 | H23: =[3]ORÇAMENTO_EXECUTIVO!$B$18/'CÁLCULO_MÉDIAS (2)'!H$4*G23 -> 35.138618 | I23: 18.633307 | J23: =[3]ORÇAMENTO_EXECUTIVO!$B$18/'CÁLCULO_MÉDIAS (2)'!J$4*I23 -> 14.432641
B24: REVESTIMENTOS E ACABAMENTOS DE FACHADA | C24: 117.3303 | D24: =[3]ORÇAMENTO_EXECUTIVO!$B$18/'CÁLCULO_MÉDIAS (2)'!D$4*C24 -> 119.01121 | E24: 261.27206 | F24: =[3]ORÇAMENTO_EXECUTIVO!$B$18/'CÁLCULO_MÉDIAS (2)'!F$4*E24 -> 187.74615 | G24: 65.39 | H24: =[3]ORÇAMENTO_EXECUTIVO!$B$18/'CÁLCULO_MÉDIAS (2)'!H$4*G24 -> 57.572394 | I24: 54.162886 | J24: =[3]ORÇAMENTO_EXECUTIVO!$B$18/'CÁLCULO_MÉDIAS (2)'!J$4*I24 -> 41.952483 | L24: 120 | M24: 250
B25: MURO | D25: =[3]ORÇAMENTO_EXECUTIVO!$B$18/'CÁLCULO_MÉDIAS (2)'!D$4*C25 -> 0 | F25: =[3]ORÇAMENTO_EXECUTIVO!$B$18/'CÁLCULO_MÉDIAS (2)'!F$4*E25 -> 0 | G25: 121.54 | H25: =[3]ORÇAMENTO_EXECUTIVO!$B$18/'CÁLCULO_MÉDIAS (2)'!H$4*G25 -> 107.00946 | J25: =[3]ORÇAMENTO_EXECUTIVO!$B$18/'CÁLCULO_MÉDIAS (2)'!J$4*I25 -> 0
B26: SERVIÇOS COMPLEMENTARES | C26: 5.7141551 | D26: =[3]ORÇAMENTO_EXECUTIVO!$B$18/'CÁLCULO_MÉDIAS (2)'!D$4*C26 -> 5.7960182 | E26: 52.679983 | F26: =[3]ORÇAMENTO_EXECUTIVO!$B$18/'CÁLCULO_MÉDIAS (2)'!F$4*E26 -> 37.85504 | G26: 3.35 | H26: =[3]ORÇAMENTO_EXECUTIVO!$B$18/'CÁLCULO_MÉDIAS (2)'!H$4*G26 -> 2.9494956 | I26: 221.00365 | J26: =[3]ORÇAMENTO_EXECUTIVO!$B$18/'CÁLCULO_MÉDIAS (2)'!J$4*I26 -> 171.18091 | L26: 50 | M26: 90
B27: TOTAL | C27: =SUM(C9:C26) -> 2488.6626 | D27: =SUM(D10:D26) -> 2524.316 | E27: =SUM(E9:E26) -> 4230.7012 | F27: =SUM(F10:F26) -> 3040.118 | G27: =SUM(G9:G26) -> 2008.87 | H27: =SUM(H10:H26) -> 1398.8886 | I27: =SUM(I9:I26) -> 2380.0104 | J27: =SUM(J9:J26) -> 1843.4643 | L27: =SUM(L9:L26) -> 2600 | M27: =SUM(M9:M26) -> 3565

Sheet ANÁLISE_CUSTOS LOTEAMENTO
A1: ETAPA | B1: LAUSANNE - LOTEAMENTO | D1: OBRA SIMILAR - ESTILO | G1: Área Terreno | H1: ='[1]Obra '!$E$8 -> 25999.02 | I1: m2
B2: VALOR | C2: VALOR / m² | D2: VALOR / m² | G2: Numero de unidades | H2: ='[1]Obra '!$E$10 -> 122
A3: =ORÇAMENTO_EXECUTIVO!A3 -> MOVIMENTAÇÃO DE TERRA | B3: ='[1]Ger_Executivo Comum'!$N$9 -> 1450076.4 | C3: =B3/$H$1 -> 55.774272 | D3: =8.02+46.45 -> 54.47 | E3: ok
A4: REDE ELETRICA | B4: ='[1]Ger_Executivo Comum'!$N$21 -> 1893554.9 | C4: =B4/$H$1 -> 72.831781 | D4: 17.43 | E4: pq? | F4: 60mil representa o material da Rede propriamente dita, mas contém Posteamento transformador cabeamento que representa 49% do custo.
A5: REDE HIDRAULICA | B5: ='[1]Ger_Executivo Comum'!$N$28 -> 429844.04 | C5: =B5/$H$1 -> 16.533086 | D5: 4.11 | E5: pq? | F5: Castelo Dágua Representa 60% do custo de hidro externa.
A6: REDE DE DRENAGEM | B6: ='[1]Ger_Executivo Comum'!$N$35 -> 395577.14 | C6: =B6/$H$1 -> 15.215079 | D6: 17.67 | E6: ok
A7: REDE SANITARIA | B7: ='[1]Ger_Executivo Comum'!$N$42 -> 166899.82 | C7: =B7/$H$1 -> 6.4194656 | D7: 10.42 | E7: ok
A8: REDE GÁS | B8: ='[1]Ger_Executivo Comum'!$N$49 -> 297070.02 | C8: =B8/$H$1 -> 11.426201
A9: PAVIMENTAÇÃO | B9: ='[1]Ger_Executivo Comum'!$N$56 -> 1617268.8 | C9: =B9/$H$1 -> 62.204991 | D9: =94.18+0.31 -> 94.49 | F9: =122/4 -> 30.5
A10: MUROS E CERCAMENTOS | B10: =#REF! -> #REF! | C10: =B10/$H$1 -> #REF! | D10: 38.54 | F10: =F9*28 -> 854
A11: RECREAÇÃO E PORTARIA | B11: =#REF!+#REF! -> #REF! | C11: =B11/$H$1 -> #REF! | D11: 52.24 | F11: =F10/30 -> 28.466667
A12: SERVIÇOS COMPLEMENTARES E FINAIS
A13: TOTAL | B13: =SUM(B3:B12) -> #REF! | C13: =SUM(C3:C12) -> #REF! | D13: =SUM(D3:D12) -> 289.37
F14: =171/1.5 -> 114
F15: =F14*4 -> 456 | G15: =9000/F15 -> 19.736842
F16: =F15*12 -> 5472

Sheet COMPARAÇÃO 
A1: ETAPA | B1: Paramétrico R03 | C1: Paramétrico R00 / m² | D1: Executivo R00 | E1: Executivo R00 / m² | F1: DIFERENÇA | G1: DIFERENÇA / m² | H1: DIFERENÇA % | I1: OBSERVAÇÃO DIFERENÇAS ENTRE O PARAMÉTRICO E O EXECUTIVO | J1: OBSERVAÇÃO ENTREGUES NO PARAMÉTRICO
A2: GERENCIAMENTO TÉCNICO E ADMINISTRATIVO | C2: =B2/ORÇAMENTO_EXECUTIVO!$G$2*($D$21/$B$21) -> 0 | D2: =ORÇAMENTO_EXECUTIVO!B2 -> 243899.47 | E2: =D2/ORÇAMENTO_EXECUTIVO!$G$2 -> 740.0536 | F2: =D2-B2 -> 243899.47 | G2: =E2-C2 -> 740.0536 | H2: =F2/B2 -> #DIV/0! | J2: Maior tempo de execução porém com maior área para distribuição
A3: MOVIMENTAÇÃO DE TERRA | C3: =B3/ORÇAMENTO_EXECUTIVO!$G$2*($D$21/$B$21) -> 0 | D3: =ORÇAMENTO_EXECUTIVO!B3 -> 10084.168 | E3: =D3/ORÇAMENTO_EXECUTIVO!$G$2 -> 30.597954 | F3: =D3-B3 -> 10084.168 | G3: =E3-C3 -> 30.597954 | H3: =F3/B3 -> #DIV/0! | J3: Maior área de subsolo e aumento dos índices considerados conforme solicitação da Viva4
A4: INFRAESTRUTURA | C4: =B4/ORÇAMENTO_EXECUTIVO!$G$2*($D$21/$B$21) -> 0 | D4: =ORÇAMENTO_EXECUTIVO!B4 -> 102925.63 | E4: =D4/ORÇAMENTO_EXECUTIVO!$G$2 -> 312.30279 | F4: =D4-B4 -> 102925.63 | G4: =E4-C4 -> 312.30279 | H4: =F4/B4 -> #DIV/0! | J4: Aumento não proporcional entre custo de fundação e área construída
A5: CONTENÇÕES | C5: =B5/ORÇAMENTO_EXECUTIVO!$G$2*($D$21/$B$21) -> 0 | D5: =ORÇAMENTO_EXECUTIVO!#REF! -> #REF! | E5: =D5/ORÇAMENTO_EXECUTIVO!$G$2 -> #REF! | F5: =D5-B5 -> #REF! | G5: =E5-C5 -> #REF! | H5: =F5/B5 -> #REF! | J5: Mesmas estruturas de contenção com maior área construída
A6: SUPRAESTRUTURA | C6: =B6/ORÇAMENTO_EXECUTIVO!$G$2*($D$21/$B$21) -> 0 | D6: =ORÇAMENTO_EXECUTIVO!B5 -> 190194.42 | E6: =D6/ORÇAMENTO_EXECUTIVO!$G$2 -> 577.09871 | F6: =D6-B6 -> 190194.42 | G6: =E6-C6 -> 577.09871 | H6: =F6/B6 -> #DIV/0! | J6: Acréscimos de pavimentos, utilização de cubetas em subestituição à laje treliçada e aumento do custo de escoramento conforme solicitação da Viva4
A7: PAREDES E PAINÉIS | C7: =B7/ORÇAMENTO_EXECUTIVO!$G$2*($D$21/$B$21) -> 0 | D7: =ORÇAMENTO_EXECUTIVO!B6 -> 60429.042 | E7: =D7/ORÇAMENTO_EXECUTIVO!$G$2 -> 183.35723 | F7: =D7-B7 -> 60429.042 | G7: =E7-C7 -> 183.35723 | H7: =F7/B7 -> #DIV/0! | J7: Aumento não proporcional entre área de parede e área construída
A8: INSTALAÇÕES ELÉTRICAS, HIDRÁULICAS, GLP E PREVENTIVAS | C8: =B8/ORÇAMENTO_EXECUTIVO!$G$2*($D$21/$B$21) -> 0 | D8: =ORÇAMENTO_EXECUTIVO!B7 -> 127201.76 | E8: =D8/ORÇAMENTO_EXECUTIVO!$G$2 -> 385.9628 | F8: =D8-B8 -> 127201.76 | G8: =E8-C8 -> 385.9628 | H8: =F8/B8 -> #DIV/0!
A9: EQUIPAMENTOS E SISTEMAS ESPECIAIS | C9: =B9/ORÇAMENTO_EXECUTIVO!$G$2*($D$21/$B$21) -> 0 | D9: =ORÇAMENTO_EXECUTIVO!B8 -> 11221.223 | E9: =D9/ORÇAMENTO_EXECUTIVO!$G$2 -> 34.048072 | F9: =D9-B9 -> 11221.223 | G9: =E9-C9 -> 34.048072 | H9: =F9/B9 -> #DIV/0! | J9: Aumento proporcional de custo para ar condicionado, exaustões e climatização, porém custo de piscina, gerador e subestação distribuídos em maior área construída
A10: IMPERMEABILIZAÇÃO | C10: =B10/ORÇAMENTO_EXECUTIVO!$G$2*($D$21/$B$21) -> 0 | D10: =ORÇAMENTO_EXECUTIVO!B12 -> 33446.834 | E10: =D10/ORÇAMENTO_EXECUTIVO!$G$2 -> 101.48628 | F10: =D10-B10 -> 33446.834 | G10: =E10-C10 -> 101.48628 | H10: =F10/B10 -> #DIV/0! | J10: Aumento de área construida para distribuição do custo de lajes impermeabilizadas na cobertura
A11: REVESTIMENTOS INTERNOS DE PISO E PAREDE | C11: =B11/ORÇAMENTO_EXECUTIVO!$G$2*($D$21/$B$21) -> 0 | D11: =ORÇAMENTO_EXECUTIVO!B19 -> 49075.814 | E11: =D11/ORÇAMENTO_EXECUTIVO!$G$2 -> 148.90862 | F11: =D11-B11 -> 49075.814 | G11: =E11-C11 -> 148.90862 | H11: =F11/B11 -> #DIV/0! | J11: Aumento de áreas de rebem contrapiso e manta acústica nos pavimentos duplex (antes mezanino)
A12: REVESTIMENTOS E ACABAMENTOS INTERNOS EM TETO | C12: =B12/ORÇAMENTO_EXECUTIVO!$G$2*($D$21/$B$21) -> 0 | D12: =ORÇAMENTO_EXECUTIVO!B20 -> 48409.092 | E12: =D12/ORÇAMENTO_EXECUTIVO!$G$2 -> 146.88561 | F12: =D12-B12 -> 48409.092 | G12: =E12-C12 -> 146.88561 | H12: =F12/B12 -> #DIV/0! | J12: Aumento de áreas de recebem forro nos pavimentos duplex (antes mezanino) e cobertura
A13: ACABAMENTOS DE PISO E PAREDE | C13: =B13/ORÇAMENTO_EXECUTIVO!$G$2*($D$21/$B$21) -> 0 | D13: =ORÇAMENTO_EXECUTIVO!B21 -> 100308.05 | E13: =D13/ORÇAMENTO_EXECUTIVO!$G$2 -> 304.36038 | F13: =D13-B13 -> 100308.05 | G13: =E13-C13 -> 304.36038 | H13: =F13/B13 -> #DIV/0!
A14: PINTURA INTERNA | C14: =B14/ORÇAMENTO_EXECUTIVO!$G$2*($D$21/$B$21) -> 0 | D14: =ORÇAMENTO_EXECUTIVO!B22 -> 137257 | E14: =D14/ORÇAMENTO_EXECUTIVO!$G$2 -> 416.47299 | F14: =D14-B14 -> 137257 | G14: =E14-C14 -> 416.47299 | H14: =F14/B14 -> #DIV/0!
A15: ESQUADRIAS, VIDROS E FERRAGENS | C15: =B15/ORÇAMENTO_EXECUTIVO!$G$2*($D$21/$B$21) -> 0 | D15: =ORÇAMENTO_EXECUTIVO!B23 -> 68854.816 | E15: =D15/ORÇAMENTO_EXECUTIVO!$G$2 -> 208.92319 | F15: =D15-B15 -> 68854.816 | G15: =E15-C15 -> 208.92319 | H15: =F15/B15 -> #DIV/0! | J15: Aumento não proporcional entre área de esquadrias e área construída
A16: COBERTURA | C16: =B16/ORÇAMENTO_EXECUTIVO!$G$2*($D$21/$B$21) -> 0 | D16: =ORÇAMENTO_EXECUTIVO!B24 -> 0 | E16: =D16/ORÇAMENTO_EXECUTIVO!$G$2 -> 0 | F16: =D16-B16 -> 0 | G16: =E16-C16 -> 0 | H16: =F16/B16 -> #DIV/0! | J16: Aumento da área de pergolado
A17: REVESTIMENTOS E ACABAMENTOS DE FACHADA | C17: =B17/ORÇAMENTO_EXECUTIVO!$G$2*($D$21/$B$21) -> 0 | D17: =ORÇAMENTO_EXECUTIVO!B25 -> 23121.192 | E17: =D17/ORÇAMENTO_EXECUTIVO!$G$2 -> 70.155632 | F17: =D17-B17 -> 23121.192 | G17: =E17-C17 -> 70.155632 | H17: =F17/B17 -> #DIV/0! | J17: Aumento de áreas de fachada não proprcional ao aumento de área construída
A18: SERVIÇOS COMPLEMENTARES | C18: =B18/ORÇAMENTO_EXECUTIVO!$G$2*($D$21/$B$21) -> 0 | D18: =ORÇAMENTO_EXECUTIVO!#REF! -> #REF! | E18: =D18/ORÇAMENTO_EXECUTIVO!$G$2 -> #REF! | F18: =D18-B18 -> #REF! | G18: =E18-C18 -> #REF! | H18: =F18/B18 -> #REF! | J18: Maior área construída para distribuição dos custos de mobiliário e redução do custo de paisagismo
A19: IMPREVISTOS E CONTINGÊNCIAS | C19: =B19/ORÇAMENTO_EXECUTIVO!$G$2*($D$21/$B$21) -> 0 | D19: =ORÇAMENTO_EXECUTIVO!B26 -> 26653.87 | E19: =D19/ORÇAMENTO_EXECUTIVO!$G$2 -> 80.874685 | F19: =D19-B19 -> 26653.87 | G19: =E19-C19 -> 80.874685 | H19: =F19/B19 -> #DIV/0! | J19: Maior área construída para distribuição dos custos de mobiliário e redução do custo de paisagismo
A20: TOTAL | B20: =SUM(B2:B19) -> 0 | C20: =SUM(C2:C18) -> 0 | D20: =SUM(D2:D19) -> #REF! | E20: =SUM(E2:E18) -> #REF! | F20: =SUM(F2:F18) -> #REF! | G20: =SUM(G2:G18) -> #REF!
A21: CUB/ESTADO | B21: 2757.56 | C21: 45383 | D21: 2868.56 | E21: 45627
B22: =SUM(B2:B19)/ORÇAMENTO_EXECUTIVO!G2 -> 0
B23: =B22/B21 -> 0
