Workbook

Sheet Orçamento Resumo
A1: Etapa | B1: Valor Orçado | C1: % | D1: Valor / m² | E1: Valor / AP
A2: GERENCIAMENTO TÉCNICO E ADMINISTRATIVO | B2: 3576946.8 | C2: =+B2/$B$19 -> 0.11544453 | D2: =B2/$I$5 -> 228.969 | E2: =+B2/$I$7 -> 19871.927
A3: MOVIMENTAÇÃO DE TERRA | B3: 157150.55 | C3: =+B3/$B$19 -> 0.0050719713 | D3: =B3/$I$5 -> 10.059586 | E3: =+B3/$I$7 -> 873.05861
A4: INFRAESTRUTURA | B4: 2611123.8 | C4: =+B4/$B$19 -> 0.084272979 | D4: =B4/$I$5 -> 167.14434 | E4: =+B4/$I$7 -> 14506.243
A5: SUPRAESTRUTURA | B5: 5476878.1 | C5: =+B5/$B$19 -> 0.17676405 | D5: =B5/$I$5 -> 350.58818 | E5: =+B5/$I$7 -> 30427.1 | I5: 15621.97
A6: ALVENARIA ESTRUTURAL | B6: 2814182.3 | C6: =+B6/$B$19 -> 0.09082661 | D6: =B6/$I$5 -> 180.1426 | E6: =+B6/$I$7 -> 15634.346
A7: INSTALAÇÕES ELÉTRICAS, HIDROSSANITÁRIAS, PREVENTIVAS E GLP | B7: 3261432.8 | C7: =+B7/$B$19 -> 0.10526144 | D7: =B7/$I$5 -> 208.77218 | E7: =+B7/$I$7 -> 18119.071 | I7: 180
A8: SISTEMAS ESPECIAIS E EQUIPAMENTOS | B8: 1743833.2 | C8: =+B8/$B$19 -> 0.056281521 | D8: =B8/$I$5 -> 111.62697 | E8: =+B8/$I$7 -> 9687.9623
A9: IMPERMEABILIZAÇÃO | B9: 259804.21 | C9: =+B9/$B$19 -> 0.0083850772 | D9: =B9/$I$5 -> 16.630694 | E9: =+B9/$I$7 -> 1443.3567
A10: REVESTIMENTOS INTERNOS EM PISO E PAREDE | B10: 1556183.4 | C10: =+B10/$B$19 -> 0.0502252 | D10: =B10/$I$5 -> 99.615058 | E10: =+B10/$I$7 -> 8645.4636 | I10: área de ap | J10: 57.65
A11: REVESTIMENTOS E ACABAMENTOS INTERNOS EM TETO | B11: 400485.12 | C11: =+B11/$B$19 -> 0.012925497 | D11: =B11/$I$5 -> 25.636019 | E11: =+B11/$I$7 -> 2224.9173
A12: ACABAMENTOS EM PISO E PAREDE | B12: 2238854 | C12: =+B12/$B$19 -> 0.072258119 | D12: =B12/$I$5 -> 143.31445 | E12: =+B12/$I$7 -> 12438.078 | G12: =180*1.1 -> 198
A13: PINTURA INTERNA | B13: 1232053.7 | C13: =+B13/$B$19 -> 0.03976404 | D13: =B13/$I$5 -> 78.866728 | E13: =+B13/$I$7 -> 6844.7426 | G13: =220*1.1 -> 242
A14: ESQUADRIAS | B14: 2113768.7 | C14: =+B14/$B$19 -> 0.068221042 | D14: =B14/$I$5 -> 135.30744 | E14: =+B14/$I$7 -> 11743.16
A15: REVESTIMENTOS E ACABAMENTOS DE FACHADA | B15: 1365854 | C15: =+B15/$B$19 -> 0.044082393 | D15: =B15/$I$5 -> 87.43161 | E15: =+B15/$I$7 -> 7588.0777
A16: COBERTURA | B16: 62600.31 | C16: =+B16/$B$19 -> 0.0020204 | D16: =B16/$I$5 -> 4.0071969 | E16: =+B16/$I$7 -> 347.7795
A17: SERVIÇOS COMPLEMENTARES | B17: =2112965.72-B18 -> 1645711.3 | C17: =+B17/$B$19 -> 0.053114676 | D17: =B17/$I$5 -> 105.34595 | E17: =+B17/$I$7 -> 9142.8406
A18: IMPREVISTOS E CONTINGÊNCIAS | B18: 467254.42 | C18: =+B18/$B$19 -> 0.01508045 | D18: =B18/$I$5 -> 29.910083 | E18: =+B18/$I$7 -> 2595.8579
A19: TOTAL | B19: =SUM(B2:B18) -> 30984117 | C19: =SUM(C2:C18) -> 1 | D19: =SUM(D2:D18) -> 1983.3681 | E19: =SUM(E2:E18) -> 172133.98
A20: CUB/SC | B20: 2623.42 | C20: 44805 | D20: =+D19/B20 -> 0.75602385 | E20: CUB

Sheet Análise custos
A1: Etapa | B1: Belíssimo (R$/m²) | C1: Paramétrico | D1: Obras Similares | H1: 44470 | I1: 44805
A2: ='Orçamento Resumo'!A3 -> MOVIMENTAÇÃO DE TERRA | B2: ='Orçamento Resumo'!D3 -> 10.059586 | C2: =G2*$J$2 -> 25.327689 | D2: 10,00 - 20,00 | E2: 10 | F2: 20 | G2: 22.987739 | H2: 2381.05 | I2: 2623.42 | J2: =I2/H2 -> 1.1017912
A3: ='Orçamento Resumo'!A4 -> INFRAESTRUTURA | B3: ='Orçamento Resumo'!D4 -> 167.14434 | C3: =G3*$J$2 -> 251.27628 | D3: 170,00 - 230,00 | E3: 170 | F3: 230 | G3: 228.06161
A4: ='Orçamento Resumo'!A5 -> SUPRAESTRUTURA | B4: ='Orçamento Resumo'!D5 -> 350.58818 | C4: =G4*$J$2 -> 136.61287 | D4: 250,00 - 330,00 | E4: 250 | F4: 330 | G4: 123.99161
A5: ='Orçamento Resumo'!A6 -> ALVENARIA ESTRUTURAL | B5: ='Orçamento Resumo'!D6 -> 180.1426 | C5: =G5*$J$2 -> 319.46283 | D5: 190,00 - 250,00 | E5: 190 | F5: 250 | G5: 289.94861
A6: ='Orçamento Resumo'!A7 -> INSTALAÇÕES ELÉTRICAS, HIDROSSANITÁRIAS, PREVENTIVAS E GLP | B6: ='Orçamento Resumo'!D7 -> 208.77218 | C6: =G6*$J$2 -> 217.30597 | D6: 190,00 - 225,00 | E6: 190 | F6: 225 | G6: 197.22972
A7: ='Orçamento Resumo'!A8 -> SISTEMAS ESPECIAIS E EQUIPAMENTOS | B7: ='Orçamento Resumo'!D8 -> 111.62697 | C7: =G7*$J$2 -> 40.553781 | D7: 100,00 - 180,00 | E7: 100 | F7: 180 | G7: 36.807138
A8: ='Orçamento Resumo'!A9 -> IMPERMEABILIZAÇÃO | B8: ='Orçamento Resumo'!D9 -> 16.630694 | C8: =G8*$J$2 -> 34.363683 | D8: 25,00 - 35,00 | E8: 25 | F8: 35 | G8: 31.188925
A9: ='Orçamento Resumo'!A10 -> REVESTIMENTOS INTERNOS EM PISO E PAREDE | B9: ='Orçamento Resumo'!D10 -> 99.615058 | C9: =G9*$J$2 -> 120.40002 | D9: 115,00 - 130,00 | E9: 115 | F9: 130 | G9: 109.27662
A10: ='Orçamento Resumo'!A11 -> REVESTIMENTOS E ACABAMENTOS INTERNOS EM TETO | B10: ='Orçamento Resumo'!D11 -> 25.636019 | C10: =G10*$J$2 -> 26.583078 | D10: 30,00 - 40,00 | E10: 30 | F10: 40 | G10: 24.127147
A11: ='Orçamento Resumo'!A12 -> ACABAMENTOS EM PISO E PAREDE | B11: ='Orçamento Resumo'!D12 -> 143.31445 | C11: =G11*$J$2 -> 68.311056 | D11: 160,00 - 170,00 | E11: 160 | F11: 170 | G11: 62
A12: ='Orçamento Resumo'!A13 -> PINTURA INTERNA | B12: ='Orçamento Resumo'!D13 -> 78.866728 | C12: =G12*$J$2 -> 53.436874 | D12: 60,00 - 80,00 | E12: 60 | F12: 80 | G12: 48.5
A13: ='Orçamento Resumo'!A14 -> ESQUADRIAS | B13: ='Orçamento Resumo'!D14 -> 135.30744 | C13: =G13*$J$2 -> 129.40803 | D13: 110,00 - 130,00 | E13: 110 | F13: 130 | G13: 117.4524
A14: ='Orçamento Resumo'!A15 -> REVESTIMENTOS E ACABAMENTOS DE FACHADA | B14: ='Orçamento Resumo'!D15 -> 87.43161 | C14: =G14*$J$2 -> 110.15827 | D14: 85,00 - 120,00 | E14: 85 | F14: 120 | G14: 99.981074
... A16: ='Orçamento Resumo'!A17 -> SERVIÇOS COMPLEMENTARES | B16: ='Orçamento Resumo'!D17 -> 105.34595 | C16: =G16*$J$2 -> 132.46639 | D16: 130,00 - 140,00 | E16: 130 | F16: 140 | G16: 120.22821
A17: TOTAL | B17: =SUM(B2:B16) -> 1724.489 | C17: =SUM(C2:C16) -> 1682.7311 | D17: 1.600,00 - 2.000,00 | E17: =SUM(E2:E16) -> 1630 | F17: =SUM(F2:F16) -> 2090

Sheet Planilha2
C2: São francisco | D2: 11637.74 | E2: m2 | G2: Atlanta | H2: 2295.8 | I2: m2 | L2: Cub abril/19 | M2: Cub out/21 | N2: Variação
C3: 43556 | D3: 44470 | E3: R$/m2 | G3: 43556 | H3: 44470 | I3: R$/m2 | L3: 1848.59 | M3: 2381.05 | N3: =M3/L3 -> 1.2880357
B4: Serviços preliminares | C4: 137870.79 | D4: =C4*$N$3 -> 177582.51 | E4: =D4/$D$2 -> 15.259192 | G4: 44000 | H4: =G4*$N$3 -> 56673.573 | I4: =H4/$H$2 -> 24.685762
B5: Fundação | C5: 792845.7 | D5: =C5*$N$3 -> 1021213.6 | E5: =D5/$D$2 -> 87.750165 | G5: 202131.2 | H5: =G5*$N$3 -> 260352.21 | I5: =H5/$H$2 -> 113.4037
B6: Estrutura | C6: 1075697.2 | D6: =C6*$N$3 -> 1385536.4 | E6: =D6/$D$2 -> 119.05545 | G6: 216705.25 | H6: =G6*$N$3 -> 279124.11 | I6: =H6/$H$2 -> 121.58032
B7: Alvenaria | C7: 1263098.3 | D7: =C7*$N$3 -> 1626915.7 | E7: =D7/$D$2 -> 139.79654 | G7: 244348.48 | H7: =G7*$N$3 -> 314729.58 | I7: =H7/$H$2 -> 137.08928
B8: Impermeabilização | C8: 104564.96 | D8: =C8*$N$3 -> 134683.41 | E8: =D8/$D$2 -> 11.572986 | G8: 38453.88 | H8: =G8*$N$3 -> 49529.972 | I8: =H8/$H$2 -> 21.574167
B9: Revestimento | C9: 985469.46 | D9: =C9*$N$3 -> 1269319.9 | E9: =D9/$D$2 -> 109.06928 | G9: 199597.41 | H9: =G9*$N$3 -> 257088.6 | I9: =H9/$H$2 -> 111.98214
B10: Pisos | C10: 889104.92 | D10: =C10*$N$3 -> 1145198.9 | E10: =D10/$D$2 -> 98.403893 | G10: 130497.38 | H10: =G10*$N$3 -> 168085.29 | I10: =H10/$H$2 -> 73.214257
B11: Mármores e granitos | C11: 90622.66 | D11: =C11*$N$3 -> 116725.23 | E11: =D11/$D$2 -> 10.029888 | G11: 27895.1 | H11: =G11*$N$3 -> 35929.886 | I11: =H11/$H$2 -> 15.650268
B12: Forros | C12: 84135.46 | D12: =C12*$N$3 -> 108369.48 | E12: =D12/$D$2 -> 9.3119008 | G12: 16914.25 | H12: =G12*$N$3 -> 21786.159 | I12: =H12/$H$2 -> 9.4895717
B13: Esquadrias | C13: 668146.88 | D13: =C13*$N$3 -> 860597.07 | E13: =D13/$D$2 -> 73.948814 | G13: 115886.47 | H13: =G13*$N$3 -> 149265.92 | I13: =H13/$H$2 -> 65.016951
B14: Vidros | C14: 0 | D14: =C14*$N$3 -> 0 | E14: =D14/$D$2 -> 0 | G14: 0 | H14: =G14*$N$3 -> 0 | I14: =H14/$H$2 -> 0
B15: Cobertura | C15: 144071.4 | D15: =C15*$N$3 -> 185569.11 | E15: =D15/$D$2 -> 15.94546 | G15: 30879.96 | H15: =G15*$N$3 -> 39774.492 | I15: =H15/$H$2 -> 17.324894
... B21: Serviços complementares | C21: 137000 | D21: =C21*$N$3 -> 176460.9 | E21: =D21/$D$2 -> 15.162815 | G21: 18000 | H21: =G21*$N$3 -> 23184.643 | I21: =H21/$H$2 -> 10.098721
B23: Revestimento externo | C23: 304235.61 | G23: 73010.18
B24: Pintura externa | C24: 151891.25 | G24: 45145
C25: =SUM(C23:C24) -> 456126.86 | D25: =C25*$N$3 -> 587507.7 | E25: =D25/$D$2 -> 50.482972 | G25: =SUM(G23:G24) -> 118155.18 | H25: =G25*$N$3 -> 152188.1 | I25: =H25/$H$2 -> 66.289788
