Workbook

Sheet Gerenciamento executivo 
A1: ETAPA | B1: URBAN LIFE | D1: OBRA SIMILAR | E1: BARBADOS | F1: NASSAU
B2: VALOR | C2: VALOR / m² | D2: VALOR / m² | E2: VALOR / m² | F2: VALOR / m²
A3: MOVIMENTAÇÃO DE TERRA | B3: ='Executivo '!B3 -> 131035.61 | C3: ='Executivo '!D3 -> 18.61251 | D3: 10,00 - 20,00 | E3: 17.84 | F3: 18.67
A4: INFRAESTRUTURA | B4: ='Executivo '!B4 -> 381749.34 | C4: ='Executivo '!D4 -> 54.224295 | D4: 50,00 - 70,00 | E4: 103.67 | F4: 89.63
A5: SUPRAESTRUTURA | B5: ='Executivo '!B5 -> 4087000.9 | C5: ='Executivo '!D5 -> 580.52423 | D5: 520,00 - 580,00 | E5: 404.78 | F5: 349.64
A6: ALVENARIA | B6: ='Executivo '!B6 -> 707743.78 | C6: ='Executivo '!D6 -> 100.52907 | D6: 100,00 - 120,00 | E6: 57.21 | F6: 47.2
A7: INSTALAÇÕES ELÉTRICAS, HIDRÁULICAS, GLP E PREVENTIVAS | B7: ='Executivo '!B7 -> 2018349.6 | C7: ='Executivo '!D7 -> 286.68964 | D7: 250,00 - 300,00 | E7: 159.26 | F7: 156.61
A8: SISTEMAS E EQUIPAMENTOS ESPECIAIS | B8: ='Executivo '!B8 -> 1003856.6 | C8: ='Executivo '!D8 -> 142.58942 | D8: 200,00 - 250,00 | E8: 156.1 | F8: 172.54
A9: IMPERMEABILIZAÇÃO | B9: ='Executivo '!B9 -> 388435.76 | C9: ='Executivo '!D9 -> 55.174045 | D9: 55,00 - 65,00 | E9: 64.42 | F9: 59.07
A10: REVESTIMENTOS INTERNOS EM PISO E PAREDE | B10: ='Executivo '!B10 -> 1188377.6 | C10: ='Executivo '!D10 -> 168.79908 | D10: 140,00 - 190,00 | E10: 114.58 | F10: 91.74
A11: REVESTIMENTOS E ACABAMENTOS INTERNOS EM TETO | B11: ='Executivo '!B11 -> 504924.23 | C11: ='Executivo '!D11 -> 71.720256 | D11: 65,00 - 75,00 | E11: 46.59 | F11: 49.31
A12: ACABAMENTOS EM PISO E PAREDE | B12: ='Executivo '!B12 -> 1174891.3 | C12: ='Executivo '!D12 -> 166.88347 | D12: 160,00 - 180,00 | E12: 114.6 | F12: 112.56
A13: PINTURA INTERNA | B13: ='Executivo '!B13 -> 716707.09 | C13: ='Executivo '!D13 -> 101.80224 | D13: 100,00 - 120,00 | E13: 128.02 | F13: 118.36
A14: ESQUADRIAS, VIDROS E FERRAGENS | B14: ='Executivo '!B14 -> 2425554.6 | C14: ='Executivo '!D14 -> 344.52971 | D14: 280,00 - 330,00 | E14: 256.91 | F14: 235.88
... A17: SERVIÇOS COMPLEMENTARES | B17: ='Executivo '!B17 -> 605501 | C17: ='Executivo '!D17 -> 86.006344 | D17: 80,00 - 140,00 | E17: 111.54 | F17: 106.28
A18: TOTAL | B18: =SUM(B3:B17) -> 16153121 | C18: =SUM(C3:C17) -> 2294.4155 | D18: 2010,00 - 2500,00

Sheet Executivo 
A1: ETAPA | B1: VALOR ORÇADO | C1: % | D1: VALOR / m² | E1: VALOR / UNIDADE
A2: GERENCIAMENTO TÉCNICO E ADMINISTRATIVO | B2: 2037693.9 | C2: =B2/B$19 -> 0.11027029 | D2: =B2/'Executivo '!H$10 -> 289.43735 | E2: =B2/H$7 -> 42451.957 | G2: 240-320
A3: MOVIMENTAÇÃO DE TERRA | B3: 131035.61 | C3: =B3/B$19 -> 0.007091023 | D3: =B3/'Executivo '!H$10 -> 18.61251 | E3: =B3/H$7 -> 2729.9085
A4: INFRAESTRUTURA | B4: 381749.34 | C4: =B4/B$19 -> 0.020658456 | D4: =B4/'Executivo '!H$10 -> 54.224295 | E4: =B4/H$7 -> 7953.1113
A5: SUPRAESTRUTURA | B5: 4087000.9 | C5: =B5/B$19 -> 0.22116902 | D5: =B5/'Executivo '!H$10 -> 580.52423 | E5: =B5/H$7 -> 85145.852
A6: ALVENARIA | B6: 707743.78 | C6: =B6/B$19 -> 0.038299722 | D6: =B6/'Executivo '!H$10 -> 100.52907 | E6: =B6/H$7 -> 14744.662
A7: INSTALAÇÕES ELÉTRICAS, HIDRÁULICAS, GLP E PREVENTIVAS | B7: 2018349.6 | C7: =B7/B$19 -> 0.10922346 | D7: =B7/'Executivo '!H$10 -> 286.68964 | E7: =B7/H$7 -> 42048.949 | H7: 48
A8: SISTEMAS E EQUIPAMENTOS ESPECIAIS | B8: =868332+135524.6 -> 1003856.6 | C8: =B8/B$19 -> 0.054323937 | D8: =B8/'Executivo '!H$10 -> 142.58942 | E8: =B8/H$7 -> 20913.679
A9: IMPERMEABILIZAÇÃO | B9: 388435.76 | C9: =B9/B$19 -> 0.021020293 | D9: =B9/'Executivo '!H$10 -> 55.174045 | E9: =B9/H$7 -> 8092.4117
A10: REVESTIMENTOS INTERNOS EM PISO E PAREDE | B10: 1188377.6 | C10: =B10/B$19 -> 0.064309335 | D10: =B10/'Executivo '!H$10 -> 168.79908 | E10: =B10/H$7 -> 24757.867 | H10: 7040.19 | I10: REVESTIMENTOS INTERNOS EM PISO E PAREDE
A11: REVESTIMENTOS E ACABAMENTOS INTERNOS EM TETO | B11: 504924.23 | C11: =B11/B$19 -> 0.027324094 | D11: =B11/'Executivo '!H$10 -> 71.720256 | E11: =B11/H$7 -> 10519.255 | I11: REVESTIMENTOS E ACABAMENTOS INTERNOS EM TETO
A12: ACABAMENTOS EM PISO E PAREDE | B12: 1174891.3 | C12: =B12/B$19 -> 0.063579521 | D12: =B12/'Executivo '!H$10 -> 166.88347 | E12: =B12/H$7 -> 24476.902 | I12: ACABAMENTOS EM PISO E PAREDE
A13: PINTURA INTERNA | B13: 716707.09 | C13: =B13/B$19 -> 0.038784773 | D13: =B13/'Executivo '!H$10 -> 101.80224 | E13: =B13/H$7 -> 14931.398 | I13: PINTURA INTERNA
A14: ESQUADRIAS, VIDROS E FERRAGENS | B14: 2425554.6 | C14: =B14/B$19 -> 0.13125946 | D14: =B14/'Executivo '!H$10 -> 344.52971 | E14: =B14/H$7 -> 50532.388 | I14: ESQUADRIAS, VIDROS E FERRAGENS
A15: COBERTURA | B15: 69003.36 | C15: =B15/B$19 -> 0.0037341331 | D15: =B15/'Executivo '!H$10 -> 9.8013491 | E15: =B15/H$7 -> 1437.57 | I15: COBERTURA
A16: REVESTIMENTOS E ACABAMENTOS DE FACHADA | B16: 749990.6 | C16: =B16/B$19 -> 0.040585918 | D16: =B16/'Executivo '!H$10 -> 106.52988 | E16: =B16/H$7 -> 15624.804 | I16: COBERTURA
A17: SERVIÇOS COMPLEMENTARES | B17: 605501 | C17: =B17/B$19 -> 0.03276683 | D17: =B17/'Executivo '!H$10 -> 86.006344 | E17: =B17/H$7 -> 12614.604 | I17: REVESTIMENTOS E ACABAMENTOS DE FACHADA
A18: IMPREVISTOS E CONTINGÊNCIAS | B18: 288268.87 | C18: =B18/B$19 -> 0.015599738 | D18: =B18/'Executivo '!H$10 -> 40.946178 | E18: =B18/H$7 -> 6005.6015 | I18: REVESTIMENTOS E ACABAMENTOS DE FACHADA
A19: TOTAL | B19: =SUM(B2:B18) -> 18479084 | C19: =SUM(C2:C18) -> 1 | D19: =SUM(D2:D18) -> 2624.7991 | E19: =SUM(E2:E18) -> 384980.92
A20: CUB/SC | B20: 2438.51 | C20: 44562 | D20: =+D19/B20 -> 1.0763946 | E20: CUBs

Sheet Auxiliar
A1: ETAPA | B1: VALOR ORÇADO | C1: % | D1: VALOR / m² | E1: VALOR / UNIDADE
A2: CUB/SC | B2: 2428.1 | C2: 44562 | D2: 1.0837748 | E2: CUBs | G2: 240-320
A3: TOTAL | B3: 11417533 | C3: 1 | D3: 2631.5137 | E3: 248207.23
A4: SUPRAESTRUTURA | B4: 2050647 | C4: 0.17960509 | D4: 472.63326 | E4: 44579.282
A5: GERENCIAMENTO TÉCNICO E ADMINISTRATIVO | B5: 1244715.7 | C5: 0.10901792 | D5: 286.88216 | E5: 27059.037
A6: ESQUADRIAS, VIDROS E FERRAGENS | B6: 1098293.5 | C6: 0.096193591 | D6: 253.13475 | E6: 23875.945
A7: INSTALAÇÕES ELÉTRICAS, HIDRÁULICAS, GLP E PREVENTIVAS | B7: 1006436.8 | C7: 0.08814836 | D7: 231.96361 | E7: 21879.06 | H7: 46
A8: SISTEMAS E EQUIPAMENTOS ESPECIAIS | B8: 814303.91 | C8: 0.071320481 | D8: 187.68082 | E8: 17702.259
A9: INFRAESTRUTURA | B9: 733479.67 | C9: 0.064241522 | D9: 169.05244 | E9: 15945.21 | H9: 4338.77
A10: ACABAMENTOS EM PISO E PAREDE | B10: 719506.35 | C10: 0.063017675 | D10: 165.83187 | E10: 15641.442 | H10: 6988.43 | I10: REVESTIMENTOS INTERNOS EM PISO E PAREDE
A11: REVESTIMENTOS INTERNOS EM PISO E PAREDE | B11: 681732.56 | C11: 0.059709272 | D11: 157.12577 | E11: 14820.273 | I11: REVESTIMENTOS E ACABAMENTOS INTERNOS EM TETO
A12: PINTURA INTERNA | B12: 594971.72 | C12: 0.052110359 | D12: 137.12912 | E12: 12934.168 | I12: ACABAMENTOS EM PISO E PAREDE
A13: ALVENARIA | B13: 585647.27 | C13: 0.051293681 | D13: 134.98002 | E13: 12731.462 | I13: PINTURA INTERNA
A14: REVESTIMENTOS E ACABAMENTOS DE FACHADA | B14: 559074.22 | C14: 0.048966291 | D14: 128.85546 | E14: 12153.787 | I14: ESQUADRIAS, VIDROS E FERRAGENS
A15: SERVIÇOS COMPLEMENTARES | B15: 527000 | C15: 0.046157083 | D15: 121.463 | E15: 11456.522 | I15: COBERTURA
A16: IMPERMEABILIZAÇÃO | B16: 274801.74 | C16: 0.0240684 | D16: 63.336323 | E16: 5973.9509 | I16: COBERTURA
A17: REVESTIMENTOS E ACABAMENTOS INTERNOS EM TETO | B17: 250190.58 | C17: 0.021912841 | D17: 57.663942 | E17: 5438.9257 | I17: REVESTIMENTOS E ACABAMENTOS DE FACHADA
A18: IMPREVISTOS E CONTINGÊNCIAS | B18: 171293.81 | C18: 0.0150027 | D18: 39.479809 | E18: 3723.7785 | I18: REVESTIMENTOS E ACABAMENTOS DE FACHADA
A19: COBERTURA | B19: 86734.73 | C19: 0.0075966265 | D19: 19.990626 | E19: 1885.5376
A20: MOVIMENTAÇÃO DE TERRA | B20: 18703.05 | C20: 0.0016380991 | D20: 4.3106802 | E20: 406.58804
