Workbook

Sheet Gerenciamento executivo 
A1: ETAPA | B1: SERENITY | D1: OBRA SIMILAR
B2: VALOR | C2: VALOR / m² | D2: VALOR / m² | E2: Valor 1 | F2: Valor 2
A3: FUNDAÇÃO - ESTACAS, BLOCOS E BALDRAMES | B3: =Executivo!B8 -> 3397992.5 | C3: =Executivo!D8 -> 249.73267 | D3: 180,00 - 220,00 | E3: 180 | F3: =220-180 -> 40
A4: ESTRUTURA DE CONCRETO ARMADO | B4: =Executivo!B9 -> 9682667.9 | C4: =Executivo!D9 -> 711.61972 | D4: 650,00 - 700,00 | E4: 650 | F4: 50
A5: ALVENARIA, VEDAÇÕES, DIVISÓRIAS, CAIXAS | B5: =Executivo!B10 -> 1646319.7 | C5: =Executivo!D10 -> 120.99491 | D5: 85,00 - 110,00 | E5: 85 | F5: =110-85 -> 25
A6: SISTEMAS DE EXAUSTÃO E CLIMATIZAÇÃO | B6: =Executivo!B11 -> 730000 | C6: =Executivo!D11 -> 53.65075 | D6: 50,00 - 60,00 | E6: 50 | F6: 10
A7: SISTEMAS E INSTALAÇÕES HIDRO-SANITÁRIAS | B7: =Executivo!B12 -> 1292092.9 | C7: =Executivo!D12 -> 94.961306 | D7: 85,00 - 95,00 | E7: 85 | F7: 10
A8: SISTEMAS E INSTALAÇÕES ELÉTRICAS E LOGICAS | B8: =Executivo!B13 -> 1686748.1 | C8: =Executivo!D13 -> 123.96616 | D8: 120,00 - 130,00 | E8: 120 | F8: 10
A9: REBOCO INTERNO E CONTRAPISO | B9: =Executivo!B14 -> 1786443.4 | C9: =Executivo!D14 -> 131.29319 | D9: 130,00 - 150,00 | E9: 130 | F9: 20
A10: REVESTIMENTOS EXTERNO E ACABAMENTOS EM FACHADA | B10: =Executivo!B15 -> 790907.42 | C10: =Executivo!D15 -> 58.127091 | D10: 50,00 - 70,00 | E10: 50 | F10: 20
A11: INSTALAÇÕES DE GLP | B11: =Executivo!B16 -> 126088.38 | C11: =Executivo!D16 -> 9.2667618 | D11: 5,00 - 12,00 | E11: 5 | F11: =12-5 -> 7
A12: ACABAMENTOS EM PISO E PAREDE | B12: =Executivo!B17 -> 1520144.1 | C12: =Executivo!D17 -> 111.72174 | D12: 110,00 - 130,00 | E12: 110 | F12: 20
A13: TETOS E FORROS | B13: =Executivo!B18 -> 865460.86 | C13: =Executivo!D18 -> 63.606334 | D13: 60,00 - 70,00 | E13: 60 | F13: 10
A14: PINTURA INTERNA | B14: =Executivo!B19 -> 725394.87 | C14: =Executivo!D19 -> 53.3123 | D14: 50,00 - 60,00 | E14: 50 | F14: 10
A15: PINTURA EXTERNA | B15: =Executivo!B20 -> 791971.26 | C15: =Executivo!D20 -> 58.205277 | D15: 50,00 - 60,00 | E15: 50 | F15: 10
A16: GARAGENS | B16: =Executivo!B21 -> 663739.54 | C16: =Executivo!D21 -> 48.780992 | D16: 40,00 - 60,00 | E16: 40 | F16: 20
A17: INSTALAÇÕES PREVENTIVAS DE INCENDIO | B17: =Executivo!B22 -> 604375.15 | C17: =Executivo!D22 -> 44.418055 | D17: 30,00 - 60,00 | E17: 30 | F17: 30
A18: IMPERMEABILIZAÇÃO E TRATAMENTOS | B18: =Executivo!B23 -> 399342.98 | C18: =Executivo!D23 -> 29.349384 | D18: 35,00 - 45,00 | E18: 35 | F18: 10
A19: ESQUADRIAS METÁLICAS | B19: =Executivo!B24 -> 1926821.2 | C19: =Executivo!D24 -> 141.61014 | D19: 120,00 - 140,00 | E19: 120 | F19: 20
A20: PORTAS E RODAPÉS | B20: =Executivo!B25 -> 998437.06 | C20: =Executivo!D25 -> 73.379311 | D20: 70,00 - 80,00 | E20: 70 | F20: 10
A21: EQUIPAMENTOS E SISTEMAS ESPECIAIS | B21: =Executivo!B26 -> 1161425 | C21: =Executivo!D26 -> 85.357975 | D21: 80,00 - 100,000 | E21: 80 | F21: 20
A22: SERVIÇOS COMPLEMENTARES E FINAIS | B22: =Executivo!B27 -> 1225000 | C22: =Executivo!D27 -> 90.030368 | D22: 85,00 - 120,00 | E22: 85 | F22: =120-85 -> 35
A23: TOTAL | B23: =SUM(B3:B22) -> 32021372 | C23: =SUM(C3:C22) -> 2353.3844 | D23: 1904,50 - 2437,50

Sheet Executivo
A1: ETAPA | B1: VALOR ORÇADO | C1: % | D1: VALOR / m² | E1: VALOR / UNIDADE
A2: PROJETOS | B2: 607349.52 | C2: =B2/$B$28 -> 0.017141338 | D2: =B2/$G$4 -> 44.636654 | E2: =B2/G$5 -> 13803.398
A3: CONSULTORIAS | B3: 103500 | C3: =B3/$B$28 -> 0.0029210997 | D3: =B3/$G$4 -> 7.6066474 | E3: =B3/G$5 -> 2352.2727
A4: TAXAS E DOCUMENTOS | B4: 142750 | C4: =B4/$B$28 -> 0.0040288598 | D4: =B4/$G$4 -> 10.491294 | E4: =B4/G$5 -> 3244.3182 | G4: 13606.52
A5: EQUIPE DE ADMINISTRAÇÃO DA OBRA | B5: 1510800 | C5: =B5/$B$28 -> 0.042639589 | D5: =B5/$G$4 -> 111.035 | E5: =B5/G$5 -> 34336.364 | G5: 44
A6: INSTALAÇÃO E MANUTENÇÃO DO CANTEIRO DE OBRAS | B6: 462539.96 | C6: =B6/$B$28 -> 0.013054351 | D6: =B6/$G$4 -> 33.993994 | E6: =B6/G$5 -> 10512.272
A7: EQUIPAMENTOS (AQUISIÇÃO, MANUTENÇÃO E LOCAÇÃO) | B7: 583549.58 | C7: =B7/$B$28 -> 0.016469628 | D7: =B7/$G$4 -> 42.887497 | E7: =B7/G$5 -> 13262.49
A8: FUNDAÇÃO - ESTACAS, BLOCOS E BALDRAMES | B8: 3397992.5 | C8: =B8/$B$28 -> 0.095902174 | D8: =B8/$G$4 -> 249.73267 | E8: =B8/G$5 -> 77227.103
A9: ESTRUTURA DE CONCRETO ARMADO | B9: 9682667.9 | C9: =B9/$B$28 -> 0.27327573 | D9: =B9/$G$4 -> 711.61972 | E9: =B9/G$5 -> 220060.63
A10: ALVENARIA, VEDAÇÕES, DIVISÓRIAS, CAIXAS | B10: 1646319.7 | C10: =B10/$B$28 -> 0.046464386 | D10: =B10/$G$4 -> 120.99491 | E10: =B10/G$5 -> 37416.356
A11: SISTEMAS DE EXAUSTÃO E CLIMATIZAÇÃO | B11: 730000 | C11: =B11/$B$28 -> 0.020602926 | D11: =B11/$G$4 -> 53.65075 | E11: =B11/G$5 -> 16590.909
A12: SISTEMAS E INSTALAÇÕES HIDRO-SANITÁRIAS | B12: 1292092.9 | C12: =B12/$B$28 -> 0.036466978 | D12: =B12/$G$4 -> 94.961306 | E12: =B12/G$5 -> 29365.748
A13: SISTEMAS E INSTALAÇÕES ELÉTRICAS E LOGICAS | B13: 1686748.1 | C13: =B13/$B$28 -> 0.047605404 | D13: =B13/$G$4 -> 123.96616 | E13: =B13/G$5 -> 38335.183
A14: REBOCO INTERNO E CONTRAPISO | B14: 1786443.4 | C14: =B14/$B$28 -> 0.050419123 | D14: =B14/$G$4 -> 131.29319 | E14: =B14/G$5 -> 40600.986
A15: REVESTIMENTOS EXTERNO E ACABAMENTOS EM FACHADA | B15: 790907.42 | C15: =B15/$B$28 -> 0.022321927 | D15: =B15/$G$4 -> 58.127091 | E15: =B15/G$5 -> 17975.169
A16: INSTALAÇÕES DE GLP | B16: 126088.38 | C16: =B16/$B$28 -> 0.0035586158 | D16: =B16/$G$4 -> 9.2667618 | E16: =B16/G$5 -> 2865.645
A17: ACABAMENTOS EM PISO E PAREDE | B17: 1520144.1 | C17: =B17/$B$28 -> 0.042903309 | D17: =B17/$G$4 -> 111.72174 | E17: =B17/G$5 -> 34548.729
... A27: SERVIÇOS COMPLEMENTARES E FINAIS | B27: 1225000 | C27: =B27/$B$28 -> 0.034573402 | D27: =B27/$G$4 -> 90.030368 | E27: =B27/G$5 -> 27840.909
A28: TOTAL | B28: =SUM(B2:B27) -> 35431861 | C28: =SUM(C2:C27) -> 1 | D28: =SUM(D2:D27) -> 2604.0355 | E28: =SUM(E2:E27) -> 805269.58
A29: CUB/SC | B29: 2307.92 | C29: 44378 | D29: =+D28/B29 -> 1.1283041 | E29: CUBs

Sheet ETAPAS
A1: ETAPA | B1: VALOR ORÇADO | C1: % | D1: VALOR / m² | E1: VALOR / UNIDADE
A2: ESTRUTURA DE CONCRETO ARMADO | B2: 9682667.9 | C2: =B2/$B$29 -> 0.27327573 | D2: =B2/$G$4 -> 711.61972 | E2: =B2/G$5 -> 220060.63
A3: FUNDAÇÃO - ESTACAS, BLOCOS E BALDRAMES | B3: 3397992.5 | C3: =B3/$B$29 -> 0.095902174 | D3: =B3/$G$4 -> 249.73267 | E3: =B3/G$5 -> 77227.103
A4: ESQUADRIAS METÁLICAS | B4: 1926821.2 | C4: =B4/$B$29 -> 0.054381031 | D4: =B4/$G$4 -> 141.61014 | E4: =B4/G$5 -> 43791.39 | G4: 13606.52
A5: REBOCO INTERNO E CONTRAPISO | B5: 1786443.4 | C5: =B5/$B$29 -> 0.050419123 | D5: =B5/$G$4 -> 131.29319 | E5: =B5/G$5 -> 40600.986 | G5: 44
A6: SISTEMAS E INSTALAÇÕES ELÉTRICAS E LOGICAS | B6: 1686748.1 | C6: =B6/$B$29 -> 0.047605404 | D6: =B6/$G$4 -> 123.96616 | E6: =B6/G$5 -> 38335.183
A7: ALVENARIA, VEDAÇÕES, DIVISÓRIAS, CAIXAS | B7: 1646319.7 | C7: =B7/$B$29 -> 0.046464386 | D7: =B7/$G$4 -> 120.99491 | E7: =B7/G$5 -> 37416.356
A8: ACABAMENTOS EM PISO E PAREDE | B8: 1520144.1 | C8: =B8/$B$29 -> 0.042903309 | D8: =B8/$G$4 -> 111.72174 | E8: =B8/G$5 -> 34548.729
A9: EQUIPE DE ADMINISTRAÇÃO DA OBRA | B9: 1510800 | C9: =B9/$B$29 -> 0.042639589 | D9: =B9/$G$4 -> 111.035 | E9: =B9/G$5 -> 34336.364
A10: SISTEMAS E INSTALAÇÕES HIDRO-SANITÁRIAS | B10: 1292092.9 | C10: =B10/$B$29 -> 0.036466978 | D10: =B10/$G$4 -> 94.961306 | E10: =B10/G$5 -> 29365.748
A11: SERVIÇOS COMPLEMENTARES E FINAIS | B11: 1225000 | C11: =B11/$B$29 -> 0.034573402 | D11: =B11/$G$4 -> 90.030368 | E11: =B11/G$5 -> 27840.909
A12: EQUIPAMENTOS E SISTEMAS ESPECIAIS | B12: 1161425 | C12: =B12/$B$29 -> 0.032779113 | D12: =B12/$G$4 -> 85.357975 | E12: =B12/G$5 -> 26396.023
A13: PORTAS E RODAPÉS | B13: 998437.06 | C13: =B13/$B$29 -> 0.028179075 | D13: =B13/$G$4 -> 73.379311 | E13: =B13/G$5 -> 22691.751
A14: TETOS E FORROS | B14: 865460.86 | C14: =B14/$B$29 -> 0.024426063 | D14: =B14/$G$4 -> 63.606334 | E14: =B14/G$5 -> 19669.565
A15: PINTURA EXTERNA | B15: 791971.26 | C15: =B15/$B$29 -> 0.022351952 | D15: =B15/$G$4 -> 58.205277 | E15: =B15/G$5 -> 17999.347
A16: REVESTIMENTOS EXTERNO E ACABAMENTOS EM FACHADA | B16: 790907.42 | C16: =B16/$B$29 -> 0.022321927 | D16: =B16/$G$4 -> 58.127091 | E16: =B16/G$5 -> 17975.169
A17: SISTEMAS DE EXAUSTÃO E CLIMATIZAÇÃO | B17: 730000 | C17: =B17/$B$29 -> 0.020602926 | D17: =B17/$G$4 -> 53.65075 | E17: =B17/G$5 -> 16590.909
... A27: CONSULTORIAS | B27: 103500 | C27: =B27/$B$29 -> 0.0029210997 | D27: =B27/$G$4 -> 7.6066474 | E27: =B27/G$5 -> 2352.2727
A29: TOTAL | B29: =SUM(B2:B27) -> 35431861 | C29: =SUM(C2:C27) -> 1 | D29: =SUM(D2:D27) -> 2604.0355 | E29: =SUM(E2:E27) -> 805269.58 | H29: =+B29-8689901.84-4220046.86-3153387.2-2007276.96-1705091-1565283.8 -> 14090874 | I29: =+H29/B29 -> 0.39768934
A30: CUB/SC | B30: 2307.92 | C30: 44378 | D30: =+D29/B30 -> 1.1283041 | E30: CUBs
