Workbook

Sheet Gerenciamento executivo 
A1: ETAPA | B1: VÉRTICE | D1: OBRA SIMILAR
B2: VALOR | C2: VALOR / m² | D2: VALOR / m²
A3: =Gerenciamento_Exec!A3 -> MOVIMENTAÇÃO DE TERRA | B3: =Gerenciamento_Exec!B3 -> 698368 | C3: =Gerenciamento_Exec!D3 -> 38.035008 | D3: 30,00 - 50,00 | E3: 30 | F3: 50 | I3: 1945.43 | J3: 2544.17 | L3: =J3/I3 -> 1.3077674
A4: =Gerenciamento_Exec!A4 -> CONTENÇÕES | B4: =Gerenciamento_Exec!B4 -> 2128517.8 | C4: =Gerenciamento_Exec!D4 -> 115.92483 | D4: 70,00 - 130,00 | E4: 70 | F4: 130
A5: =Gerenciamento_Exec!A5 -> INFRAESTRUTURA | B5: =Gerenciamento_Exec!B5 -> 4087599.5 | C5: =Gerenciamento_Exec!D5 -> 222.62171 | D5: 180,00 - 240,00 | E5: 180 | F5: 240
A6: =Gerenciamento_Exec!A6 -> SUPRAESTRUTURA | B6: =Gerenciamento_Exec!B6 -> 12812690 | C6: =Gerenciamento_Exec!D6 -> 697.81371 | D6: 580,00 - 630,00 | E6: 580 | F6: 630
A7: =Gerenciamento_Exec!A7 -> ALVENARIA ESTRUTURAL | B7: =Gerenciamento_Exec!B7 -> 4295520.7 | C7: =Gerenciamento_Exec!D7 -> 233.94566 | D7: 250,00 - 300,00 | E7: 250 | F7: 300
A8: =Gerenciamento_Exec!A8 -> INSTALAÇÕES | B8: =Gerenciamento_Exec!B8 -> 14454264 | C8: =Gerenciamento_Exec!D8 -> 787.21827 | D8: 330,00 - 450,00 | E8: 330 | F8: 450
A9: =Gerenciamento_Exec!A9 -> SISTEMAS E EQUIPAMENTOS ESPECIAIS | B9: =Gerenciamento_Exec!B9 -> 2319476.8 | C9: =Gerenciamento_Exec!D9 -> 126.32497 | D9: 100,00 - 180,00 | E9: 100 | F9: 180
A10: =Gerenciamento_Exec!A10 -> IMPERMEABILIZAÇÃO | B10: =Gerenciamento_Exec!B10 -> 1689026 | C10: =Gerenciamento_Exec!D10 -> 91.988918 | D10: 70,00 - 90,00 | E10: 70 | F10: 90
A11: =Gerenciamento_Exec!A11 -> REVESTIMENTOS INTERNOS EM PISO E PAREDE | B11: =Gerenciamento_Exec!B11 -> 2974866.5 | C11: =Gerenciamento_Exec!D11 -> 162.01927 | D11: 140,00 - 170,00 | E11: 140 | F11: 170
A12: =Gerenciamento_Exec!A12 -> REVESTIMENTOS E ACABAMENTOS INTERNOS EM TETO | B12: =Gerenciamento_Exec!B12 -> 1371384 | C12: =Gerenciamento_Exec!D12 -> 74.689276 | D12: 60,00 - 80,00 | E12: 60 | F12: 80
A13: =Gerenciamento_Exec!A13 -> ACABAMENTOS EM PISO E PAREDE | B13: =Gerenciamento_Exec!B13 -> 3269687 | C13: =Gerenciamento_Exec!D13 -> 178.07599 | D13: 160,00 - 170,00 | E13: 160 | F13: 170
A14: =Gerenciamento_Exec!A14 -> COBERTURA | B14: =Gerenciamento_Exec!B14 -> 367473.54 | C14: =Gerenciamento_Exec!D14 -> 20.013602 | D14: 10,00 - 20,00 | E14: 10 | F14: 20
A15: =Gerenciamento_Exec!A15 -> PINTURA INTERNA | B15: =Gerenciamento_Exec!B15 -> 1457557.6 | C15: =Gerenciamento_Exec!D15 -> 79.382525 | D15: 60,00 - 80,00 | E15: 60 | F15: 80
... A18: =Gerenciamento_Exec!A18 -> SERVIÇOS COMPLEMENTARES | B18: =Gerenciamento_Exec!B18 -> 3693749.4 | C18: =Gerenciamento_Exec!D18 -> 201.17157 | D18: 150,00 - 190,00 | E18: 150 | F18: 190
A19: TOTAL | B19: =SUM(B3:B18) -> 60651262 | C19: =SUM(C3:C18) -> 3303.2315 | D19: 2450,00 - 3100,00 | E19: =SUM(E3:E18) -> 2450 | F19: =SUM(F3:F18) -> 3100
B23: 2007.57
B24: 2461.35
B25: =B24/B23 -> 1.2260345
C28: 1.1023
A30: 900,00 - 1100 | B30: 900
A31: 25,00 - 30,00 | B31: 25
A32: 15,00 - 22,00 | B32: 15
A33: 150,00 - 200,00 | B33: 150
A34: 440,00 - 510,00 | B34: 440
A35: -
A36: 55,00 - 70,00 | B36: 55
A37: 170,00 - 200,00 | B37: 170
A38: 165,00 - 230,00 | B38: 165
A39: 40,00 - 70,00 | B39: 40
A40: 55,00 - 77,00 | B40: 55
A41: 35,00 - 50,00 | B41: 35
A42: 130,00 - 175,00 | B42: 130
A43: 35,00 - 65,00 | B43: 35
A44: 35,00 - 55,00 | B44: 35
A45: 430,00 - 550,00 | B45: 430
A46: 35,00 - 50,00 | B46: 35
A47: 150,00 - 220,00 | B47: 150

Sheet Gerenciamento_Exec
A1: ETAPA | B1: VALOR ORÇADO | C1: % | D1: VALOR / m² | E1: VALOR / UNIDADE
A2: ADMINISTRAÇÃO E CANTEIRO DE OBRA E EQUIPAMENTOS | B2: =1820737.7+1576588.4 -> 3397326.1 | C2: =B2/B$19 -> 0.053042951 | D2: =B2/Gerenciamento_Exec!H$13 -> 185.02756 | E2: =B2/H$10 -> 24266.615
A3: MOVIMENTAÇÃO DE TERRA | B3: 698368 | C3: =B3/B$19 -> 0.010903722 | D3: =B3/Gerenciamento_Exec!H$13 -> 38.035008 | E3: =B3/H$10 -> 4988.3429
A4: CONTENÇÕES | B4: 2128517.8 | C4: =B4/B$19 -> 0.03323286 | D4: =B4/Gerenciamento_Exec!H$13 -> 115.92483 | E4: =B4/H$10 -> 15203.698
A5: INFRAESTRUTURA | B5: 4087599.5 | C5: =B5/B$19 -> 0.06382029 | D5: =B5/Gerenciamento_Exec!H$13 -> 222.62171 | E5: =B5/H$10 -> 29197.139
A6: SUPRAESTRUTURA | B6: 12812690 | C6: =B6/B$19 -> 0.20004641 | D6: =B6/Gerenciamento_Exec!H$13 -> 697.81371 | E6: =B6/H$10 -> 91519.215
A7: ALVENARIA ESTRUTURAL | B7: 4295520.7 | C7: =B7/B$19 -> 0.067066596 | D7: =B7/Gerenciamento_Exec!H$13 -> 233.94566 | E7: =B7/H$10 -> 30682.291
A8: INSTALAÇÕES | B8: =7977479.2+6476785 -> 14454264 | C8: =B8/B$19 -> 0.22567655 | D8: =B8/Gerenciamento_Exec!H$13 -> 787.21827 | E8: =B8/H$10 -> 103244.74
A9: SISTEMAS E EQUIPAMENTOS ESPECIAIS | B9: 2319476.8 | C9: =B9/B$19 -> 0.036214331 | D9: =B9/Gerenciamento_Exec!H$13 -> 126.32497 | E9: =B9/H$10 -> 16567.691
A10: IMPERMEABILIZAÇÃO | B10: 1689026 | C10: =B10/B$19 -> 0.026371011 | D10: =B10/Gerenciamento_Exec!H$13 -> 91.988918 | E10: =B10/H$10 -> 12064.471 | H10: 140
A11: REVESTIMENTOS INTERNOS EM PISO E PAREDE | B11: 2974866.5 | C11: =B11/B$19 -> 0.046447028 | D11: =B11/Gerenciamento_Exec!H$13 -> 162.01927 | E11: =B11/H$10 -> 21249.047
A12: REVESTIMENTOS E ACABAMENTOS INTERNOS EM TETO | B12: 1371384 | C12: =B12/B$19 -> 0.021411619 | D12: =B12/Gerenciamento_Exec!H$13 -> 74.689276 | E12: =B12/H$10 -> 9795.5999
A13: ACABAMENTOS EM PISO E PAREDE | B13: 3269687 | C13: =B13/B$19 -> 0.051050103 | D13: =B13/Gerenciamento_Exec!H$13 -> 178.07599 | E13: =B13/H$10 -> 23354.907 | H13: 18361.19 | I13: REVESTIMENTOS INTERNOS EM PISO E PAREDE
A14: COBERTURA | B14: 367473.54 | C14: =B14/B$19 -> 0.0057374183 | D14: =B14/Gerenciamento_Exec!H$13 -> 20.013602 | E14: =B14/H$10 -> 2624.811 | I14: REVESTIMENTOS E ACABAMENTOS INTERNOS EM TETO
A15: PINTURA INTERNA | B15: 1457557.6 | C15: =B15/B$19 -> 0.022757061 | D15: =B15/Gerenciamento_Exec!H$13 -> 79.382525 | E15: =B15/H$10 -> 10411.126 | I15: ACABAMENTOS EM PISO E PAREDE
A16: ESQUADRIAS, VIDROS E FERRAGENS | B16: 3598617.2 | C16: =B16/B$19 -> 0.056185739 | D16: =B16/Gerenciamento_Exec!H$13 -> 195.99041 | E16: =B16/H$10 -> 25704.409 | I16: PINTURA INTERNA
A17: REVESTIMENTOS E ACABAMENTOS DE FACHADA | B17: 1432463.4 | C17: =B17/B$19 -> 0.022365261 | D17: =B17/Gerenciamento_Exec!H$13 -> 78.015825 | E17: =B17/H$10 -> 10231.881 | I17: PINTURA INTERNA
A18: SERVIÇOS COMPLEMENTARES | B18: 3693749.4 | C18: =B18/B$19 -> 0.057671051 | D18: =B18/Gerenciamento_Exec!H$13 -> 201.17157 | E18: =B18/H$10 -> 26383.924 | I18: ESQUADRIAS, VIDROS E FERRAGENS
A19: TOTAL | B19: =SUM(B2:B18) -> 64048588 | C19: =SUM(C2:C18) -> 1 | D19: =SUM(D2:D18) -> 3488.2591 | E19: =SUM(E2:E18) -> 457489.91 | G19: =B19*0.015 -> 960728.82
A20: CUB/SP - R16 | B20: 1850.46 | C20: 44805 | D20: =+D19/B20 -> 1.8850767 | E20: CUBs
G24: =960000/H13 -> 52.284193

Sheet Executivo
A1: ETAPA | B1: VALOR ORÇADO | C1: % | D1: VALOR / m² | E1: VALOR / UNIDADE
A2: PRÉ - OBRA | B2: 87845.22 | C2: =B2/B$25 -> 0.0049354985 | D2: =B2/Executivo!H$15 -> 19.917293 | E2: =B2/H$12 -> 2745.1631 | G2: 240-320
A3: SERVIÇOS INICIAIS | B3: 107202.52 | C3: =B3/B$25 -> 0.0060230696 | D3: =B3/Executivo!H$15 -> 24.306206 | E3: =B3/H$12 -> 3350.0788
A4: SERVIÇOS TÉCNICOS E FINAIS | B4: 2148719.7 | C4: =B4/B$25 -> 0.12072374 | D4: =B4/Executivo!H$15 -> 487.1828 | E4: =B4/H$12 -> 67147.492 | G4: 240-320
A5: MARKETING E VENDAS | B5: 1160000 | C5: =B5/B$25 -> 0.065173475 | D5: =B5/Executivo!H$15 -> 263.00873 | E5: =B5/H$12 -> 36250
A6: SERVIÇOS FINAIS | B6: 9500 | C6: =B6/B$25 -> 0.00053374829 | D6: =B6/Executivo!H$15 -> 2.1539508 | E6: =B6/H$12 -> 296.875 | G6: 240-320
A7: INFRAESTRUTURA E MOVIMENTAÇÃO DE TERRA | B7: 498325.15 | C7: =B7/B$25 -> 0.027997915 | D7: =B7/Executivo!H$15 -> 112.98609 | E7: =B7/H$12 -> 15572.661
A8: SUPRAESTRUTURA | B8: 2755207 | C8: =B8/B$25 -> 0.15479863 | D8: =B8/Executivo!H$15 -> 624.69265 | E8: =B8/H$12 -> 86100.217
A9: ALVENARIA | B9: 436440.37 | C9: =B9/B$25 -> 0.024520979 | D9: =B9/Executivo!H$15 -> 98.954851 | E9: =B9/H$12 -> 13638.762
A10: INSTALAÇÕES ELÉTRICAS, HIDRÁULICAS, GLP E PREVENTIVAS | B10: 1492954.2 | C10: =B10/B$25 -> 0.083880187 | D10: =B10/Executivo!H$15 -> 338.5 | E10: =B10/H$12 -> 46654.82
A11: SISTEMAS E EQUIPAMENTOS ESPECIAIS | B11: =160000+77250+150000+475806.25 -> 863056.25 | C11: =B11/B$25 -> 0.048489979 | D11: =B11/Executivo!H$15 -> 195.68218 | E11: =B11/H$12 -> 26970.508
A12: IMPERMEABILIZAÇÃO | B12: 191835.89 | C12: =B12/B$25 -> 0.010778113 | D12: =B12/Executivo!H$15 -> 43.49527 | E12: =B12/H$12 -> 5994.8716 | H12: =4*8 -> 32
A13: REVESTIMENTOS INTERNOS EM PISO E PAREDE | B13: =403152.32+216152.66 -> 619304.98 | C13: =B13/B$25 -> 0.03479505 | D13: =B13/Executivo!H$15 -> 140.41605 | E13: =B13/H$12 -> 19353.281
A14: REVESTIMENTOS E ACABAMENTOS INTERNOS EM TETO | B14: 191329.96 | C14: =B14/B$25 -> 0.010749688 | D14: =B14/Executivo!H$15 -> 43.38056 | E14: =B14/H$12 -> 5979.0612
A15: ACABAMENTOS EM PISO E PAREDE | B15: =482976.19+445572.63+110955.6 -> 1039504.4 | C15: =B15/B$25 -> 0.058403548 | D15: =B15/Executivo!H$15 -> 235.68857 | E15: =B15/H$12 -> 32484.513 | H15: 4410.5 | I15: REVESTIMENTOS INTERNOS EM PISO E PAREDE
A16: COBERTURA | B16: 77228.62 | C16: =B16/B$25 -> 0.0043390151 | D16: =B16/Executivo!H$15 -> 17.510173 | E16: =B16/H$12 -> 2413.3944 | I16: REVESTIMENTOS E ACABAMENTOS INTERNOS EM TETO
A17: PINTURA INTERNA | B17: 323887.1 | C17: =B17/B$25 -> 0.018197283 | D17: =B17/Executivo!H$15 -> 73.435461 | E17: =B17/H$12 -> 10121.472 | I17: ACABAMENTOS EM PISO E PAREDE
A18: ESQUADRIAS, VIDROS E FERRAGENS | B18: =942795.13+325499.57+7915.2 -> 1276209.9 | C18: =B18/B$25 -> 0.071702616 | D18: =B18/Executivo!H$15 -> 289.35719 | E18: =B18/H$12 -> 39881.559 | I18: PINTURA INTERNA
A19: REVESTIMENTOS E ACABAMENTOS DE FACHADA | B19: =1500+103348.08+306406.14 -> 411254.22 | C19: =B19/B$25 -> 0.02310592 | D19: =B19/Executivo!H$15 -> 93.244353 | E19: =B19/H$12 -> 12851.694 | I19: PINTURA INTERNA
A20: SERVIÇOS COMPLEMENTARES | B20: 959757.5 | C20: =B20/B$25 -> 0.053923045 | D20: =B20/Executivo!H$15 -> 217.60741 | E20: =B20/H$12 -> 29992.422 | I20: ESQUADRIAS, VIDROS E FERRAGENS
A21: IMPREVISTOS E CONTINGÊNCIAS | B21: 334088.87 | C21: =B21/B$25 -> 0.018770459 | D21: =B21/Executivo!H$15 -> 75.748524 | E21: =B21/H$12 -> 10440.277 | I21: ESQUADRIAS, VIDROS E FERRAGENS
A22: PÓS OBRA | B22: 200000 | C22: =B22/B$25 -> 0.011236806 | D22: =B22/Executivo!H$15 -> 45.346333 | E22: =B22/H$12 -> 6250 | I22: PINTURA INTERNA
A23: DESPESAS COM VIZINHOS | B23: 10000 | C23: =B23/B$25 -> 0.0005618403 | D23: =B23/Executivo!H$15 -> 2.2673166 | E23: =B23/H$12 -> 312.5 | I23: ESQUADRIAS, VIDROS E FERRAGENS
A24: INCORPORAÇÃO | B24: 2605000 | C24: =B24/B$25 -> 0.1463594 | D24: =B24/Executivo!H$15 -> 590.63598 | E24: =B24/H$12 -> 81406.25 | I24: PINTURA INTERNA
A25: TOTAL | B25: =SUM(B2:B24) -> 17798652 | C25: =SUM(C2:C24) -> 1 | D25: =SUM(D2:D24) -> 4035.5179 | E25: =SUM(E2:E24) -> 556207.87 | G25: =B25*0.015 -> 266979.78
A26: CUB/SC | B26: 2544.17 | C26: 44713 | D26: =+D25/B26 -> 1.5861825 | E26: CUBs
