Workbook

Sheet Gerenciamento executivo 
A1: ETAPA | B1: BRAVA GARDEN | D1: OBRA SIMILAR
B2: VALOR | C2: VALOR / m² | D2: VALOR / m² | E2: Valor 1 | F2: Valor 2
A3: MOVIMENTAÇÃO DE TERRA | B3: ='Executivo '!B3 -> 50962.22 | C3: ='Executivo '!D3 -> 2.3422495 | D3: 4,50 - 7,50 | E3: 4.5 | F3: 7.5
A4: INFRAESTRUTURA | B4: ='Executivo '!B4 -> 2406927.9 | C4: ='Executivo '!D4 -> 110.62363 | D4: 100,00 - 150,00 | E4: 100 | F4: 150
A5: SUPRAESTRUTURA | B5: ='Executivo '!B5 -> 8970675.4 | C5: ='Executivo '!D5 -> 412.2968 | D5: 520,00 - 580,00 | E5: 520 | F5: 580
A6: ALVENARIA | B6: ='Executivo '!B6 -> 2163273.2 | C6: ='Executivo '!D6 -> 99.425134 | D6: 85,00 - 110,00 | E6: 85 | F6: 110
A7: INSTALAÇÕES ELÉTRICAS, HIDRÁULICAS, GLP E PREVENTIVAS | B7: ='Executivo '!B7 -> 6521453.5 | C7: ='Executivo '!D7 -> 299.72932 | D7: 230,00 - 270,00 | E7: 230 | F7: 270
A8: SISTEMAS E EQUIPAMENTOS ESPECIAIS | B8: ='Executivo '!B8 -> 2727793.2 | C8: ='Executivo '!D8 -> 125.37076 | D8: 100,00 - 180,00 | E8: 100 | F8: 180
A9: IMPERMEABILIZAÇÃO | B9: ='Executivo '!B9 -> 710246.65 | C9: ='Executivo '!D9 -> 32.643297 | D9: 40,00 - 50,00 | E9: 40 | F9: 50
A10: REVESTIMENTOS INTERNOS EM PISO E PAREDE | B10: ='Executivo '!B10 -> 3478606.1 | C10: ='Executivo '!D10 -> 159.8785 | D10: 140,00 - 160,00 | E10: 140 | F10: 160
A11: REVESTIMENTOS E ACABAMENTOS INTERNOS EM TETO | B11: ='Executivo '!B11 -> 1007042.5 | C11: ='Executivo '!D11 -> 46.284183 | D11: 60,00 - 70,00 | E11: 60 | F11: 70
A12: ACABAMENTOS EM PISO E PAREDE | B12: ='Executivo '!B12 -> 4678926.4 | C12: ='Executivo '!D12 -> 215.04584 | D12: 180,00 - 240,00 | E12: 180 | F12: 240
A13: PINTURA INTERNA | B13: ='Executivo '!B13 -> 1904409.1 | C13: ='Executivo '!D13 -> 87.527611 | D13: 110,00 - 130,00 | E13: 110 | F13: 130
A14: ESQUADRIAS, VIDROS E FERRAGENS | B14: ='Executivo '!B14 -> 5298250 | C14: ='Executivo '!D14 -> 243.51026 | D14: 175,00 - 200,00 | E14: 175 | F14: 200
A15: REVESTIMENTOS E ACABAMENTOS DE FACHADA | B15: ='Executivo '!B15 -> 2572444.2 | C15: ='Executivo '!D15 -> 118.23084 | D15: 85,00 - 120,00 | E15: 85 | F15: 120
A16: SERVIÇOS COMPLEMENTARES | B16: ='Executivo '!B16+'Executivo '!B17 -> 3000107 | C16: ='Executivo '!D16+'Executivo '!D17 -> 137.88644 | D16: 130,00 - 135,00 | E16: 130 | F16: 135
A17: TOTAL | B17: =SUM(B3:B16) -> 45491117 | C17: =SUM(C3:C16) -> 2090.7949 | D17: 1960,50 - 2400,00 | E17: =SUM(E3:E16) -> 1959.5 | F17: =SUM(F3:F16) -> 2402.5

Sheet Executivo 
A1: ETAPA | B1: VALOR ORÇADO | C1: % | D1: VALOR / m² | E1: VALOR / UNIDADE
A2: GERENCIAMENTO TÉCNICO E ADMINISTRATIVO | B2: 4196191.7 | C2: =B2/B$18 -> 0.084451982 | D2: =B2/'Executivo '!H$10 -> 192.8591 | E2: =B2/H$7 -> 30854.351 | G2: 240-320
A3: MOVIMENTAÇÃO DE TERRA | B3: 50962.22 | C3: =B3/B$18 -> 0.0010256587 | D3: =B3/'Executivo '!H$10 -> 2.3422495 | E3: =B3/H$7 -> 374.72221
A4: INFRAESTRUTURA | B4: 2406927.9 | C4: =B4/B$18 -> 0.048441503 | D4: =B4/'Executivo '!H$10 -> 110.62363 | E4: =B4/H$7 -> 17697.999
A5: SUPRAESTRUTURA | B5: 8970675.4 | C5: =B5/B$18 -> 0.18054259 | D5: =B5/'Executivo '!H$10 -> 412.2968 | E5: =B5/H$7 -> 65960.849
A6: ALVENARIA | B6: 2163273.2 | C6: =B6/B$18 -> 0.043537741 | D6: =B6/'Executivo '!H$10 -> 99.425134 | E6: =B6/H$7 -> 15906.42
A7: INSTALAÇÕES ELÉTRICAS, HIDRÁULICAS, GLP E PREVENTIVAS | B7: 6521453.5 | C7: =B7/B$18 -> 0.13124988 | D7: =B7/'Executivo '!H$10 -> 299.72932 | E7: =B7/H$7 -> 47951.864 | H7: 136
A8: SISTEMAS E EQUIPAMENTOS ESPECIAIS | B8: 2727793.2 | C8: =B8/B$18 -> 0.054899194 | D8: =B8/'Executivo '!H$10 -> 125.37076 | E8: =B8/H$7 -> 20057.303
A9: IMPERMEABILIZAÇÃO | B9: 710246.65 | C9: =B9/B$18 -> 0.014294327 | D9: =B9/'Executivo '!H$10 -> 32.643297 | E9: =B9/H$7 -> 5222.4018
A10: REVESTIMENTOS INTERNOS EM PISO E PAREDE | B10: 3478606.1 | C10: =B10/B$18 -> 0.070009952 | D10: =B10/'Executivo '!H$10 -> 159.8785 | E10: =B10/H$7 -> 25577.986 | H10: 21757.81 | I10: REVESTIMENTOS INTERNOS EM PISO E PAREDE
A11: REVESTIMENTOS E ACABAMENTOS INTERNOS EM TETO | B11: 1007042.5 | C11: =B11/B$18 -> 0.020267599 | D11: =B11/'Executivo '!H$10 -> 46.284183 | E11: =B11/H$7 -> 7404.724 | I11: REVESTIMENTOS E ACABAMENTOS INTERNOS EM TETO
A12: ACABAMENTOS EM PISO E PAREDE | B12: 4678926.4 | C12: =B12/B$18 -> 0.094167435 | D12: =B12/'Executivo '!H$10 -> 215.04584 | E12: =B12/H$7 -> 34403.871 | I12: ACABAMENTOS EM PISO E PAREDE
A13: PINTURA INTERNA | B13: 1904409.1 | C13: =B13/B$18 -> 0.038327878 | D13: =B13/'Executivo '!H$10 -> 87.527611 | E13: =B13/H$7 -> 14003.008 | I13: PINTURA INTERNA
A14: ESQUADRIAS, VIDROS E FERRAGENS | B14: 5298250 | C14: =B14/B$18 -> 0.10663186 | D14: =B14/'Executivo '!H$10 -> 243.51026 | E14: =B14/H$7 -> 38957.72 | I14: ESQUADRIAS, VIDROS E FERRAGENS
A15: REVESTIMENTOS E ACABAMENTOS DE FACHADA | B15: 2572444.2 | C15: =B15/B$18 -> 0.051772661 | D15: =B15/'Executivo '!H$10 -> 118.23084 | E15: =B15/H$7 -> 18915.031 | I15: COBERTURA
A16: SERVIÇOS COMPLEMENTARES | B16: 2329942.6 | C16: =B16/B$18 -> 0.046892106 | D16: =B16/'Executivo '!H$10 -> 107.08534 | E16: =B16/H$7 -> 17131.931 | I16: REVESTIMENTOS E ACABAMENTOS DE FACHADA
A17: IMPREVISTOS E CONTINGÊNCIAS | B17: 670164.39 | C17: =B17/B$18 -> 0.013487637 | D17: =B17/'Executivo '!H$10 -> 30.801096 | E17: =B17/H$7 -> 4927.6793 | I17: REVESTIMENTOS E ACABAMENTOS DE FACHADA
A18: TOTAL | B18: =SUM(B2:B17) -> 49687309 | C18: =SUM(C2:C17) -> 1 | D18: =SUM(D2:D17) -> 2283.654 | E18: =SUM(E2:E17) -> 365347.86
A19: CUB/SC | B19: 2329.85 | C19: 44409 | D19: =+D18/B19 -> 0.9801721 | E19: CUBs

Sheet Planilha1
B1: Supra
B2: 18496.22
B3: 1204682.2
B4: 707719.54
B5: 774484.66
B6: 191627.94
B7: 192879.19
B8: 286483.51
B9: 286483.51
B10: 164367.64
