Workbook

Sheet Gerenciamento executivo 
A1: ETAPA | B1: WPR | C1: OBRA SIMILAR
B2: VALOR / m² | C2: VALOR / m² | D2: Valor 1 | E2: Valor 2 | F2: Valor 3
A3: MOVIMENTAÇÃO DE TERRA | B3: =Executivo!D3 -> 5.468433 | C3: 4,50 - 7,50 | D3: 4.5 | E3: 7.5 | F3: =#REF! -> #REF!
A4: INFRAESTRUTURA | B4: =Executivo!D4 -> 95.872458 | C4: 110,00 - 160,00 | D4: 110 | E4: 160 | F4: =#REF! -> #REF!
A5: SUPRAESTRUTURA | B5: =Executivo!D5 -> 310.01625 | C5: 480,00 - 520,00 | D5: 480 | E5: 520 | F5: =#REF! -> #REF!
A6: ALVENARIA | B6: =Executivo!D6 -> 113.35328 | C6: 120,00 - 180,00 | D6: 120 | E6: 180 | F6: =#REF! -> #REF!
A7: INSTALAÇÕES ELÉTRICAS, HIDRÁULICAS, GLP E PREVENTIVAS | B7: =Executivo!D7 -> 332.1174 | C7: 240,00 - 280,00 | D7: 240 | E7: 280 | F7: =#REF! -> #REF!
A8: SISTEMAS E EQUIPAMENTOS ESPECIAIS | B8: =Executivo!D8 -> 254.78006 | C8: 100,00 - 200,00 | D8: 100 | E8: 200 | F8: =#REF! -> #REF!
A9: IMPERMEABILIZAÇÃO | B9: =Executivo!D9 -> 34.007514 | C9: 55,00 - 65,00 | D9: 55 | E9: 65 | F9: =#REF! -> #REF!
A10: REVESTIMENTOS INTERNOS EM PISO E PAREDE | B10: =Executivo!D10 -> 65.179342 | C10: 140,00 - 190,00 | D10: 140 | E10: 190 | F10: =#REF! -> #REF!
A11: REVESTIMENTOS E ACABAMENTOS INTERNOS EM TETO | B11: =Executivo!D11 -> 69.401997 | C11: 60,00 - 70,00 | D11: 60 | E11: 70 | F11: =#REF! -> #REF!
A12: ACABAMENTOS EM PISO E PAREDE | B12: =Executivo!D12 -> 231.88356 | C12: 160,00 - 180,00 | D12: 160 | E12: 180 | F12: =#REF! -> #REF!
A13: PINTURA INTERNA | B13: =Executivo!D13 -> 62.32845 | C13: 120,00 - 140,00 | D13: 120 | E13: 140 | F13: =#REF! -> #REF!
A14: ESQUADRIAS, VIDROS E FERRAGENS | B14: =Executivo!D14 -> 200.8093 | C14: 250,00 - 300,00 | D14: 250 | E14: 300 | F14: =#REF! -> #REF!
... A16: REVESTIMENTOS E ACABAMENTOS DE FACHADA | B16: =Executivo!D16 -> 81.123705 | C16: 90,00 - 130,00 | D16: 90 | E16: 130 | F16: =#REF! -> #REF!
A17: SERVIÇOS COMPLEMENTARES | B17: =Executivo!D17+Executivo!D18 -> 162.83256 | C17: 80,00 - 140,00 | D17: 80 | E17: 140 | F17: =#REF! -> #REF!
A18: TOTAL | B18: =SUM(B3:B17) -> 2022.7917 | C18: 2.000,00 - 2560,00 | D18: =SUM(D3:D17) -> 2013.5 | E18: =SUM(E3:E17) -> 2568
B21: 150 | D21: =B21*0.6 -> 90
B22: 580 | D22: =B22*0.6 -> 348
B23: 110 | D23: =B23*0.6 -> 66
B24: 270 | D24: =B24*0.6 -> 162
B25: 180 | D25: =B25*0.6 -> 108
B26: 45 | D26: =B26*0.6 -> 27
B27: 160 | D27: =B27*0.6 -> 96
B28: 75 | D28: =B28*0.6 -> 45
B29: 160 | D29: =B29*0.6 -> 96
B30: 90 | D30: =B30*0.6 -> 54
B31: 200 | D31: =B31*0.6 -> 120
B32: 120 | D32: =B32*0.6 -> 72
B33: 135 | D33: =B33*0.6 -> 81

Sheet Executivo
A1: ETAPA | B1: VALOR ORÇADO | C1: % | D1: VALOR / m² | E1: VALOR / UNIDADE
A2: GERENCIAMENTO TÉCNICO E ADMINISTRATIVO | B2: 19727742 | C2: =B2/B$19 -> 0.20646799 | D2: =B2/Executivo!H$10 -> 526.30735 | E2: =B2/H$7 -> 270243.04 | G2: 240-320
A3: MOVIMENTAÇÃO DE TERRA | B3: 204974.97 | C3: =B3/B$19 -> 0.0021452415 | D3: =B3/Executivo!H$10 -> 5.468433 | E3: =B3/H$7 -> 2807.8763
A4: INFRAESTRUTURA | B4: 3593617.1 | C4: =B4/B$19 -> 0.037610331 | D4: =B4/Executivo!H$10 -> 95.872458 | E4: =B4/H$7 -> 49227.631 | G4: 1232827 | H4: Empreitada
A5: SUPRAESTRUTURA | B5: 11620435 | C5: =B5/B$19 -> 0.12161797 | D5: =B5/Executivo!H$10 -> 310.01625 | E5: =B5/H$7 -> 159184.04
A6: ALVENARIA | B6: =124324.01+226229.83+3898302.23 -> 4248856.1 | C6: =B6/B$19 -> 0.044467977 | D6: =B6/Executivo!H$10 -> 113.35328 | E6: =B6/H$7 -> 58203.508
A7: INSTALAÇÕES ELÉTRICAS, HIDRÁULICAS, GLP E PREVENTIVAS | B7: 12448859 | C7: =B7/B$19 -> 0.13028815 | D7: =B7/Executivo!H$10 -> 332.1174 | E7: =B7/H$7 -> 170532.32 | H7: 73
A8: SISTEMAS E EQUIPAMENTOS ESPECIAIS | B8: 9550000 | C8: =B8/B$19 -> 0.099949062 | D8: =B8/Executivo!H$10 -> 254.78006 | E8: =B8/H$7 -> 130821.92
A9: IMPERMEABILIZAÇÃO | B9: 1274714.2 | C9: =B9/B$19 -> 0.013340994 | D9: =B9/Executivo!H$10 -> 34.007514 | E9: =B9/H$7 -> 17461.838
A10: REVESTIMENTOS INTERNOS EM PISO E PAREDE | B10: 2443137.5 | C10: =B10/B$19 -> 0.02556956 | D10: =B10/Executivo!H$10 -> 65.179342 | E10: =B10/H$7 -> 33467.637 | H10: 37483.31 | I10: REVESTIMENTOS INTERNOS EM PISO E PAREDE
A11: REVESTIMENTOS E ACABAMENTOS INTERNOS EM TETO | B11: 2601416.6 | C11: =B11/B$19 -> 0.027226089 | D11: =B11/Executivo!H$10 -> 69.401997 | E11: =B11/H$7 -> 35635.844 | I11: REVESTIMENTOS E ACABAMENTOS INTERNOS EM TETO
A12: ACABAMENTOS EM PISO E PAREDE | B12: 8691763.4 | C12: =B12/B$19 -> 0.090966869 | D12: =B12/Executivo!H$10 -> 231.88356 | E12: =B12/H$7 -> 119065.25 | I12: ACABAMENTOS EM PISO E PAREDE
A13: PINTURA INTERNA | B13: 2336276.6 | C13: =B13/B$19 -> 0.024451168 | D13: =B13/Executivo!H$10 -> 62.32845 | E13: =B13/H$7 -> 32003.789 | I13: PINTURA INTERNA
A14: ESQUADRIAS, VIDROS E FERRAGENS | B14: 7526997.3 | C14: =B14/B$19 -> 0.078776579 | D14: =B14/Executivo!H$10 -> 200.8093 | E14: =B14/H$7 -> 103109.55 | I14: ESQUADRIAS, VIDROS E FERRAGENS
A15: COBERTURA | B15: 135591.96 | C15: =B15/B$19 -> 0.0014190879 | D15: =B15/Executivo!H$10 -> 3.6173956 | E15: =B15/H$7 -> 1857.4241
A16: REVESTIMENTOS E ACABAMENTOS DE FACHADA | B16: 3040785 | C16: =B16/B$19 -> 0.031824462 | D16: =B16/Executivo!H$10 -> 81.123705 | E16: =B16/H$7 -> 41654.589 | I16: COBERTURA
A17: SERVIÇOS COMPLEMENTARES | B17: 4230000 | C17: =B17/B$19 -> 0.044270632 | D17: =B17/Executivo!H$10 -> 112.85023 | E17: =B17/H$7 -> 57945.205 | I17: REVESTIMENTOS E ACABAMENTOS DE FACHADA
A18: IMPREVISTOS E CONTINGÊNCIAS | B18: 1873503.3 | C18: =B18/B$19 -> 0.019607843 | D18: =B18/Executivo!H$10 -> 49.982335 | E18: =B18/H$7 -> 25664.429 | I18: COBERTURA
A19: TOTAL | B19: =SUM(B2:B18) -> 95548670 | C19: =SUM(C2:C18) -> 1 | D19: =SUM(D2:D18) -> 2549.0991 | E19: =SUM(E2:E18) -> 1308885.9
A20: CUB/SC | B20: 2470.83 | C20: 44708 | D20: =+D19/B20 -> 1.0316772 | E20: CUBs
F21: 45684 | G21: 44835
G23: =F21-G21 -> 849
G25: =B19*0.015 -> 1433230.1

Sheet Planilha3
A1: DESCRIÇÃO | B1: VALOR | C1: TIPO
A2: MÃO DE OBRA EMPREITADA PARA EXECUÇÃO DE ESTRUTURA DE CONCRETO ARMADO EM SUPRAESTRUTURA* | B2: 1797638.4 | C2: MÃO DE OBRA | E2: MÃO DE OBRA | F2: =SUMIF($C$2:$C$418,E2,$B$2:$B$418) -> 6599033.8 | G2: =+F2/$F$9 -> 0.26823502
A3: CONCRETO USINADO BOMBEÁVEL, PARA SUPRAESTRUTURA, FCK 35MPA, SLUMP 10+/- 2, INCLUINDO SERVIÇO DE BOMBEAMENTO* | B3: 890507.44 | C3: MATERIAIS | E3: MATERIAIS | F3: =SUMIF($C$2:$C$418,E3,$B$2:$B$418) -> 10596923 | G3: =+F3/$F$9 -> 0.43073972
A4: MOBILIARIO E DECORAÇÃO* | B4: 675000 | C4: SERVIÇOS COMPLEMENTARES | E4: SERVIÇOS - MATERIAL E MÃO DE OBRA | F4: =SUMIF($C$2:$C$418,E4,$B$2:$B$418) -> 3563262.2 | G4: =+F4/$F$9 -> 0.14483813
A5: ARMAÇÃO AÇO CA-50, DIÂMETRO 6,3MM PARA SUPRAESTRUTURA - CORTADO E DOBRADO EM INDÚSTRIA* | B5: 584807.88 | C5: MATERIAIS | E5: SERVIÇOS COMPLEMENTARES | F5: =SUMIF($C$2:$C$418,E5,$B$2:$B$418) -> 1282500 | G5: =+F5/$F$9 -> 0.052130573
A6: MÃO DE OBRA EMPREITADA PARA INSTALAÇÕES HIDRÁULICAS E SANITÁRIAS* | B6: 531382.5 | C6: MÃO DE OBRA | E6: MÃO DE OBRA PRÓPRIA | F6: =SUMIF($C$2:$C$418,E6,$B$2:$B$418) -> 838800 | G6: =+F6/$F$9 -> 0.034095224
A7: MÃO DE OBRA EMPREITADA PARA INSTALAÇÕES ELÉTRICAS* | B7: 456361.65 | C7: MÃO DE OBRA | E7: DESPESAS INDIRETAS | F7: =SUMIF($C$2:$C$418,E7,$B$2:$B$418) -> 1042077.5 | G7: =+F7/$F$9 -> 0.042357971
A8: MESTRE DE OBRAS* | B8: 432000 | C8: MÃO DE OBRA PRÓPRIA | E8: EQUIPAMENTOS | F8: =SUMIF($C$2:$C$418,E8,$B$2:$B$418) -> 679089.29 | G8: =+F8/$F$9 -> 0.027603364
A9: MÃO DE OBRA MISTA PARA REBOCO INTERNO EM PAREDES, INCLUSO CHAPISCO* | B9: 389358.92 | C9: MÃO DE OBRA | F9: =SUM(F2:F8) -> 24601686 | G9: =+F9/$F$9 -> 1
A10: MÃO DE OBRA EMPREITADA PARA EXECUÇÃO DE BLOCOS E BALDRAMES* | B10: 378132.5 | C10: MÃO DE OBRA
A11: IMPREVISTOS E CONTINGÊNCIAS* | B11: 345000 | C11: SERVIÇOS COMPLEMENTARES
A12: CONCRETO USINADO BOMBEÁVEL, PARA ESTACAS, FCK 30MPA, SLUMP 22+-3CM BRITA 0, INCLUI SERVIÇO DE BOMBEAMENTO* | B12: 314496 | C12: MATERIAIS
A13: ARMAÇÃO AÇO CA-50, DIÂMETRO 10,0MM PARA SUPRAESTRUTURA - CORTADO E DOBRADO EM INDÚSTRIA* | B13: 310081.2 | C13: MATERIAIS
A14: ELEVADOR SOCIAL* | B14: 280000 | C14: SERVIÇOS - MATERIAL E MÃO DE OBRA
A15: PORTA DE MADEIRA, DE ABRIR 80X210CM, FIXAÇÃO COM ESPUMA EXPANSIVA* | B15: 277224.04 | C15: MATERIAIS
A16: PELE DE VIDRO* | B16: 262548 | C16: SERVIÇOS - MATERIAL E MÃO DE OBRA
A17: PISO DE CONCRETO SOBRE SOLO, ESPESSURA 15 CM | B17: 261966.43 | C17: MATERIAIS
A18: MÃO DE OBRA EMPREITADA VEDAÇÕES INTERNAS E EXTERNAS - ASSENTAMENTO BLOCOS CERÂMICOS* | B18: 255137.12 | C18: MÃO DE OBRA
A19: FABRICAÇÃO DE FÔRMA PARA LAJES, EM CHAPAS DE MADEIRA COMPENSADA PLASTIFICADA, E=18MM* | B19: 241776.87 | C19: MATERIAIS
A20: GUARDA-CORPO DE ALUMÍNIO COM VIDRO LAMINADO, FIXAÇÃO COM ADESIVO EPÓXI* | B20: 233449.95 | C20: SERVIÇOS - MATERIAL E MÃO DE OBRA
A21: PORTA DE MADEIRA, DE ABRIR 60X210CM, FIXAÇÃO COM ESPUMA EXPANSIVA* | B21: 219342.11 | C21: MATERIAIS
... A418: CHAPISCO INTERNO DE ARGAMASSA CIMENTO E AREIA (1:4), APLICADO EM TETO, COM DESEMPENADEIRA DENTADA* | B418: 9.74 | C418: MATERIAIS
