Workbook

Sheet CAPA
B2: ORÇAMENTO EXECUTIVO COMPLETO
B5: PROJETO: | C5: Oxford 600 Residence
B6: CLIENTE: | C6: Mussi Empreendimentos
B7: ENDEREÇO: | C7: Rua Uruguai / Rua Imbituba - Centro, Itajaí/SC
B8: DATA-BASE: | C8: março/2026
B9: RESPONSÁVEL TÉCNICO: | C9: Cartesian Engenharia
B10: BDI APLICADO: | C10: 25.0%
B11: DATA DO ORÇAMENTO: | C11: 13/03/2026
B12: VERSÃO: | C12: Completa - Todas as disciplinas por pavimento
B15: DISCIPLINAS INCLUÍDAS
C16: 1. Estrutura (por pavimento)
C17: 2. Hidrossanitário (por pavimento)
C18: 3. Elétrico (por pavimento)
C19: 4. PPCI (por pavimento)
C20: 5. Vedações (por pavimento)
C21: 6. Acabamentos (por pavimento)
C22: 7. Resumo Consolidado

Sheet 1. ESTRUTURA
A1: 1. ESTRUTURA - POR PAVIMENTO
A2: Item | B2: Pavimento | C2: Descrição | D2: Unidade | E2: Quantidade | F2: Custo Unit. (R$) | G2: Custo Total (R$)
B3: Térreo
A4: 1.1 | B4: Térreo | C4: Concreto fck 30 MPa | D4: m³ | E4: 341460 | F4: 750 | G4: =E4*F4
A5: 1.2 | B5: Térreo | C5: Aço CA-50 - Armadura | D5: kg | E5: 341.46 | F5: 7.5 | G5: =E5*F5
A6: Subtotal Térreo | G6: =SUM(G4:G5)
B8: Garagem 2
A9: 1.1 | B9: Garagem 2 | C9: Concreto fck 30 MPa | D9: m³ | E9: 175840 | F9: 750 | G9: =E9*F9
A10: 1.2 | B10: Garagem 2 | C10: Aço CA-50 - Armadura | D10: kg | E10: 175.84 | F10: 7.5 | G10: =E10*F10
A11: Subtotal Garagem 2 | G11: =SUM(G9:G10)
B13: 15º Pav (Tipo 10)
A14: 1.1 | B14: 15º Pav (Tipo 10) | C14: Concreto fck 30 MPa | D14: m³ | E14: 122450 | F14: 750 | G14: =E14*F14
A15: 1.2 | B15: 15º Pav (Tipo 10) | C15: Aço CA-50 - Armadura | D15: kg | E15: 122.45 | F15: 7.5 | G15: =E15*F15
A16: Subtotal 15º Pav (Tipo 10) | G16: =SUM(G14:G15)
B18: 16º Pav (Tipo 11)
A19: 1.1 | B19: 16º Pav (Tipo 11) | C19: Concreto fck 30 MPa | D19: m³ | E19: 122450 | F19: 750 | G19: =E19*F19
A20: 1.2 | B20: 16º Pav (Tipo 11) | C20: Aço CA-50 - Armadura | D20: kg | E20: 122.45 | F20: 7.5 | G20: =E20*F20
A21: Subtotal 16º Pav (Tipo 11) | G21: =SUM(G19:G20)
B23: 17º Pav (Tipo 12)
A24: 1.1 | B24: 17º Pav (Tipo 12) | C24: Concreto fck 30 MPa | D24: m³ | E24: 122450 | F24: 750 | G24: =E24*F24
A25: 1.2 | B25: 17º Pav (Tipo 12) | C25: Aço CA-50 - Armadura | D25: kg | E25: 122.45 | F25: 7.5 | G25: =E25*F25
A26: Subtotal 17º Pav (Tipo 12) | G26: =SUM(G24:G25)
B28: 18º Pav (Tipo 13)
A29: 1.1 | B29: 18º Pav (Tipo 13) | C29: Concreto fck 30 MPa | D29: m³ | E29: 122450 | F29: 750 | G29: =E29*F29
A30: 1.2 | B30: 18º Pav (Tipo 13) | C30: Aço CA-50 - Armadura | D30: kg | E30: 122.45 | F30: 7.5 | G30: =E30*F30
A31: Subtotal 18º Pav (Tipo 13) | G31: =SUM(G29:G30)
B33: 19º Pav (Tipo 14)
A34: 1.1 | B34: 19º Pav (Tipo 14) | C34: Concreto fck 30 MPa | D34: m³ | E34: 122450 | F34: 750 | G34: =E34*F34
A35: 1.2 | B35: 19º Pav (Tipo 14) | C35: Aço CA-50 - Armadura | D35: kg | E35: 122.45 | F35: 7.5 | G35: =E35*F35
A36: Subtotal 19º Pav (Tipo 14) | G36: =SUM(G34:G35)
B38: 20º Pav (Tipo 15)
A39: 1.1 | B39: 20º Pav (Tipo 15) | C39: Concreto fck 30 MPa | D39: m³ | E39: 122450 | F39: 750 | G39: =E39*F39
A40: 1.2 | B40: 20º Pav (Tipo 15) | C40: Aço CA-50 - Armadura | D40: kg | E40: 122.45 | F40: 7.5 | G40: =E40*F40
A41: Subtotal 20º Pav (Tipo 15) | G41: =SUM(G39:G40)
B43: 21º Pav (Tipo 16)
A44: 1.1 | B44: 21º Pav (Tipo 16) | C44: Concreto fck 30 MPa | D44: m³ | E44: 122450 | F44: 750 | G44: =E44*F44
A45: 1.2 | B45: 21º Pav (Tipo 16) | C45: Aço CA-50 - Armadura | D45: kg | E45: 122.45 | F45: 7.5 | G45: =E45*F45
A46: Subtotal 21º Pav (Tipo 16) | G46: =SUM(G44:G45)
B48: 22º Pav (Tipo 17)
A49: 1.1 | B49: 22º Pav (Tipo 17) | C49: Concreto fck 30 MPa | D49: m³ | E49: 122450 | F49: 750 | G49: =E49*F49
A50: 1.2 | B50: 22º Pav (Tipo 17) | C50: Aço CA-50 - Armadura | D50: kg | E50: 122.45 | F50: 7.5 | G50: =E50*F50
A51: Subtotal 22º Pav (Tipo 17) | G51: =SUM(G49:G50)
B53: 23º Pav (Tipo 18)
A54: 1.1 | B54: 23º Pav (Tipo 18) | C54: Concreto fck 30 MPa | D54: m³ | E54: 122450 | F54: 750 | G54: =E54*F54
A55: 1.2 | B55: 23º Pav (Tipo 18) | C55: Aço CA-50 - Armadura | D55: kg | E55: 122.45 | F55: 7.5 | G55: =E55*F55
A56: Subtotal 23º Pav (Tipo 18) | G56: =SUM(G54:G55)
B58: Ático (24º)
A59: 1.1 | B59: Ático (24º) | C59: Concreto fck 30 MPa | D59: m³ | E59: 111440 | F59: 750 | G59: =E59*F59
A60: 1.2 | B60: Ático (24º) | C60: Aço CA-50 - Armadura | D60: kg | E60: 111.44 | F60: 7.5 | G60: =E60*F60
A61: Subtotal Ático (24º) | G61: =SUM(G59:G60)
A64: TOTAL ESTRUTURA | G64: =SUM(G3:G63)

Sheet 2. HIDROSSANITÁRIO
A1: 2. HIDROSSANITÁRIO - POR PAVIMENTO
A2: Item | B2: Pavimento | C2: Descrição | D2: Unidade | E2: Quantidade | F2: Custo Unit. (R$) | G2: Custo Total (R$)
B3: Térreo
A4: 2.1 | B4: Térreo | C4: Tubulações PVC Esgoto DN 50mm | D4: m | E4: 85 | F4: 12 | G4: =E4*F4
A5: 2.2 | B5: Térreo | C5: Tubulações PVC Esgoto DN 100mm | D5: m | E5: 45 | F5: 22 | G5: =E5*F5
A6: 2.3 | B6: Térreo | C6: Joelhos e Conexões PVC 50mm | D6: pç | E6: 45 | F6: 2.5 | G6: =E6*F6
A7: 2.4 | B7: Térreo | C7: Caixas Sifonadas 150x150x50 | D7: pç | E7: 12 | F7: 45 | G7: =E7*F7
A8: Subtotal Térreo | G8: =SUM(G4:G7)
B10: Garagem 2
A11: 2.1 | B11: Garagem 2 | C11: Tubulações PVC Esgoto DN 50mm | D11: m | E11: 25.5 | F11: 12 | G11: =E11*F11
A12: 2.2 | B12: Garagem 2 | C12: Tubulações PVC Esgoto DN 100mm | D12: m | E12: 13.5 | F12: 22 | G12: =E12*F12
A13: 2.3 | B13: Garagem 2 | C13: Joelhos e Conexões PVC 50mm | D13: pç | E13: 13.5 | F13: 2.5 | G13: =E13*F13
A14: 2.4 | B14: Garagem 2 | C14: Caixas Sifonadas 150x150x50 | D14: pç | E14: 3.6 | F14: 45 | G14: =E14*F14
A15: Subtotal Garagem 2 | G15: =SUM(G11:G14)
B17: Garagem 3
A18: 2.1 | B18: Garagem 3 | C18: Tubulações PVC Esgoto DN 50mm | D18: m | E18: 25.5 | F18: 12 | G18: =E18*F18
A19: 2.2 | B19: Garagem 3 | C19: Tubulações PVC Esgoto DN 100mm | D19: m | E19: 13.5 | F19: 22 | G19: =E19*F19
A20: 2.3 | B20: Garagem 3 | C20: Joelhos e Conexões PVC 50mm | D20: pç | E20: 13.5 | F20: 2.5 | G20: =E20*F20
A21: 2.4 | B21: Garagem 3 | C21: Caixas Sifonadas 150x150x50 | D21: pç | E21: 3.6 | F21: 45 | G21: =E21*F21
A22: Subtotal Garagem 3 | G22: =SUM(G18:G21)
B24: Garagem 4
A25: 2.1 | B25: Garagem 4 | C25: Tubulações PVC Esgoto DN 50mm | D25: m | E25: 25.5 | F25: 12 | G25: =E25*F25
A26: 2.2 | B26: Garagem 4 | C26: Tubulações PVC Esgoto DN 100mm | D26: m | E26: 13.5 | F26: 22 | G26: =E26*F26
A27: 2.3 | B27: Garagem 4 | C27: Joelhos e Conexões PVC 50mm | D27: pç | E27: 13.5 | F27: 2.5 | G27: =E27*F27
A28: 2.4 | B28: Garagem 4 | C28: Caixas Sifonadas 150x150x50 | D28: pç | E28: 3.6 | F28: 45 | G28: =E28*F28
A29: Subtotal Garagem 4 | G29: =SUM(G25:G28)
B31: Garagem 5
A32: 2.1 | B32: Garagem 5 | C32: Tubulações PVC Esgoto DN 50mm | D32: m | E32: 25.5 | F32: 12 | G32: =E32*F32
A33: 2.2 | B33: Garagem 5 | C33: Tubulações PVC Esgoto DN 100mm | D33: m | E33: 13.5 | F33: 22 | G33: =E33*F33
A34: 2.3 | B34: Garagem 5 | C34: Joelhos e Conexões PVC 50mm | D34: pç | E34: 13.5 | F34: 2.5 | G34: =E34*F34
A35: 2.4 | B35: Garagem 5 | C35: Caixas Sifonadas 150x150x50 | D35: pç | E35: 3.6 | F35: 45 | G35: =E35*F35
A36: Subtotal Garagem 5 | G36: =SUM(G32:G35)
B38: Lazer (6º)
A39: 2.1 | B39: Lazer (6º) | C39: Tubulações PVC Esgoto DN 50mm | D39: m | E39: 102 | F39: 12 | G39: =E39*F39
A40: 2.2 | B40: Lazer (6º) | C40: Tubulações PVC Esgoto DN 100mm | D40: m | E40: 54 | F40: 22 | G40: =E40*F40
A41: 2.3 | B41: Lazer (6º) | C41: Joelhos e Conexões PVC 50mm | D41: pç | E41: 54 | F41: 2.5 | G41: =E41*F41
A42: 2.4 | B42: Lazer (6º) | C42: Caixas Sifonadas 150x150x50 | D42: pç | E42: 14.4 | F42: 45 | G42: =E42*F42
A43: Subtotal Lazer (6º) | G43: =SUM(G39:G42)
B45: 7º Pav (Tipo 2)
A46: 2.1 | B46: 7º Pav (Tipo 2) | C46: Tubulações PVC Esgoto DN 50mm | D46: m | E46: 85 | F46: 12 | G46: =E46*F46
A47: 2.2 | B47: 7º Pav (Tipo 2) | C47: Tubulações PVC Esgoto DN 100mm | D47: m | E47: 45 | F47: 22 | G47: =E47*F47
A48: 2.3 | B48: 7º Pav (Tipo 2) | C48: Joelhos e Conexões PVC 50mm | D48: pç | E48: 45 | F48: 2.5 | G48: =E48*F48
A49: 2.4 | B49: 7º Pav (Tipo 2) | C49: Caixas Sifonadas 150x150x50 | D49: pç | E49: 12 | F49: 45 | G49: =E49*F49
A50: Subtotal 7º Pav (Tipo 2) | G50: =SUM(G46:G49)
B52: 8º Pav (Tipo 3)
A53: 2.1 | B53: 8º Pav (Tipo 3) | C53: Tubulações PVC Esgoto DN 50mm | D53: m | E53: 85 | F53: 12 | G53: =E53*F53
A54: 2.2 | B54: 8º Pav (Tipo 3) | C54: Tubulações PVC Esgoto DN 100mm | D54: m | E54: 45 | F54: 22 | G54: =E54*F54
A55: 2.3 | B55: 8º Pav (Tipo 3) | C55: Joelhos e Conexões PVC 50mm | D55: pç | E55: 45 | F55: 2.5 | G55: =E55*F55
A56: 2.4 | B56: 8º Pav (Tipo 3) | C56: Caixas Sifonadas 150x150x50 | D56: pç | E56: 12 | F56: 45 | G56: =E56*F56
A57: Subtotal 8º Pav (Tipo 3) | G57: =SUM(G53:G56)
B59: 9º Pav (Tipo 4)
A60: 2.1 | B60: 9º Pav (Tipo 4) | C60: Tubulações PVC Esgoto DN 50mm | D60: m | E60: 85 | F60: 12 | G60: =E60*F60
A61: 2.2 | B61: 9º Pav (Tipo 4) | C61: Tubulações PVC Esgoto DN 100mm | D61: m | E61: 45 | F61: 22 | G61: =E61*F61
A62: 2.3 | B62: 9º Pav (Tipo 4) | C62: Joelhos e Conexões PVC 50mm | D62: pç | E62: 45 | F62: 2.5 | G62: =E62*F62
A63: 2.4 | B63: 9º Pav (Tipo 4) | C63: Caixas Sifonadas 150x150x50 | D63: pç | E63: 12 | F63: 45 | G63: =E63*F63
A64: Subtotal 9º Pav (Tipo 4) | G64: =SUM(G60:G63)
B66: 10º Pav (Tipo 5)
A67: 2.1 | B67: 10º Pav (Tipo 5) | C67: Tubulações PVC Esgoto DN 50mm | D67: m | E67: 85 | F67: 12 | G67: =E67*F67
A68: 2.2 | B68: 10º Pav (Tipo 5) | C68: Tubulações PVC Esgoto DN 100mm | D68: m | E68: 45 | F68: 22 | G68: =E68*F68
A69: 2.3 | B69: 10º Pav (Tipo 5) | C69: Joelhos e Conexões PVC 50mm | D69: pç | E69: 45 | F69: 2.5 | G69: =E69*F69
A70: 2.4 | B70: 10º Pav (Tipo 5) | C70: Caixas Sifonadas 150x150x50 | D70: pç | E70: 12 | F70: 45 | G70: =E70*F70
A71: Subtotal 10º Pav (Tipo 5) | G71: =SUM(G67:G70)
B73: 11º Pav (Tipo 6)
A74: 2.1 | B74: 11º Pav (Tipo 6) | C74: Tubulações PVC Esgoto DN 50mm | D74: m | E74: 85 | F74: 12 | G74: =E74*F74
A75: 2.2 | B75: 11º Pav (Tipo 6) | C75: Tubulações PVC Esgoto DN 100mm | D75: m | E75: 45 | F75: 22 | G75: =E75*F75
A76: 2.3 | B76: 11º Pav (Tipo 6) | C76: Joelhos e Conexões PVC 50mm | D76: pç | E76: 45 | F76: 2.5 | G76: =E76*F76
A77: 2.4 | B77: 11º Pav (Tipo 6) | C77: Caixas Sifonadas 150x150x50 | D77: pç | E77: 12 | F77: 45 | G77: =E77*F77
A78: Subtotal 11º Pav (Tipo 6) | G78: =SUM(G74:G77)
B80: 12º Pav (Tipo 7)
A81: 2.1 | B81: 12º Pav (Tipo 7) | C81: Tubulações PVC Esgoto DN 50mm | D81: m | E81: 85 | F81: 12 | G81: =E81*F81
A82: 2.2 | B82: 12º Pav (Tipo 7) | C82: Tubulações PVC Esgoto DN 100mm | D82: m | E82: 45 | F82: 22 | G82: =E82*F82
A83: 2.3 | B83: 12º Pav (Tipo 7) | C83: Joelhos e Conexões PVC 50mm | D83: pç | E83: 45 | F83: 2.5 | G83: =E83*F83
A84: 2.4 | B84: 12º Pav (Tipo 7) | C84: Caixas Sifonadas 150x150x50 | D84: pç | E84: 12 | F84: 45 | G84: =E84*F84
A85: Subtotal 12º Pav (Tipo 7) | G85: =SUM(G81:G84)
B87: 13º Pav (Tipo 8)
A88: 2.1 | B88: 13º Pav (Tipo 8) | C88: Tubulações PVC Esgoto DN 50mm | D88: m | E88: 85 | F88: 12 | G88: =E88*F88
A89: 2.2 | B89: 13º Pav (Tipo 8) | C89: Tubulações PVC Esgoto DN 100mm | D89: m | E89: 45 | F89: 22 | G89: =E89*F89
A90: 2.3 | B90: 13º Pav (Tipo 8) | C90: Joelhos e Conexões PVC 50mm | D90: pç | E90: 45 | F90: 2.5 | G90: =E90*F90
A91: 2.4 | B91: 13º Pav (Tipo 8) | C91: Caixas Sifonadas 150x150x50 | D91: pç | E91: 12 | F91: 45 | G91: =E91*F91
A92: Subtotal 13º Pav (Tipo 8) | G92: =SUM(G88:G91)
B94: 14º Pav (Tipo 9)
A95: 2.1 | B95: 14º Pav (Tipo 9) | C95: Tubulações PVC Esgoto DN 50mm | D95: m | E95: 85 | F95: 12 | G95: =E95*F95
A96: 2.2 | B96: 14º Pav (Tipo 9) | C96: Tubulações PVC Esgoto DN 100mm | D96: m | E96: 45 | F96: 22 | G96: =E96*F96
A97: 2.3 | B97: 14º Pav (Tipo 9) | C97: Joelhos e Conexões PVC 50mm | D97: pç | E97: 45 | F97: 2.5 | G97: =E97*F97
A98: 2.4 | B98: 14º Pav (Tipo 9) | C98: Caixas Sifonadas 150x150x50 | D98: pç | E98: 12 | F98: 45 | G98: =E98*F98
A99: Subtotal 14º Pav (Tipo 9) | G99: =SUM(G95:G98)
B101: 15º Pav (Tipo 10)
A102: 2.1 | B102: 15º Pav (Tipo 10) | C102: Tubulações PVC Esgoto DN 50mm | D102: m | E102: 85 | F102: 12 | G102: =E102*F102
A103: 2.2 | B103: 15º Pav (Tipo 10) | C103: Tubulações PVC Esgoto DN 100mm | D103: m | E103: 45 | F103: 22 | G103: =E103*F103
A104: 2.3 | B104: 15º Pav (Tipo 10) | C104: Joelhos e Conexões PVC 50mm | D104: pç | E104: 45 | F104: 2.5 | G104: =E104*F104
A105: 2.4 | B105: 15º Pav (Tipo 10) | C105: Caixas Sifonadas 150x150x50 | D105: pç | E105: 12 | F105: 45 | G105: =E105*F105
A106: Subtotal 15º Pav (Tipo 10) | G106: =SUM(G102:G105)
B108: 16º Pav (Tipo 11)
A109: 2.1 | B109: 16º Pav (Tipo 11) | C109: Tubulações PVC Esgoto DN 50mm | D109: m | E109: 85 | F109: 12 | G109: =E109*F109
A110: 2.2 | B110: 16º Pav (Tipo 11) | C110: Tubulações PVC Esgoto DN 100mm | D110: m | E110: 45 | F110: 22 | G110: =E110*F110
A111: 2.3 | B111: 16º Pav (Tipo 11) | C111: Joelhos e Conexões PVC 50mm | D111: pç | E111: 45 | F111: 2.5 | G111: =E111*F111
A112: 2.4 | B112: 16º Pav (Tipo 11) | C112: Caixas Sifonadas 150x150x50 | D112: pç | E112: 12 | F112: 45 | G112: =E112*F112
A113: Subtotal 16º Pav (Tipo 11) | G113: =SUM(G109:G112)
B115: 17º Pav (Tipo 12)
A116: 2.1 | B116: 17º Pav (Tipo 12) | C116: Tubulações PVC Esgoto DN 50mm | D116: m | E116: 85 | F116: 12 | G116: =E116*F116
...

Sheet 3. ELÉTRICO
A1: 3. ELÉTRICO - POR PAVIMENTO
A2: Item | B2: Pavimento | C2: Descrição | D2: Unidade | E2: Quantidade | F2: Custo Unit. (R$) | G2: Custo Total (R$)
B3: Térreo
A4: 3.1 | B4: Térreo | C4: Quadros de Distribuição | D4: un | E4: 4 | F4: 1200 | G4: =E4*F4
A5: 3.2 | B5: Térreo | C5: Disjuntores Monopolares | D5: un | E5: 35 | F5: 35 | G5: =E5*F5
A6: 3.3 | B6: Térreo | C6: Disjuntores Bipolares | D6: un | E6: 12 | F6: 65 | G6: =E6*F6
A7: 3.4 | B7: Térreo | C7: DRs Bipolares 30mA | D7: un | E7: 8 | F7: 180 | G7: =E7*F7
A8: 3.5 | B8: Térreo | C8: Eletrodutos PVC 25mm | D8: m | E8: 220 | F8: 8 | G8: =E8*F8
A9: 3.6 | B9: Térreo | C9: Cabos de Cobre 2,5mm² | D9: m | E9: 450 | F9: 4.5 | G9: =E9*F9
A10: Subtotal Térreo | G10: =SUM(G4:G9)
B12: Garagem 2
A13: 3.1 | B13: Garagem 2 | C13: Quadros de Distribuição | D13: un | E13: 1.6 | F13: 1200 | G13: =E13*F13
A14: 3.2 | B14: Garagem 2 | C14: Disjuntores Monopolares | D14: un | E14: 14 | F14: 35 | G14: =E14*F14
A15: 3.3 | B15: Garagem 2 | C15: Disjuntores Bipolares | D15: un | E15: 4.8 | F15: 65 | G15: =E15*F15
A16: 3.4 | B16: Garagem 2 | C16: DRs Bipolares 30mA | D16: un | E16: 3.2 | F16: 180 | G16: =E16*F16
A17: 3.5 | B17: Garagem 2 | C17: Eletrodutos PVC 25mm | D17: m | E17: 88 | F17: 8 | G17: =E17*F17
A18: 3.6 | B18: Garagem 2 | C18: Cabos de Cobre 2,5mm² | D18: m | E18: 180 | F18: 4.5 | G18: =E18*F18
A19: Subtotal Garagem 2 | G19: =SUM(G13:G18)
B21: Garagem 3
A22: 3.1 | B22: Garagem 3 | C22: Quadros de Distribuição | D22: un | E22: 1.6 | F22: 1200 | G22: =E22*F22
A23: 3.2 | B23: Garagem 3 | C23: Disjuntores Monopolares | D23: un | E23: 14 | F23: 35 | G23: =E23*F23
A24: 3.3 | B24: Garagem 3 | C24: Disjuntores Bipolares | D24: un | E24: 4.8 | F24: 65 | G24: =E24*F24
A25: 3.4 | B25: Garagem 3 | C25: DRs Bipolares 30mA | D25: un | E25: 3.2 | F25: 180 | G25: =E25*F25
A26: 3.5 | B26: Garagem 3 | C26: Eletrodutos PVC 25mm | D26: m | E26: 88 | F26: 8 | G26: =E26*F26
A27: 3.6 | B27: Garagem 3 | C27: Cabos de Cobre 2,5mm² | D27: m | E27: 180 | F27: 4.5 | G27: =E27*F27
A28: Subtotal Garagem 3 | G28: =SUM(G22:G27)
B30: Garagem 4
A31: 3.1 | B31: Garagem 4 | C31: Quadros de Distribuição | D31: un | E31: 1.6 | F31: 1200 | G31: =E31*F31
A32: 3.2 | B32: Garagem 4 | C32: Disjuntores Monopolares | D32: un | E32: 14 | F32: 35 | G32: =E32*F32
A33: 3.3 | B33: Garagem 4 | C33: Disjuntores Bipolares | D33: un | E33: 4.8 | F33: 65 | G33: =E33*F33
A34: 3.4 | B34: Garagem 4 | C34: DRs Bipolares 30mA | D34: un | E34: 3.2 | F34: 180 | G34: =E34*F34
A35: 3.5 | B35: Garagem 4 | C35: Eletrodutos PVC 25mm | D35: m | E35: 88 | F35: 8 | G35: =E35*F35
A36: 3.6 | B36: Garagem 4 | C36: Cabos de Cobre 2,5mm² | D36: m | E36: 180 | F36: 4.5 | G36: =E36*F36
A37: Subtotal Garagem 4 | G37: =SUM(G31:G36)
B39: Garagem 5
A40: 3.1 | B40: Garagem 5 | C40: Quadros de Distribuição | D40: un | E40: 1.6 | F40: 1200 | G40: =E40*F40
A41: 3.2 | B41: Garagem 5 | C41: Disjuntores Monopolares | D41: un | E41: 14 | F41: 35 | G41: =E41*F41
A42: 3.3 | B42: Garagem 5 | C42: Disjuntores Bipolares | D42: un | E42: 4.8 | F42: 65 | G42: =E42*F42
A43: 3.4 | B43: Garagem 5 | C43: DRs Bipolares 30mA | D43: un | E43: 3.2 | F43: 180 | G43: =E43*F43
A44: 3.5 | B44: Garagem 5 | C44: Eletrodutos PVC 25mm | D44: m | E44: 88 | F44: 8 | G44: =E44*F44
A45: 3.6 | B45: Garagem 5 | C45: Cabos de Cobre 2,5mm² | D45: m | E45: 180 | F45: 4.5 | G45: =E45*F45
A46: Subtotal Garagem 5 | G46: =SUM(G40:G45)
B48: Lazer (6º)
A49: 3.1 | B49: Lazer (6º) | C49: Quadros de Distribuição | D49: un | E49: 6 | F49: 1200 | G49: =E49*F49
A50: 3.2 | B50: Lazer (6º) | C50: Disjuntores Monopolares | D50: un | E50: 52.5 | F50: 35 | G50: =E50*F50
A51: 3.3 | B51: Lazer (6º) | C51: Disjuntores Bipolares | D51: un | E51: 18 | F51: 65 | G51: =E51*F51
A52: 3.4 | B52: Lazer (6º) | C52: DRs Bipolares 30mA | D52: un | E52: 12 | F52: 180 | G52: =E52*F52
A53: 3.5 | B53: Lazer (6º) | C53: Eletrodutos PVC 25mm | D53: m | E53: 330 | F53: 8 | G53: =E53*F53
A54: 3.6 | B54: Lazer (6º) | C54: Cabos de Cobre 2,5mm² | D54: m | E54: 675 | F54: 4.5 | G54: =E54*F54
A55: Subtotal Lazer (6º) | G55: =SUM(G49:G54)
B57: 7º Pav (Tipo 2)
A58: 3.1 | B58: 7º Pav (Tipo 2) | C58: Quadros de Distribuição | D58: un | E58: 4 | F58: 1200 | G58: =E58*F58
A59: 3.2 | B59: 7º Pav (Tipo 2) | C59: Disjuntores Monopolares | D59: un | E59: 35 | F59: 35 | G59: =E59*F59
A60: 3.3 | B60: 7º Pav (Tipo 2) | C60: Disjuntores Bipolares | D60: un | E60: 12 | F60: 65 | G60: =E60*F60
A61: 3.4 | B61: 7º Pav (Tipo 2) | C61: DRs Bipolares 30mA | D61: un | E61: 8 | F61: 180 | G61: =E61*F61
A62: 3.5 | B62: 7º Pav (Tipo 2) | C62: Eletrodutos PVC 25mm | D62: m | E62: 220 | F62: 8 | G62: =E62*F62
A63: 3.6 | B63: 7º Pav (Tipo 2) | C63: Cabos de Cobre 2,5mm² | D63: m | E63: 450 | F63: 4.5 | G63: =E63*F63
A64: Subtotal 7º Pav (Tipo 2) | G64: =SUM(G58:G63)
B66: 8º Pav (Tipo 3)
A67: 3.1 | B67: 8º Pav (Tipo 3) | C67: Quadros de Distribuição | D67: un | E67: 4 | F67: 1200 | G67: =E67*F67
A68: 3.2 | B68: 8º Pav (Tipo 3) | C68: Disjuntores Monopolares | D68: un | E68: 35 | F68: 35 | G68: =E68*F68
A69: 3.3 | B69: 8º Pav (Tipo 3) | C69: Disjuntores Bipolares | D69: un | E69: 12 | F69: 65 | G69: =E69*F69
A70: 3.4 | B70: 8º Pav (Tipo 3) | C70: DRs Bipolares 30mA | D70: un | E70: 8 | F70: 180 | G70: =E70*F70
A71: 3.5 | B71: 8º Pav (Tipo 3) | C71: Eletrodutos PVC 25mm | D71: m | E71: 220 | F71: 8 | G71: =E71*F71
A72: 3.6 | B72: 8º Pav (Tipo 3) | C72: Cabos de Cobre 2,5mm² | D72: m | E72: 450 | F72: 4.5 | G72: =E72*F72
A73: Subtotal 8º Pav (Tipo 3) | G73: =SUM(G67:G72)
B75: 9º Pav (Tipo 4)
A76: 3.1 | B76: 9º Pav (Tipo 4) | C76: Quadros de Distribuição | D76: un | E76: 4 | F76: 1200 | G76: =E76*F76
A77: 3.2 | B77: 9º Pav (Tipo 4) | C77: Disjuntores Monopolares | D77: un | E77: 35 | F77: 35 | G77: =E77*F77
A78: 3.3 | B78: 9º Pav (Tipo 4) | C78: Disjuntores Bipolares | D78: un | E78: 12 | F78: 65 | G78: =E78*F78
A79: 3.4 | B79: 9º Pav (Tipo 4) | C79: DRs Bipolares 30mA | D79: un | E79: 8 | F79: 180 | G79: =E79*F79
A80: 3.5 | B80: 9º Pav (Tipo 4) | C80: Eletrodutos PVC 25mm | D80: m | E80: 220 | F80: 8 | G80: =E80*F80
A81: 3.6 | B81: 9º Pav (Tipo 4) | C81: Cabos de Cobre 2,5mm² | D81: m | E81: 450 | F81: 4.5 | G81: =E81*F81
A82: Subtotal 9º Pav (Tipo 4) | G82: =SUM(G76:G81)
B84: 10º Pav (Tipo 5)
A85: 3.1 | B85: 10º Pav (Tipo 5) | C85: Quadros de Distribuição | D85: un | E85: 4 | F85: 1200 | G85: =E85*F85
A86: 3.2 | B86: 10º Pav (Tipo 5) | C86: Disjuntores Monopolares | D86: un | E86: 35 | F86: 35 | G86: =E86*F86
A87: 3.3 | B87: 10º Pav (Tipo 5) | C87: Disjuntores Bipolares | D87: un | E87: 12 | F87: 65 | G87: =E87*F87
A88: 3.4 | B88: 10º Pav (Tipo 5) | C88: DRs Bipolares 30mA | D88: un | E88: 8 | F88: 180 | G88: =E88*F88
A89: 3.5 | B89: 10º Pav (Tipo 5) | C89: Eletrodutos PVC 25mm | D89: m | E89: 220 | F89: 8 | G89: =E89*F89
A90: 3.6 | B90: 10º Pav (Tipo 5) | C90: Cabos de Cobre 2,5mm² | D90: m | E90: 450 | F90: 4.5 | G90: =E90*F90
A91: Subtotal 10º Pav (Tipo 5) | G91: =SUM(G85:G90)
B93: 11º Pav (Tipo 6)
A94: 3.1 | B94: 11º Pav (Tipo 6) | C94: Quadros de Distribuição | D94: un | E94: 4 | F94: 1200 | G94: =E94*F94
A95: 3.2 | B95: 11º Pav (Tipo 6) | C95: Disjuntores Monopolares | D95: un | E95: 35 | F95: 35 | G95: =E95*F95
A96: 3.3 | B96: 11º Pav (Tipo 6) | C96: Disjuntores Bipolares | D96: un | E96: 12 | F96: 65 | G96: =E96*F96
A97: 3.4 | B97: 11º Pav (Tipo 6) | C97: DRs Bipolares 30mA | D97: un | E97: 8 | F97: 180 | G97: =E97*F97
A98: 3.5 | B98: 11º Pav (Tipo 6) | C98: Eletrodutos PVC 25mm | D98: m | E98: 220 | F98: 8 | G98: =E98*F98
A99: 3.6 | B99: 11º Pav (Tipo 6) | C99: Cabos de Cobre 2,5mm² | D99: m | E99: 450 | F99: 4.5 | G99: =E99*F99
A100: Subtotal 11º Pav (Tipo 6) | G100: =SUM(G94:G99)
B102: 12º Pav (Tipo 7)
A103: 3.1 | B103: 12º Pav (Tipo 7) | C103: Quadros de Distribuição | D103: un | E103: 4 | F103: 1200 | G103: =E103*F103
A104: 3.2 | B104: 12º Pav (Tipo 7) | C104: Disjuntores Monopolares | D104: un | E104: 35 | F104: 35 | G104: =E104*F104
A105: 3.3 | B105: 12º Pav (Tipo 7) | C105: Disjuntores Bipolares | D105: un | E105: 12 | F105: 65 | G105: =E105*F105
A106: 3.4 | B106: 12º Pav (Tipo 7) | C106: DRs Bipolares 30mA | D106: un | E106: 8 | F106: 180 | G106: =E106*F106
A107: 3.5 | B107: 12º Pav (Tipo 7) | C107: Eletrodutos PVC 25mm | D107: m | E107: 220 | F107: 8 | G107: =E107*F107
A108: 3.6 | B108: 12º Pav (Tipo 7) | C108: Cabos de Cobre 2,5mm² | D108: m | E108: 450 | F108: 4.5 | G108: =E108*F108
A109: Subtotal 12º Pav (Tipo 7) | G109: =SUM(G103:G108)
B111: 13º Pav (Tipo 8)
A112: 3.1 | B112: 13º Pav (Tipo 8) | C112: Quadros de Distribuição | D112: un | E112: 4 | F112: 1200 | G112: =E112*F112
...

Sheet 4. PPCI
A1: 4. PPCI - POR PAVIMENTO
A2: Item | B2: Pavimento | C2: Descrição | D2: Unidade | E2: Quantidade | F2: Custo Unit. (R$) | G2: Custo Total (R$)
B3: Térreo
A4: 4.1 | B4: Térreo | C4: Hidrante DN 65 Completo | D4: un | E4: 1 | F4: 1800 | G4: =E4*F4
A5: 4.2 | B5: Térreo | C5: Detector de Fumaça Endereçável | D5: un | E5: 4 | F5: 380 | G5: =E5*F5
A6: Subtotal Térreo | G6: =SUM(G4:G5)
B8: Garagem 2
A9: 4.2 | B9: Garagem 2 | C9: Detector de Fumaça Endereçável | D9: un | E9: 6 | F9: 380 | G9: =E9*F9
A10: Subtotal Garagem 2 | G10: =SUM(G9:G9)
B12: Garagem 3
A13: 4.2 | B13: Garagem 3 | C13: Detector de Fumaça Endereçável | D13: un | E13: 6 | F13: 380 | G13: =E13*F13
A14: Subtotal Garagem 3 | G14: =SUM(G13:G13)
B16: Garagem 4
A17: 4.2 | B17: Garagem 4 | C17: Detector de Fumaça Endereçável | D17: un | E17: 6 | F17: 380 | G17: =E17*F17
A18: Subtotal Garagem 4 | G18: =SUM(G17:G17)
B20: Garagem 5
A21: 4.2 | B21: Garagem 5 | C21: Detector de Fumaça Endereçável | D21: un | E21: 6 | F21: 380 | G21: =E21*F21
A22: Subtotal Garagem 5 | G22: =SUM(G21:G21)
B24: Lazer (6º)
A25: 4.1 | B25: Lazer (6º) | C25: Hidrante DN 65 Completo | D25: un | E25: 1 | F25: 1800 | G25: =E25*F25
A26: 4.2 | B26: Lazer (6º) | C26: Detector de Fumaça Endereçável | D26: un | E26: 4 | F26: 380 | G26: =E26*F26
A27: Subtotal Lazer (6º) | G27: =SUM(G25:G26)
B29: 7º Pav (Tipo 2)
A30: 4.1 | B30: 7º Pav (Tipo 2) | C30: Hidrante DN 65 Completo | D30: un | E30: 1 | F30: 1800 | G30: =E30*F30
A31: 4.2 | B31: 7º Pav (Tipo 2) | C31: Detector de Fumaça Endereçável | D31: un | E31: 8 | F31: 380 | G31: =E31*F31
A32: Subtotal 7º Pav (Tipo 2) | G32: =SUM(G30:G31)
B34: 8º Pav (Tipo 3)
A35: 4.1 | B35: 8º Pav (Tipo 3) | C35: Hidrante DN 65 Completo | D35: un | E35: 1 | F35: 1800 | G35: =E35*F35
A36: 4.2 | B36: 8º Pav (Tipo 3) | C36: Detector de Fumaça Endereçável | D36: un | E36: 8 | F36: 380 | G36: =E36*F36
A37: Subtotal 8º Pav (Tipo 3) | G37: =SUM(G35:G36)
B39: 9º Pav (Tipo 4)
A40: 4.1 | B40: 9º Pav (Tipo 4) | C40: Hidrante DN 65 Completo | D40: un | E40: 1 | F40: 1800 | G40: =E40*F40
A41: 4.2 | B41: 9º Pav (Tipo 4) | C41: Detector de Fumaça Endereçável | D41: un | E41: 8 | F41: 380 | G41: =E41*F41
A42: Subtotal 9º Pav (Tipo 4) | G42: =SUM(G40:G41)
B44: 10º Pav (Tipo 5)
A45: 4.1 | B45: 10º Pav (Tipo 5) | C45: Hidrante DN 65 Completo | D45: un | E45: 1 | F45: 1800 | G45: =E45*F45
A46: 4.2 | B46: 10º Pav (Tipo 5) | C46: Detector de Fumaça Endereçável | D46: un | E46: 8 | F46: 380 | G46: =E46*F46
A47: Subtotal 10º Pav (Tipo 5) | G47: =SUM(G45:G46)
B49: 11º Pav (Tipo 6)
A50: 4.1 | B50: 11º Pav (Tipo 6) | C50: Hidrante DN 65 Completo | D50: un | E50: 1 | F50: 1800 | G50: =E50*F50
A51: 4.2 | B51: 11º Pav (Tipo 6) | C51: Detector de Fumaça Endereçável | D51: un | E51: 8 | F51: 380 | G51: =E51*F51
A52: Subtotal 11º Pav (Tipo 6) | G52: =SUM(G50:G51)
B54: 12º Pav (Tipo 7)
A55: 4.1 | B55: 12º Pav (Tipo 7) | C55: Hidrante DN 65 Completo | D55: un | E55: 1 | F55: 1800 | G55: =E55*F55
A56: 4.2 | B56: 12º Pav (Tipo 7) | C56: Detector de Fumaça Endereçável | D56: un | E56: 8 | F56: 380 | G56: =E56*F56
A57: Subtotal 12º Pav (Tipo 7) | G57: =SUM(G55:G56)
B59: 13º Pav (Tipo 8)
A60: 4.1 | B60: 13º Pav (Tipo 8) | C60: Hidrante DN 65 Completo | D60: un | E60: 1 | F60: 1800 | G60: =E60*F60
A61: 4.2 | B61: 13º Pav (Tipo 8) | C61: Detector de Fumaça Endereçável | D61: un | E61: 8 | F61: 380 | G61: =E61*F61
A62: Subtotal 13º Pav (Tipo 8) | G62: =SUM(G60:G61)
B64: 14º Pav (Tipo 9)
A65: 4.1 | B65: 14º Pav (Tipo 9) | C65: Hidrante DN 65 Completo | D65: un | E65: 1 | F65: 1800 | G65: =E65*F65
A66: 4.2 | B66: 14º Pav (Tipo 9) | C66: Detector de Fumaça Endereçável | D66: un | E66: 8 | F66: 380 | G66: =E66*F66
A67: Subtotal 14º Pav (Tipo 9) | G67: =SUM(G65:G66)
B69: 15º Pav (Tipo 10)
A70: 4.1 | B70: 15º Pav (Tipo 10) | C70: Hidrante DN 65 Completo | D70: un | E70: 1 | F70: 1800 | G70: =E70*F70
A71: 4.2 | B71: 15º Pav (Tipo 10) | C71: Detector de Fumaça Endereçável | D71: un | E71: 8 | F71: 380 | G71: =E71*F71
A72: Subtotal 15º Pav (Tipo 10) | G72: =SUM(G70:G71)
B74: 16º Pav (Tipo 11)
A75: 4.1 | B75: 16º Pav (Tipo 11) | C75: Hidrante DN 65 Completo | D75: un | E75: 1 | F75: 1800 | G75: =E75*F75
A76: 4.2 | B76: 16º Pav (Tipo 11) | C76: Detector de Fumaça Endereçável | D76: un | E76: 8 | F76: 380 | G76: =E76*F76
A77: Subtotal 16º Pav (Tipo 11) | G77: =SUM(G75:G76)
B79: 17º Pav (Tipo 12)
A80: 4.1 | B80: 17º Pav (Tipo 12) | C80: Hidrante DN 65 Completo | D80: un | E80: 1 | F80: 1800 | G80: =E80*F80
A81: 4.2 | B81: 17º Pav (Tipo 12) | C81: Detector de Fumaça Endereçável | D81: un | E81: 8 | F81: 380 | G81: =E81*F81
A82: Subtotal 17º Pav (Tipo 12) | G82: =SUM(G80:G81)
B84: 18º Pav (Tipo 13)
A85: 4.1 | B85: 18º Pav (Tipo 13) | C85: Hidrante DN 65 Completo | D85: un | E85: 1 | F85: 1800 | G85: =E85*F85
A86: 4.2 | B86: 18º Pav (Tipo 13) | C86: Detector de Fumaça Endereçável | D86: un | E86: 8 | F86: 380 | G86: =E86*F86
A87: Subtotal 18º Pav (Tipo 13) | G87: =SUM(G85:G86)
B89: 19º Pav (Tipo 14)
A90: 4.1 | B90: 19º Pav (Tipo 14) | C90: Hidrante DN 65 Completo | D90: un | E90: 1 | F90: 1800 | G90: =E90*F90
A91: 4.2 | B91: 19º Pav (Tipo 14) | C91: Detector de Fumaça Endereçável | D91: un | E91: 8 | F91: 380 | G91: =E91*F91
A92: Subtotal 19º Pav (Tipo 14) | G92: =SUM(G90:G91)
B94: 20º Pav (Tipo 15)
A95: 4.1 | B95: 20º Pav (Tipo 15) | C95: Hidrante DN 65 Completo | D95: un | E95: 1 | F95: 1800 | G95: =E95*F95
A96: 4.2 | B96: 20º Pav (Tipo 15) | C96: Detector de Fumaça Endereçável | D96: un | E96: 8 | F96: 380 | G96: =E96*F96
A97: Subtotal 20º Pav (Tipo 15) | G97: =SUM(G95:G96)
B99: 21º Pav (Tipo 16)
A100: 4.1 | B100: 21º Pav (Tipo 16) | C100: Hidrante DN 65 Completo | D100: un | E100: 1 | F100: 1800 | G100: =E100*F100
A101: 4.2 | B101: 21º Pav (Tipo 16) | C101: Detector de Fumaça Endereçável | D101: un | E101: 8 | F101: 380 | G101: =E101*F101
A102: Subtotal 21º Pav (Tipo 16) | G102: =SUM(G100:G101)
B104: 22º Pav (Tipo 17)
A105: 4.1 | B105: 22º Pav (Tipo 17) | C105: Hidrante DN 65 Completo | D105: un | E105: 1 | F105: 1800 | G105: =E105*F105
A106: 4.2 | B106: 22º Pav (Tipo 17) | C106: Detector de Fumaça Endereçável | D106: un | E106: 8 | F106: 380 | G106: =E106*F106
A107: Subtotal 22º Pav (Tipo 17) | G107: =SUM(G105:G106)
B109: 23º Pav (Tipo 18)
A110: 4.1 | B110: 23º Pav (Tipo 18) | C110: Hidrante DN 65 Completo | D110: un | E110: 1 | F110: 1800 | G110: =E110*F110
A111: 4.2 | B111: 23º Pav (Tipo 18) | C111: Detector de Fumaça Endereçável | D111: un | E111: 8 | F111: 380 | G111: =E111*F111
A112: Subtotal 23º Pav (Tipo 18) | G112: =SUM(G110:G111)
B114: Ático (24º)
A115: 4.1 | B115: Ático (24º) | C115: Hidrante DN 65 Completo | D115: un | E115: 1 | F115: 1800 | G115: =E115*F115
A116: 4.2 | B116: Ático (24º) | C116: Detector de Fumaça Endereçável | D116: un | E116: 4 | F116: 380 | G116: =E116*F116
A117: Subtotal Ático (24º) | G117: =SUM(G115:G116)
B119: Técnico 1 (25º)
A120: 4.2 | B120: Técnico 1 (25º) | C120: Detector de Fumaça Endereçável | D120: un | E120: 4 | F120: 380 | G120: =E120*F120
A121: Subtotal Técnico 1 (25º) | G121: =SUM(G120:G120)
B123: Técnico 2 (26º)
A124: 4.2 | B124: Técnico 2 (26º) | C124: Detector de Fumaça Endereçável | D124: un | E124: 4 | F124: 380 | G124: =E124*F124
A125: Subtotal Técnico 2 (26º) | G125: =SUM(G124:G124)
...

Sheet 5. VEDAÇÕES
A1: 5. VEDAÇÕES - POR PAVIMENTO
A2: Item | B2: Pavimento | C2: Descrição | D2: Unidade | E2: Quantidade | F2: Custo Unit. (R$) | G2: Custo Total (R$)
B3: Térreo
A4: 5.1 | B4: Térreo | C4: Alvenaria Bloco Cerâmico 14x19x29 | D4: m² | E4: 180 | F4: 35 | G4: =E4*F4
A5: 5.2 | B5: Térreo | C5: Chapisco | D5: m² | E5: 360 | F5: 8.5 | G5: =E5*F5
A6: 5.3 | B6: Térreo | C6: Reboco Paulista | D6: m² | E6: 360 | F6: 28 | G6: =E6*F6
A7: Subtotal Térreo | G7: =SUM(G4:G6)
B9: Garagem 2
A10: 5.1 | B10: Garagem 2 | C10: Alvenaria Bloco Cerâmico 14x19x29 | D10: m² | E10: 36 | F10: 35 | G10: =E10*F10
A11: 5.2 | B11: Garagem 2 | C11: Chapisco | D11: m² | E11: 72 | F11: 8.5 | G11: =E11*F11
A12: 5.3 | B12: Garagem 2 | C12: Reboco Paulista | D12: m² | E12: 72 | F12: 28 | G12: =E12*F12
A13: Subtotal Garagem 2 | G13: =SUM(G10:G12)
B15: Garagem 3
A16: 5.1 | B16: Garagem 3 | C16: Alvenaria Bloco Cerâmico 14x19x29 | D16: m² | E16: 36 | F16: 35 | G16: =E16*F16
A17: 5.2 | B17: Garagem 3 | C17: Chapisco | D17: m² | E17: 72 | F17: 8.5 | G17: =E17*F17
A18: 5.3 | B18: Garagem 3 | C18: Reboco Paulista | D18: m² | E18: 72 | F18: 28 | G18: =E18*F18
A19: Subtotal Garagem 3 | G19: =SUM(G16:G18)
B21: Garagem 4
A22: 5.1 | B22: Garagem 4 | C22: Alvenaria Bloco Cerâmico 14x19x29 | D22: m² | E22: 36 | F22: 35 | G22: =E22*F22
A23: 5.2 | B23: Garagem 4 | C23: Chapisco | D23: m² | E23: 72 | F23: 8.5 | G23: =E23*F23
A24: 5.3 | B24: Garagem 4 | C24: Reboco Paulista | D24: m² | E24: 72 | F24: 28 | G24: =E24*F24
A25: Subtotal Garagem 4 | G25: =SUM(G22:G24)
B27: Garagem 5
A28: 5.1 | B28: Garagem 5 | C28: Alvenaria Bloco Cerâmico 14x19x29 | D28: m² | E28: 36 | F28: 35 | G28: =E28*F28
A29: 5.2 | B29: Garagem 5 | C29: Chapisco | D29: m² | E29: 72 | F29: 8.5 | G29: =E29*F29
A30: 5.3 | B30: Garagem 5 | C30: Reboco Paulista | D30: m² | E30: 72 | F30: 28 | G30: =E30*F30
A31: Subtotal Garagem 5 | G31: =SUM(G28:G30)
B33: Lazer (6º)
A34: 5.1 | B34: Lazer (6º) | C34: Alvenaria Bloco Cerâmico 14x19x29 | D34: m² | E34: 180 | F34: 35 | G34: =E34*F34
A35: 5.2 | B35: Lazer (6º) | C35: Chapisco | D35: m² | E35: 360 | F35: 8.5 | G35: =E35*F35
A36: 5.3 | B36: Lazer (6º) | C36: Reboco Paulista | D36: m² | E36: 360 | F36: 28 | G36: =E36*F36
A37: Subtotal Lazer (6º) | G37: =SUM(G34:G36)
B39: 7º Pav (Tipo 2)
A40: 5.1 | B40: 7º Pav (Tipo 2) | C40: Alvenaria Bloco Cerâmico 14x19x29 | D40: m² | E40: 180 | F40: 35 | G40: =E40*F40
A41: 5.2 | B41: 7º Pav (Tipo 2) | C41: Chapisco | D41: m² | E41: 360 | F41: 8.5 | G41: =E41*F41
A42: 5.3 | B42: 7º Pav (Tipo 2) | C42: Reboco Paulista | D42: m² | E42: 360 | F42: 28 | G42: =E42*F42
A43: Subtotal 7º Pav (Tipo 2) | G43: =SUM(G40:G42)
B45: 8º Pav (Tipo 3)
A46: 5.1 | B46: 8º Pav (Tipo 3) | C46: Alvenaria Bloco Cerâmico 14x19x29 | D46: m² | E46: 180 | F46: 35 | G46: =E46*F46
A47: 5.2 | B47: 8º Pav (Tipo 3) | C47: Chapisco | D47: m² | E47: 360 | F47: 8.5 | G47: =E47*F47
A48: 5.3 | B48: 8º Pav (Tipo 3) | C48: Reboco Paulista | D48: m² | E48: 360 | F48: 28 | G48: =E48*F48
A49: Subtotal 8º Pav (Tipo 3) | G49: =SUM(G46:G48)
B51: 9º Pav (Tipo 4)
A52: 5.1 | B52: 9º Pav (Tipo 4) | C52: Alvenaria Bloco Cerâmico 14x19x29 | D52: m² | E52: 180 | F52: 35 | G52: =E52*F52
A53: 5.2 | B53: 9º Pav (Tipo 4) | C53: Chapisco | D53: m² | E53: 360 | F53: 8.5 | G53: =E53*F53
A54: 5.3 | B54: 9º Pav (Tipo 4) | C54: Reboco Paulista | D54: m² | E54: 360 | F54: 28 | G54: =E54*F54
A55: Subtotal 9º Pav (Tipo 4) | G55: =SUM(G52:G54)
B57: 10º Pav (Tipo 5)
A58: 5.1 | B58: 10º Pav (Tipo 5) | C58: Alvenaria Bloco Cerâmico 14x19x29 | D58: m² | E58: 180 | F58: 35 | G58: =E58*F58
A59: 5.2 | B59: 10º Pav (Tipo 5) | C59: Chapisco | D59: m² | E59: 360 | F59: 8.5 | G59: =E59*F59
A60: 5.3 | B60: 10º Pav (Tipo 5) | C60: Reboco Paulista | D60: m² | E60: 360 | F60: 28 | G60: =E60*F60
A61: Subtotal 10º Pav (Tipo 5) | G61: =SUM(G58:G60)
B63: 11º Pav (Tipo 6)
A64: 5.1 | B64: 11º Pav (Tipo 6) | C64: Alvenaria Bloco Cerâmico 14x19x29 | D64: m² | E64: 180 | F64: 35 | G64: =E64*F64
A65: 5.2 | B65: 11º Pav (Tipo 6) | C65: Chapisco | D65: m² | E65: 360 | F65: 8.5 | G65: =E65*F65
A66: 5.3 | B66: 11º Pav (Tipo 6) | C66: Reboco Paulista | D66: m² | E66: 360 | F66: 28 | G66: =E66*F66
A67: Subtotal 11º Pav (Tipo 6) | G67: =SUM(G64:G66)
B69: 12º Pav (Tipo 7)
A70: 5.1 | B70: 12º Pav (Tipo 7) | C70: Alvenaria Bloco Cerâmico 14x19x29 | D70: m² | E70: 180 | F70: 35 | G70: =E70*F70
A71: 5.2 | B71: 12º Pav (Tipo 7) | C71: Chapisco | D71: m² | E71: 360 | F71: 8.5 | G71: =E71*F71
A72: 5.3 | B72: 12º Pav (Tipo 7) | C72: Reboco Paulista | D72: m² | E72: 360 | F72: 28 | G72: =E72*F72
A73: Subtotal 12º Pav (Tipo 7) | G73: =SUM(G70:G72)
B75: 13º Pav (Tipo 8)
A76: 5.1 | B76: 13º Pav (Tipo 8) | C76: Alvenaria Bloco Cerâmico 14x19x29 | D76: m² | E76: 180 | F76: 35 | G76: =E76*F76
A77: 5.2 | B77: 13º Pav (Tipo 8) | C77: Chapisco | D77: m² | E77: 360 | F77: 8.5 | G77: =E77*F77
A78: 5.3 | B78: 13º Pav (Tipo 8) | C78: Reboco Paulista | D78: m² | E78: 360 | F78: 28 | G78: =E78*F78
A79: Subtotal 13º Pav (Tipo 8) | G79: =SUM(G76:G78)
B81: 14º Pav (Tipo 9)
A82: 5.1 | B82: 14º Pav (Tipo 9) | C82: Alvenaria Bloco Cerâmico 14x19x29 | D82: m² | E82: 180 | F82: 35 | G82: =E82*F82
A83: 5.2 | B83: 14º Pav (Tipo 9) | C83: Chapisco | D83: m² | E83: 360 | F83: 8.5 | G83: =E83*F83
A84: 5.3 | B84: 14º Pav (Tipo 9) | C84: Reboco Paulista | D84: m² | E84: 360 | F84: 28 | G84: =E84*F84
A85: Subtotal 14º Pav (Tipo 9) | G85: =SUM(G82:G84)
B87: 15º Pav (Tipo 10)
A88: 5.1 | B88: 15º Pav (Tipo 10) | C88: Alvenaria Bloco Cerâmico 14x19x29 | D88: m² | E88: 180 | F88: 35 | G88: =E88*F88
A89: 5.2 | B89: 15º Pav (Tipo 10) | C89: Chapisco | D89: m² | E89: 360 | F89: 8.5 | G89: =E89*F89
A90: 5.3 | B90: 15º Pav (Tipo 10) | C90: Reboco Paulista | D90: m² | E90: 360 | F90: 28 | G90: =E90*F90
A91: Subtotal 15º Pav (Tipo 10) | G91: =SUM(G88:G90)
B93: 16º Pav (Tipo 11)
A94: 5.1 | B94: 16º Pav (Tipo 11) | C94: Alvenaria Bloco Cerâmico 14x19x29 | D94: m² | E94: 180 | F94: 35 | G94: =E94*F94
A95: 5.2 | B95: 16º Pav (Tipo 11) | C95: Chapisco | D95: m² | E95: 360 | F95: 8.5 | G95: =E95*F95
A96: 5.3 | B96: 16º Pav (Tipo 11) | C96: Reboco Paulista | D96: m² | E96: 360 | F96: 28 | G96: =E96*F96
A97: Subtotal 16º Pav (Tipo 11) | G97: =SUM(G94:G96)
B99: 17º Pav (Tipo 12)
A100: 5.1 | B100: 17º Pav (Tipo 12) | C100: Alvenaria Bloco Cerâmico 14x19x29 | D100: m² | E100: 180 | F100: 35 | G100: =E100*F100
A101: 5.2 | B101: 17º Pav (Tipo 12) | C101: Chapisco | D101: m² | E101: 360 | F101: 8.5 | G101: =E101*F101
A102: 5.3 | B102: 17º Pav (Tipo 12) | C102: Reboco Paulista | D102: m² | E102: 360 | F102: 28 | G102: =E102*F102
A103: Subtotal 17º Pav (Tipo 12) | G103: =SUM(G100:G102)
B105: 18º Pav (Tipo 13)
A106: 5.1 | B106: 18º Pav (Tipo 13) | C106: Alvenaria Bloco Cerâmico 14x19x29 | D106: m² | E106: 180 | F106: 35 | G106: =E106*F106
A107: 5.2 | B107: 18º Pav (Tipo 13) | C107: Chapisco | D107: m² | E107: 360 | F107: 8.5 | G107: =E107*F107
A108: 5.3 | B108: 18º Pav (Tipo 13) | C108: Reboco Paulista | D108: m² | E108: 360 | F108: 28 | G108: =E108*F108
A109: Subtotal 18º Pav (Tipo 13) | G109: =SUM(G106:G108)
B111: 19º Pav (Tipo 14)
A112: 5.1 | B112: 19º Pav (Tipo 14) | C112: Alvenaria Bloco Cerâmico 14x19x29 | D112: m² | E112: 180 | F112: 35 | G112: =E112*F112
A113: 5.2 | B113: 19º Pav (Tipo 14) | C113: Chapisco | D113: m² | E113: 360 | F113: 8.5 | G113: =E113*F113
A114: 5.3 | B114: 19º Pav (Tipo 14) | C114: Reboco Paulista | D114: m² | E114: 360 | F114: 28 | G114: =E114*F114
A115: Subtotal 19º Pav (Tipo 14) | G115: =SUM(G112:G114)
B117: 20º Pav (Tipo 15)
A118: 5.1 | B118: 20º Pav (Tipo 15) | C118: Alvenaria Bloco Cerâmico 14x19x29 | D118: m² | E118: 180 | F118: 35 | G118: =E118*F118
A119: 5.2 | B119: 20º Pav (Tipo 15) | C119: Chapisco | D119: m² | E119: 360 | F119: 8.5 | G119: =E119*F119
...

Sheet 6. ACABAMENTOS
A1: 6. ACABAMENTOS - POR PAVIMENTO
A2: Item | B2: Pavimento | C2: Descrição | D2: Unidade | E2: Quantidade | F2: Custo Unit. (R$) | G2: Custo Total (R$)
B3: Térreo
A4: 6.1 | B4: Térreo | C4: Piso Cerâmico Padrão Alto | D4: m² | E4: 170 | F4: 48 | G4: =E4*F4
A5: 6.2 | B5: Térreo | C5: Pintura Látex Acrílica (paredes + teto) | D5: m² | E5: 765 | F5: 18 | G5: =E5*F5
A6: Subtotal Térreo | G6: =SUM(G4:G5)
B8: Garagem 2
A9: 6.1 | B9: Garagem 2 | C9: Piso Cerâmico Padrão Alto | D9: m² | E9: 136 | F9: 48 | G9: =E9*F9
A10: 6.2 | B10: Garagem 2 | C10: Pintura Látex Acrílica (paredes + teto) | D10: m² | E10: 612 | F10: 18 | G10: =E10*F10
A11: Subtotal Garagem 2 | G11: =SUM(G9:G10)
B13: Garagem 3
A14: 6.1 | B14: Garagem 3 | C14: Piso Cerâmico Padrão Alto | D14: m² | E14: 136 | F14: 48 | G14: =E14*F14
A15: 6.2 | B15: Garagem 3 | C15: Pintura Látex Acrílica (paredes + teto) | D15: m² | E15: 612 | F15: 18 | G15: =E15*F15
A16: Subtotal Garagem 3 | G16: =SUM(G14:G15)
B18: Garagem 4
A19: 6.1 | B19: Garagem 4 | C19: Piso Cerâmico Padrão Alto | D19: m² | E19: 136 | F19: 48 | G19: =E19*F19
A20: 6.2 | B20: Garagem 4 | C20: Pintura Látex Acrílica (paredes + teto) | D20: m² | E20: 612 | F20: 18 | G20: =E20*F20
A21: Subtotal Garagem 4 | G21: =SUM(G19:G20)
B23: Garagem 5
A24: 6.1 | B24: Garagem 5 | C24: Piso Cerâmico Padrão Alto | D24: m² | E24: 136 | F24: 48 | G24: =E24*F24
A25: 6.2 | B25: Garagem 5 | C25: Pintura Látex Acrílica (paredes + teto) | D25: m² | E25: 612 | F25: 18 | G25: =E25*F25
A26: Subtotal Garagem 5 | G26: =SUM(G24:G25)
B28: Lazer (6º)
A29: 6.1 | B29: Lazer (6º) | C29: Piso Cerâmico Padrão Alto | D29: m² | E29: 170 | F29: 48 | G29: =E29*F29
A30: 6.2 | B30: Lazer (6º) | C30: Pintura Látex Acrílica (paredes + teto) | D30: m² | E30: 765 | F30: 18 | G30: =E30*F30
A31: Subtotal Lazer (6º) | G31: =SUM(G29:G30)
B33: 7º Pav (Tipo 2)
A34: 6.1 | B34: 7º Pav (Tipo 2) | C34: Piso Cerâmico Padrão Alto | D34: m² | E34: 170 | F34: 48 | G34: =E34*F34
A35: 6.2 | B35: 7º Pav (Tipo 2) | C35: Pintura Látex Acrílica (paredes + teto) | D35: m² | E35: 765 | F35: 18 | G35: =E35*F35
A36: Subtotal 7º Pav (Tipo 2) | G36: =SUM(G34:G35)
B38: 8º Pav (Tipo 3)
A39: 6.1 | B39: 8º Pav (Tipo 3) | C39: Piso Cerâmico Padrão Alto | D39: m² | E39: 170 | F39: 48 | G39: =E39*F39
A40: 6.2 | B40: 8º Pav (Tipo 3) | C40: Pintura Látex Acrílica (paredes + teto) | D40: m² | E40: 765 | F40: 18 | G40: =E40*F40
A41: Subtotal 8º Pav (Tipo 3) | G41: =SUM(G39:G40)
B43: 9º Pav (Tipo 4)
A44: 6.1 | B44: 9º Pav (Tipo 4) | C44: Piso Cerâmico Padrão Alto | D44: m² | E44: 170 | F44: 48 | G44: =E44*F44
A45: 6.2 | B45: 9º Pav (Tipo 4) | C45: Pintura Látex Acrílica (paredes + teto) | D45: m² | E45: 765 | F45: 18 | G45: =E45*F45
A46: Subtotal 9º Pav (Tipo 4) | G46: =SUM(G44:G45)
B48: 10º Pav (Tipo 5)
A49: 6.1 | B49: 10º Pav (Tipo 5) | C49: Piso Cerâmico Padrão Alto | D49: m² | E49: 170 | F49: 48 | G49: =E49*F49
A50: 6.2 | B50: 10º Pav (Tipo 5) | C50: Pintura Látex Acrílica (paredes + teto) | D50: m² | E50: 765 | F50: 18 | G50: =E50*F50
A51: Subtotal 10º Pav (Tipo 5) | G51: =SUM(G49:G50)
B53: 11º Pav (Tipo 6)
A54: 6.1 | B54: 11º Pav (Tipo 6) | C54: Piso Cerâmico Padrão Alto | D54: m² | E54: 170 | F54: 48 | G54: =E54*F54
A55: 6.2 | B55: 11º Pav (Tipo 6) | C55: Pintura Látex Acrílica (paredes + teto) | D55: m² | E55: 765 | F55: 18 | G55: =E55*F55
A56: Subtotal 11º Pav (Tipo 6) | G56: =SUM(G54:G55)
B58: 12º Pav (Tipo 7)
A59: 6.1 | B59: 12º Pav (Tipo 7) | C59: Piso Cerâmico Padrão Alto | D59: m² | E59: 170 | F59: 48 | G59: =E59*F59
A60: 6.2 | B60: 12º Pav (Tipo 7) | C60: Pintura Látex Acrílica (paredes + teto) | D60: m² | E60: 765 | F60: 18 | G60: =E60*F60
A61: Subtotal 12º Pav (Tipo 7) | G61: =SUM(G59:G60)
B63: 13º Pav (Tipo 8)
A64: 6.1 | B64: 13º Pav (Tipo 8) | C64: Piso Cerâmico Padrão Alto | D64: m² | E64: 170 | F64: 48 | G64: =E64*F64
A65: 6.2 | B65: 13º Pav (Tipo 8) | C65: Pintura Látex Acrílica (paredes + teto) | D65: m² | E65: 765 | F65: 18 | G65: =E65*F65
A66: Subtotal 13º Pav (Tipo 8) | G66: =SUM(G64:G65)
B68: 14º Pav (Tipo 9)
A69: 6.1 | B69: 14º Pav (Tipo 9) | C69: Piso Cerâmico Padrão Alto | D69: m² | E69: 170 | F69: 48 | G69: =E69*F69
A70: 6.2 | B70: 14º Pav (Tipo 9) | C70: Pintura Látex Acrílica (paredes + teto) | D70: m² | E70: 765 | F70: 18 | G70: =E70*F70
A71: Subtotal 14º Pav (Tipo 9) | G71: =SUM(G69:G70)
B73: 15º Pav (Tipo 10)
A74: 6.1 | B74: 15º Pav (Tipo 10) | C74: Piso Cerâmico Padrão Alto | D74: m² | E74: 170 | F74: 48 | G74: =E74*F74
A75: 6.2 | B75: 15º Pav (Tipo 10) | C75: Pintura Látex Acrílica (paredes + teto) | D75: m² | E75: 765 | F75: 18 | G75: =E75*F75
A76: Subtotal 15º Pav (Tipo 10) | G76: =SUM(G74:G75)
B78: 16º Pav (Tipo 11)
A79: 6.1 | B79: 16º Pav (Tipo 11) | C79: Piso Cerâmico Padrão Alto | D79: m² | E79: 170 | F79: 48 | G79: =E79*F79
A80: 6.2 | B80: 16º Pav (Tipo 11) | C80: Pintura Látex Acrílica (paredes + teto) | D80: m² | E80: 765 | F80: 18 | G80: =E80*F80
A81: Subtotal 16º Pav (Tipo 11) | G81: =SUM(G79:G80)
B83: 17º Pav (Tipo 12)
A84: 6.1 | B84: 17º Pav (Tipo 12) | C84: Piso Cerâmico Padrão Alto | D84: m² | E84: 170 | F84: 48 | G84: =E84*F84
A85: 6.2 | B85: 17º Pav (Tipo 12) | C85: Pintura Látex Acrílica (paredes + teto) | D85: m² | E85: 765 | F85: 18 | G85: =E85*F85
A86: Subtotal 17º Pav (Tipo 12) | G86: =SUM(G84:G85)
B88: 18º Pav (Tipo 13)
A89: 6.1 | B89: 18º Pav (Tipo 13) | C89: Piso Cerâmico Padrão Alto | D89: m² | E89: 170 | F89: 48 | G89: =E89*F89
A90: 6.2 | B90: 18º Pav (Tipo 13) | C90: Pintura Látex Acrílica (paredes + teto) | D90: m² | E90: 765 | F90: 18 | G90: =E90*F90
A91: Subtotal 18º Pav (Tipo 13) | G91: =SUM(G89:G90)
B93: 19º Pav (Tipo 14)
A94: 6.1 | B94: 19º Pav (Tipo 14) | C94: Piso Cerâmico Padrão Alto | D94: m² | E94: 170 | F94: 48 | G94: =E94*F94
A95: 6.2 | B95: 19º Pav (Tipo 14) | C95: Pintura Látex Acrílica (paredes + teto) | D95: m² | E95: 765 | F95: 18 | G95: =E95*F95
A96: Subtotal 19º Pav (Tipo 14) | G96: =SUM(G94:G95)
B98: 20º Pav (Tipo 15)
A99: 6.1 | B99: 20º Pav (Tipo 15) | C99: Piso Cerâmico Padrão Alto | D99: m² | E99: 170 | F99: 48 | G99: =E99*F99
A100: 6.2 | B100: 20º Pav (Tipo 15) | C100: Pintura Látex Acrílica (paredes + teto) | D100: m² | E100: 765 | F100: 18 | G100: =E100*F100
A101: Subtotal 20º Pav (Tipo 15) | G101: =SUM(G99:G100)
B103: 21º Pav (Tipo 16)
A104: 6.1 | B104: 21º Pav (Tipo 16) | C104: Piso Cerâmico Padrão Alto | D104: m² | E104: 170 | F104: 48 | G104: =E104*F104
A105: 6.2 | B105: 21º Pav (Tipo 16) | C105: Pintura Látex Acrílica (paredes + teto) | D105: m² | E105: 765 | F105: 18 | G105: =E105*F105
A106: Subtotal 21º Pav (Tipo 16) | G106: =SUM(G104:G105)
B108: 22º Pav (Tipo 17)
A109: 6.1 | B109: 22º Pav (Tipo 17) | C109: Piso Cerâmico Padrão Alto | D109: m² | E109: 170 | F109: 48 | G109: =E109*F109
A110: 6.2 | B110: 22º Pav (Tipo 17) | C110: Pintura Látex Acrílica (paredes + teto) | D110: m² | E110: 765 | F110: 18 | G110: =E110*F110
A111: Subtotal 22º Pav (Tipo 17) | G111: =SUM(G109:G110)
B113: 23º Pav (Tipo 18)
A114: 6.1 | B114: 23º Pav (Tipo 18) | C114: Piso Cerâmico Padrão Alto | D114: m² | E114: 170 | F114: 48 | G114: =E114*F114
A115: 6.2 | B115: 23º Pav (Tipo 18) | C115: Pintura Látex Acrílica (paredes + teto) | D115: m² | E115: 765 | F115: 18 | G115: =E115*F115
A116: Subtotal 23º Pav (Tipo 18) | G116: =SUM(G114:G115)
B118: Ático (24º)
A119: 6.1 | B119: Ático (24º) | C119: Piso Cerâmico Padrão Alto | D119: m² | E119: 170 | F119: 48 | G119: =E119*F119
A120: 6.2 | B120: Ático (24º) | C120: Pintura Látex Acrílica (paredes + teto) | D120: m² | E120: 765 | F120: 18 | G120: =E120*F120
A121: Subtotal Ático (24º) | G121: =SUM(G119:G120)
B123: Técnico 1 (25º)
A124: 6.1 | B124: Técnico 1 (25º) | C124: Piso Cerâmico Padrão Alto | D124: m² | E124: 68 | F124: 48 | G124: =E124*F124
...

Sheet 7. RESUMO GERAL
A1: RESUMO GERAL - CONSOLIDADO
A2: Item | B2: Pavimento | C2: Descrição | D2: Unidade | E2: Quantidade | F2: Custo Unit. (R$) | G2: Custo Total (R$)
A3: 1 | C3: ESTRUTURA | G3: ='1. ESTRUTURA'!G1000
A5: 2 | C5: HIDROSSANITÁRIO | G5: ='2. HIDROSSANITÁRIO'!G1000
A7: 3 | C7: ELÉTRICO | G7: ='3. ELÉTRICO'!G1000
A9: 4 | C9: PPCI | G9: ='4. PPCI'!G1000
A11: 5 | C11: VEDAÇÕES | G11: ='5. VEDAÇÕES'!G1000
A13: 6 | C13: ACABAMENTOS | G13: ='6. ACABAMENTOS'!G1000
A16: TOTAL GERAL (SEM BDI) | G16: =G3+G5+G7+G9+G11+G13
A18: TOTAL COM BDI 25.0% | G18: =G16*(1+0.25)
