Workbook

Sheet Gerenciamento executivo 
A1: ETAPA | B1: URBE | D1: PARAMÉTRICO | E1: OBRA SIMILAR
B2: VALOR | C2: VALOR / m² | D2: VALOR / m² | E2: VALOR / m²
A3: INFRAESTRUTURA E MOVIMENTAÇÃO DE TERRA | B3: =Gerenciamento_Exec!B3 -> 1075033.9 | C3: =Gerenciamento_Exec!D3 -> 187.59306 | D3: ='Orçamento Resumo'!G3+'Orçamento Resumo'!G4 -> 207.20317 | E3: 120,00 - 180,00 | F3: 120 | G3: 180 | H3: 6731.84 | J3: 1945.43 | K3: 2544.17 | M3: =K3/J3 -> 1.3077674
A4: SUPRAESTRUTURA | B4: =Gerenciamento_Exec!B4 -> 3825559.1 | C4: =Gerenciamento_Exec!D4 -> 667.55879 | D4: ='Orçamento Resumo'!G5 -> 558.88589 | E4: 600,00 - 680,00 | F4: 600 | G4: 680
A5: ALVENARIA | B5: =Gerenciamento_Exec!B5 -> 832611.75 | C5: =Gerenciamento_Exec!D5 -> 145.29047 | D5: ='Orçamento Resumo'!G6 -> 121.30946 | E5: 90,00 - 140,00 | F5: 90 | G5: 140
A6: INSTALAÇÕES ELÉTRICAS, HIDRÁULICAS, GLP E PREVENTIVAS | B6: =Gerenciamento_Exec!B6 -> 1932893.6 | C6: =Gerenciamento_Exec!D6 -> 337.28928 | D6: ='Orçamento Resumo'!G7 -> 294.10872 | E6: 300,00 - 350,00 | F6: 300 | G6: 350
A7: SISTEMAS E EQUIPAMENTOS ESPECIAIS | B7: =Gerenciamento_Exec!B7 -> 771860 | C7: =Gerenciamento_Exec!D7 -> 134.68931 | D7: ='Orçamento Resumo'!G8 -> 118.37748 | E7: 150,00 - 200,00 | F7: 150 | G7: 200
A8: IMPERMEABILIZAÇÃO | B8: =Gerenciamento_Exec!B8 -> 408520.1 | C8: =Gerenciamento_Exec!D8 -> 71.286621 | D8: ='Orçamento Resumo'!G9 -> 36.434286 | E8: 40,00 - 50,00 | F8: 40 | G8: 50
A9: REVESTIMENTOS INTERNOS | B9: =Gerenciamento_Exec!B9 -> 834458.28 | C9: =Gerenciamento_Exec!D9 -> 145.61269 | D9: ='Orçamento Resumo'!G10 -> 170.95738 | E9: 140,00 - 160,00 | F9: 140 | G9: 160
A10: ACABAMENTOS EM PISO E PAREDE | B10: =Gerenciamento_Exec!B10 -> 880653.74 | C10: =Gerenciamento_Exec!D10 -> 153.67378 | D10: ='Orçamento Resumo'!G12 -> 51.646807 | E10: 160,00 - 230,00 | F10: 160 | G10: 230
A11: REVESTIMENTOS E ACABAMENTOS EM TETO | B11: =Gerenciamento_Exec!B11 -> 362576.24 | C11: =Gerenciamento_Exec!D11 -> 63.269433 | D11: ='Orçamento Resumo'!G11 -> 42.244707 | E11: 40,00 - 60,00 | F11: 40 | G11: 60
A12: PINTURA INTERNA | B12: =Gerenciamento_Exec!B12 -> 664942.13 | C12: =Gerenciamento_Exec!D12 -> 116.03218 | D12: ='Orçamento Resumo'!G16 -> 13.141315 | E12: 90,00 - 110,00 | F12: 10 | G12: 20
A13: ESQUADRIAS, VIDROS E FERRAGENS | B13: =Gerenciamento_Exec!B13 -> 1369564 | C13: =Gerenciamento_Exec!D12 -> 116.03218 | D13: ='Orçamento Resumo'!G13 -> 106.94863 | E13: 220,00 - 300,00 | F13: 90 | G13: 110
A14: REVESTIMENTOS E ACABAMENTOS DE FACHADA | B14: =Gerenciamento_Exec!B14 -> 875829.36 | C14: =Gerenciamento_Exec!D13 -> 238.98846 | D14: ='Orçamento Resumo'!G14 -> 206.38972 | E14: 100,00 - 140,00 | F14: 220 | G14: 300
A15: SERVIÇOS COMPLEMENTARES | B15: =Gerenciamento_Exec!B15 -> 657584.51 | C15: =Gerenciamento_Exec!D14 -> 152.83193 | D15: ='Orçamento Resumo'!G15 -> 60.421284 | E15: 160,00 - 190,00 | F15: 100 | G15: 140
A16: TOTAL | B16: =SUM(B3:B15) -> 14492087 | C16: =SUM(C3:C15) -> 2530.1482 | D16: ='Orçamento Resumo'!G17+'Orçamento Resumo'!G18 -> 145.42997 | E16: 2.220,00 - 2.810,00 | F16: 160 | G16: 190
D17: =SUM(D3:D16) -> 2133.4988 | F17: =SUM(F3:F16) -> 2220 | G17: =SUM(G3:G16) -> 2810
B20: 2007.57
B21: 2461.35
B22: =B21/B20 -> 1.2260345
C25: 1.1023
D26: 1.1023
A27: 900,00 - 1100 | B27: 900
A28: 25,00 - 30,00 | B28: 25
A29: 15,00 - 22,00 | B29: 15
A30: 150,00 - 200,00 | B30: 150
A31: 440,00 - 510,00 | B31: 440
A32: -
A33: 55,00 - 70,00 | B33: 55
A34: 170,00 - 200,00 | B34: 170
A35: 165,00 - 230,00 | B35: 165
A36: 40,00 - 70,00 | B36: 40
A37: 55,00 - 77,00 | B37: 55
A38: 35,00 - 50,00 | B38: 35
A39: 130,00 - 175,00 | B39: 130
A40: 35,00 - 65,00 | B40: 35
A41: 35,00 - 55,00 | B41: 35
A42: 430,00 - 550,00 | B42: 430
A43: 35,00 - 50,00 | B43: 35
A44: 150,00 - 220,00 | B44: 150

Sheet Gerenciamento_Exec
A1: ETAPA | B1: VALOR ORÇADO | C1: % | D1: VALOR / m² | E1: VALOR / UNIDADE
A2: GERENCIAMENTO TÉCNICO E ADMINISTRATIVO | B2: 3491174.2 | C2: =B2/B$17 -> 0.19298283 | D2: =B2/Gerenciamento_Exec!H$10 -> 609.20874 | E2: =B2/H$8 -> 87279.356
A3: INFRAESTRUTURA E MOVIMENTAÇÃO DE TERRA | B3: 1075033.9 | C3: =B3/B$17 -> 0.059425018 | D3: =B3/Gerenciamento_Exec!H$10 -> 187.59306 | E3: =B3/H$8 -> 26875.848
A4: SUPRAESTRUTURA | B4: 3825559.1 | C4: =B4/B$17 -> 0.21146674 | D4: =B4/Gerenciamento_Exec!H$10 -> 667.55879 | E4: =B4/H$8 -> 95638.979
A5: ALVENARIA | B5: 832611.75 | C5: =B5/B$17 -> 0.046024564 | D5: =B5/Gerenciamento_Exec!H$10 -> 145.29047 | E5: =B5/H$8 -> 20815.294
A6: INSTALAÇÕES ELÉTRICAS, HIDRÁULICAS, GLP E PREVENTIVAS | B6: =1094759.38+666316.54+171817.65 -> 1932893.6 | C6: =B6/B$17 -> 0.10684522 | D6: =B6/Gerenciamento_Exec!H$10 -> 337.28928 | E6: =B6/H$8 -> 48322.339
A7: SISTEMAS E EQUIPAMENTOS ESPECIAIS | B7: =165900+85960+520000 -> 771860 | C7: =B7/B$17 -> 0.042666369 | D7: =B7/Gerenciamento_Exec!H$10 -> 134.68931 | E7: =B7/H$8 -> 19296.5
A8: IMPERMEABILIZAÇÃO | B8: 408520.1 | C8: =B8/B$17 -> 0.022581905 | D8: =B8/Gerenciamento_Exec!H$10 -> 71.286621 | E8: =B8/H$8 -> 10213.002 | H8: 40
A9: REVESTIMENTOS INTERNOS | B9: 834458.28 | C9: =B9/B$17 -> 0.046126635 | D9: =B9/Gerenciamento_Exec!H$10 -> 145.61269 | E9: =B9/H$8 -> 20861.457
A10: ACABAMENTOS EM PISO E PAREDE | B10: =521482.5+206095.36+153075.88 -> 880653.74 | C10: =B10/B$17 -> 0.048680198 | D10: =B10/Gerenciamento_Exec!H$10 -> 153.67378 | E10: =B10/H$8 -> 22016.343 | H10: 5730.67 | I10: REVESTIMENTOS INTERNOS EM PISO E PAREDE
A11: REVESTIMENTOS E ACABAMENTOS EM TETO | B11: 362576.24 | C11: =B11/B$17 -> 0.020042251 | D11: =B11/Gerenciamento_Exec!H$10 -> 63.269433 | E11: =B11/H$8 -> 9064.406 | I11: REVESTIMENTOS INTERNOS EM PISO E PAREDE
A12: PINTURA INTERNA | B12: 664942.13 | C12: =B12/B$17 -> 0.036756233 | D12: =B12/Gerenciamento_Exec!H$10 -> 116.03218 | E12: =B12/H$8 -> 16623.553 | I12: REVESTIMENTOS E ACABAMENTOS INTERNOS EM TETO
A13: ESQUADRIAS, VIDROS E FERRAGENS | B13: =1078725.1+290838.9 -> 1369564 | C13: =B13/B$17 -> 0.075705857 | D13: =B13/Gerenciamento_Exec!H$10 -> 238.98846 | E13: =B13/H$8 -> 34239.1 | I13: ACABAMENTOS EM PISO E PAREDE
A14: REVESTIMENTOS E ACABAMENTOS DE FACHADA | B14: 875829.36 | C14: =B14/B$17 -> 0.048413519 | D14: =B14/Gerenciamento_Exec!H$10 -> 152.83193 | E14: =B14/H$8 -> 21895.734 | I14: PINTURA INTERNA
A15: SERVIÇOS COMPLEMENTARES | B15: 657584.51 | C15: =B15/B$17 -> 0.036349524 | D15: =B15/Gerenciamento_Exec!H$10 -> 114.74828 | E15: =B15/H$8 -> 16439.613 | I15: PINTURA INTERNA
A16: IMPREVISTOS E CONTINGÊNCIAS | B16: 107334 | C16: =B16/B$17 -> 0.0059331382 | D16: =B16/Gerenciamento_Exec!H$10 -> 18.729747 | E16: =B16/H$8 -> 2683.35 | I16: ESQUADRIAS, VIDROS E FERRAGENS
A17: TOTAL | B17: =SUM(B2:B16) -> 18090595 | C17: =SUM(C2:C16) -> 1 | D17: =SUM(D2:D16) -> 3156.8028 | E17: =SUM(E2:E16) -> 452264.88 | I17: ESQUADRIAS, VIDROS E FERRAGENS
A18: CUB/SC | B18: 2632.38 | C18: 44835 | D18: =+D17/B18 -> 1.19922 | E18: CUBs | G18: =B17*0.015 -> 271358.93
G20: =17271993.87/H10 -> 3013.9572
F21: 16170305
F22: 171582.85
F23: =B17-F22 -> 17919012
G24: 16170305
G27: =G24/H10 -> 2821.7128
G29: =G27/B18 -> 1.0719246

Sheet Planilha1
C7: 1092.45
C8: 1092.45
C9: 1038.3
C10: 1092.45
C11: 760
C12: 1092.45
C13: 1092.45
C14: 1092.45
C15: 1092.45
C16: 623.88
B17: 578.83 | C17: 11576.6
C18: 570.51
C19: 558.67
C20: 146.46
C21: 146.46
B22: =SUM(C7:C16)+B17+SUM(C18:C21) -> 12070.26 | F22: 23068.03 | H22: =F22/B22 -> 1.9111461

Sheet Orçamento Resumo
A1: Etapa | B1: Valor Orçado | C1: % | D1: Valor / m² | E1: Valor / unidade | F1: 44652 | G1: 44835
A2: GERENCIAMENTO TÉCNICO E ADMINISTRATIVO | B2: =I3*320 -> 1833814.4 | C2: =+B2/$B$19 -> 0.13823599 | D2: 320 | E2: =B2/$J$3 -> 45845.36 | F2: 2461.35 | G2: 2632.38 | H2: =G2/F2 -> 1.0694863
A3: MOVIMENTAÇÃO DE TERRA | B3: ='[1]Movimentação de Terra'!$J$43 -> 38075.863 | C3: =+B3/$B$19 -> 0.0028702221 | D3: =+B3/$I$3 -> 6.6442253 | E3: =B3/$J$3 -> 951.89657 | G3: =D3*$H$2 -> 7.1059077 | I3: 5730.67 | J3: 40
A4: INFRAESTRUTURA | B4: =[1]Infraestrutura!$J$38 -> 1072189 | C4: =+B4/$B$19 -> 0.080823397 | D4: =+B4/$I$3 -> 187.09662 | E4: =B4/$J$3 -> 26804.725 | G4: =D4*$H$2 -> 200.09727
A5: SUPRAESTRUTURA | B5: =[1]Supraestrutura!$J$25 -> 2994700.1 | C5: =+B5/$B$19 -> 0.22574549 | D5: =+B5/$I$3 -> 522.57417 | E5: =B5/$J$3 -> 74867.502 | G5: =D5*$H$2 -> 558.88589
A6: ALVENARIA | B6: =[1]Alvenaria!$J$27 -> 650017.23 | C6: =+B6/$B$19 -> 0.048999384 | D6: =+B6/$I$3 -> 113.42779 | E6: =B6/$J$3 -> 16250.431 | G6: =D6*$H$2 -> 121.30946
A7: INSTALAÇÕES ELÉTRICAS, HIDROSSANITÁRIAS, PREVENTIVAS E GLP | B7: =[1]Instalações!$J$46 -> 1575934.2 | C7: =+B7/$B$19 -> 0.11879656 | D7: =+B7/$I$3 -> 275 | E7: =B7/$J$3 -> 39398.356 | G7: =D7*$H$2 -> 294.10872
A8: SISTEMAS ESPECIAIS E EQUIPAMENTOS | B8: ='[1]Sistemas especiais'!$J$42 -> 634306.7 | C8: =+B8/$B$19 -> 0.047815098 | D8: =+B8/$I$3 -> 110.68631 | E8: =B8/$J$3 -> 15857.667 | G8: =D8*$H$2 -> 118.37748
A9: IMPERMEABILIZAÇÃO | B9: =[1]Impermeabilização!$J$26 -> 195227.26 | C9: =+B9/$B$19 -> 0.014716557 | D9: =+B9/$I$3 -> 34.067092 | E9: =B9/$J$3 -> 4880.6815 | G9: =D9*$H$2 -> 36.434286
A10: REVESTIMENTOS INTERNOS EM PISO E PAREDE | B10: ='[1]Rev. Internos Piso e Parede'!$J$24 -> 916047.6 | C10: =+B10/$B$19 -> 0.069053198 | D10: =+B10/$I$3 -> 159.85 | E10: =B10/$J$3 -> 22901.19 | G10: =D10*$H$2 -> 170.95738
A11: REVESTIMENTOS E ACABAMENTOS INTERNOS EM TETO | B11: ='[1]Acabamentos de Teto'!$J$21 -> 226361.46 | C11: =+B11/$B$19 -> 0.017063505 | D11: =+B11/$I$3 -> 39.5 | E11: =B11/$J$3 -> 5659.0366 | G11: =D11*$H$2 -> 42.244707
A12: ACABAMENTOS EM PISO E PAREDE | B12: ='[1]Acabamentos de Piso e Parede'!$J$22 -> 276741.11 | C12: =+B12/$B$19 -> 0.020861207 | D12: =+B12/$I$3 -> 48.29123 | E12: =B12/$J$3 -> 6918.5276 | G12: =D12*$H$2 -> 51.646807
A13: PINTURA INTERNA | B13: ='[1]Pintura Interna'!$J$19 -> 573067 | C13: =+B13/$B$19 -> 0.043198747 | D13: =+B13/$I$3 -> 100 | E13: =B13/$J$3 -> 14326.675 | G13: =D13*$H$2 -> 106.94863
A14: ESQUADRIAS | B14: =[1]Esquadrias!$J$25 -> 1105906.1 | C14: =+B14/$B$19 -> 0.083365047 | D14: =+B14/$I$3 -> 192.98024 | E14: =B14/$J$3 -> 27647.652 | G14: =D14*$H$2 -> 206.38972
A15: REVESTIMENTOS E ACABAMENTOS DE FACHADA | B15: ='[1]Rev. Fachada'!$J$34 -> 323757.72 | C15: =+B15/$B$19 -> 0.024405398 | D15: =+B15/$I$3 -> 56.495615 | E15: =B15/$J$3 -> 8093.9431 | G15: =D15*$H$2 -> 60.421284
A16: COBERTURA | B16: =[1]Cobertura!$J$21 -> 70415.62 | C16: =+B16/$B$19 -> 0.005308047 | D16: =+B16/$I$3 -> 12.287502 | E16: =B16/$J$3 -> 1760.3905 | G16: =D16*$H$2 -> 13.141315
A17: SERVIÇOS COMPLEMENTARES | B17: =[1]Complementares!$J$22 -> 584928.75 | C17: =+B17/$B$19 -> 0.044092906 | D17: =+B17/$I$3 -> 102.06987 | E17: =B17/$J$3 -> 14623.219 | G17: =D17*$H$2 -> 109.16232
A18: IMPREVISTOS E CONTINGÊNCIAS | B18: 194334.32 | C18: =ROUNDUP((B18/$B$19),3) -> 0.015 | D18: =+B18/$I$3 -> 33.911274 | E18: =B18/$J$3 -> 4858.358 | G18: =D18*$H$2 -> 36.267642
A19: TOTAL | B19: =SUM(B2:B18) -> 13265824 | C19: 1 | D19: =SUM(D2:D18) -> 2314.8819 | E19: =SUM(E2:E18) -> 331645.61 | G19: =B19*H2 -> 14187617 | H19: =G19/I3 -> 2475.7344
A20: CUB/SC | B20: 2461.35 | C20: 44652 | D20: =+D19/B20 -> 0.94049279 | E20: CUB
