Workbook
Name \0: #REF!
Name \1: #REF!
Name \a: #REF!
Name \b: #REF!
Name \c: #REF!
Name \d: #REF!
Name \e: #REF!
Name \i: #REF!
Name \J: #REF!
Name \k: #REF!
Name \l: #N/A
Name \m: #REF!
Name \o: #REF!
Name \p: #REF!
Name \r: #REF!
Name \T: #REF!
Name \z: #REF!
Name ______ACR10: #REF!
Name ______ACR15: #REF!
Name ______acr20: #REF!
Name ______acr5: #REF!
Name ______ARQ1: #REF!
Name ______QT100: #REF!
Name ______QT2: #REF!
Name ______QT3: #REF!
Name ______QT4: #REF!
Name ______QT50: #REF!
Name ______QT75: #REF!
Name _____ACR10: #REF!
Name _____ACR15: #REF!
Name _____acr20: #REF!
Name _____acr5: #REF!
Name _____ARQ1: #REF!
Name _____QT100: #REF!
Name _____QT2: #REF!
Name _____QT3: #REF!
Name _____QT4: #REF!
Name _____QT50: #REF!
Name _____QT75: #REF!
Name ___ACR10: #REF!
Name ___ACR15: #REF!
Name ___acr20: #REF!
Name ___acr5: #REF!
Name ___ARQ1: #REF!
Name ___QT100: #REF!
Name ___QT2: #REF!
Name ___QT3: #REF!
Name ___QT4: #REF!
Name ___QT50: #REF!
Name ___QT75: #REF!
Name __ACR10: #REF!
Name __ACR15: #REF!
Name __acr20: #REF!
Name __acr5: #REF!
Name __ARQ1: #REF!
Name __Axe3: #REF!
Name __Axe4: #REF!
Name __htm2: #REF!
Name __htn2: #REF!
Name __iss2: #REF!

Sheet ORÇAMENTO_EXECUTIVO
A1: ETAPA | B1: VALOR ORÇADO | C1: % | D1: VALOR / m²
A2: GERENCIAMENTO TÉCNICO E ADMINISTRATIVO | B2: ='[2]Obra '!C32 -> 3480224.3 | C2: =B2/$B$22 -> 0.12259338 | D2: =B2/$G$2 -> 503.85676 | F2: ÁREA CONSTRUÍDA | G2: 6907.17 | H2: m²
A3: MOVIMENTAÇÃO DE TERRA | B3: ='[2]Obra '!C33 -> 360886.15 | C3: =B3/$B$22 -> 0.012712472 | D3: =B3/$G$2 -> 52.248048
A4: CONTENÇÕES | B4: ='[2]Obra '!C34 -> 896526.3 | C4: =B4/$B$22 -> 0.031580777 | D4: =B4/$G$2 -> 129.79647
A5: INFRAESTRUTURA | B5: ='[2]Obra '!C35 -> 2836945.7 | C5: =B5/$B$22 -> 0.099933432 | D5: =B5/$G$2 -> 410.72475
A6: SUPRAESTRUTURA | B6: ='[2]Obra '!C36 -> 4630661.7 | C6: =B6/$B$22 -> 0.16311836 | D6: =B6/$G$2 -> 670.41374
A7: ALVENARIA | B7: ='[2]Obra '!C37 -> 1010165.5 | C7: =B7/$B$22 -> 0.035583799 | D7: =B7/$G$2 -> 146.24882
A8: IMPERMEABILIZAÇÃO | B8: ='[2]Obra '!C38 -> 628956.4 | C8: =B8/$B$22 -> 0.022155437 | D8: =B8/$G$2 -> 91.058479
A9: INSTALAÇÕES ELÉTRICAS, HIDRÁULICAS, GLP E PREVENTIVAS | B9: ='[2]Obra '!C39 -> 2239417.1 | C9: =B9/$B$22 -> 0.078885062 | D9: =B9/$G$2 -> 324.2163
A10: EQUIPAMENTOS E SISTEMAS ESPECIAIS | B10: ='[2]Obra '!C40 -> 1445508.4 | C10: =B10/$B$22 -> 0.050919065 | D10: =B10/$G$2 -> 209.27651
A11: CLIMATIZAÇÃO, EXAUSTÃO MECÂNICA E PRESSURIZAÇÃO | B11: ='[2]Obra '!C41 -> 763896.89 | C11: =B11/$B$22 -> 0.026908812 | D11: =B11/$G$2 -> 110.59477
A12: ACABAMENTOS INTERNOS EM PAREDE | B12: ='[2]Obra '!C42 -> 1312739.6 | C12: =B12/$B$22 -> 0.046242187 | D12: =B12/$G$2 -> 190.05462
A13: ACABAMENTOS INTERNOS EM TETO | B13: ='[2]Obra '!C43 -> 614021.42 | C13: =B13/$B$22 -> 0.021629342 | D13: =B13/$G$2 -> 88.896237
A14: PISOS E PAVIMENTAÇÕES | B14: ='[2]Obra '!C44 -> 1522297.1 | C14: =B14/$B$22 -> 0.053623998 | D14: =B14/$G$2 -> 220.39374
... A21: IMPREVISTOS | B21: ='[2]Obra '!C51 -> 283186.85 | C21: =B21/$B$22 -> 0.0099754584 | D21: =B21/$G$2 -> 40.998969
A22: TOTAL | B22: =SUM(B2:B21) -> 28388354 | C22: =SUM(C2:C21) -> 1 | D22: =SUM(D2:D21) -> 4109.9834
A23: CUB/SC | B23: 2907.85 | C23: 45717 | D23: =ROUNDUP(+D22/B23,2)&" CUB" -> 1,42 CUB | F23: =SUM(B2:B20) -> 28105167
B24: 7385.89
A26: Rótulos de Linha | B26: Soma de %
A27: SUPRAESTRUTURA | B27: 0.21475058
A28: INSTALAÇÕES ELÉTRICAS, HIDRÁULICAS, GLP E PREVENTIVAS | B28: 0.11481471
A29: GERENCIAMENTO TÉCNICO E ADMINISTRATIVO | B29: 0.097889815
A30: REVESTIMENTOS EXTERNOS DE PAREDE | B30: 0.07481456
A31: ESQUADRIAS, VIDROS E FERRAGENS | B31: 0.074322949
A32: PISOS E PAVIMENTAÇÕES | B32: 0.073737863
A33: INFRAESTRUTURA E CONTENÇÃO | B33: 0.061831504
A34: REVESTIMENTOS INTERNOS DE PAREDE | B34: 0.057700986
A35: EQUIPAMENTOS E SISTEMAS ESPECIAIS | B35: 0.053983261
A36: SERVIÇOS COMPLEMENTARES E FINAIS | B36: 0.051614942
A37: ALVENARIA | B37: 0.038924635
A38: SISTEMAS DE PINTURA | B38: 0.031038793
... A43: Total Geral | B43: 1

Sheet ANÁLISE_CUSTOS
A1: ETAPA | B1: BRISA DA ARMAÇÃO | D1: OBRAS DE REFERÊNCIA | E1: JUSTIFICATIVA
B2: VALOR | C2: VALOR / m² | D2: VALOR / m²
A3: GERENCIAMENTO TÉCNICO E ADMINISTRATIVO | B3: =ORÇAMENTO_EXECUTIVO!B2 -> 3480224.3 | C3: =B3/ORÇAMENTO_EXECUTIVO!$G$2 -> 503.85676 | D3: =FIXED(CÁLCULO_MÉDIAS!P8,2,FALSE)&" "&"-"&FIXED(CÁLCULO_MÉDIAS!Q8,2,FALSE) -> 440,00 -560,00 | E3: Locação de grandes equipamentos, confirmar existência | F3: OK
A4: MOVIMENTAÇÃO DE TERRA | B4: =ORÇAMENTO_EXECUTIVO!B3 -> 360886.15 | C4: =B4/ORÇAMENTO_EXECUTIVO!$G$2 -> 52.248048 | D4: =FIXED(CÁLCULO_MÉDIAS!P9,2,FALSE)&" "&"-"&FIXED(CÁLCULO_MÉDIAS!Q9,2,FALSE) -> 16,00 -55,00 | E4: Escavação e bota-fora de subsolo / Possui rebaixamento de lençol | F4: OK
A5: INFRAESTRUTURA E CONTENÇÕES | B5: =ORÇAMENTO_EXECUTIVO!B5+ORÇAMENTO_EXECUTIVO!B4 -> 3733472 | C5: =B5/ORÇAMENTO_EXECUTIVO!$G$2 -> 540.52122 | D5: =FIXED(CÁLCULO_MÉDIAS!P10,2,FALSE)&" "&"-"&FIXED(CÁLCULO_MÉDIAS!Q10,2,FALSE) -> 320,00 -480,00 | E5: Contenção em todo o perímetro do subsolo, obras de referência somente em alguns trechos | F5: MAIOR
A6: SUPRAESTRUTURA | B6: =ORÇAMENTO_EXECUTIVO!B6 -> 4630661.7 | C6: =B6/ORÇAMENTO_EXECUTIVO!$G$2 -> 670.41374 | D6: =FIXED(CÁLCULO_MÉDIAS!P11,2,FALSE)&" "&"-"&FIXED(CÁLCULO_MÉDIAS!Q11,2,FALSE) -> 580,00 -730,00 | F6: OK
A7: ALVENARIA | B7: =ORÇAMENTO_EXECUTIVO!B7 -> 1010165.5 | C7: =B7/ORÇAMENTO_EXECUTIVO!$G$2 -> 146.24882 | D7: =FIXED(CÁLCULO_MÉDIAS!P12,2,FALSE)&" "&"-"&FIXED(CÁLCULO_MÉDIAS!Q12,2,FALSE) -> 115,00 -160,00 | F7: OK
A8: INSTALAÇÕES ELÉTRICAS, HIDRÁULICAS, GLP E PREVENTIVAS | B8: =ORÇAMENTO_EXECUTIVO!B9+ORÇAMENTO_EXECUTIVO!B17 -> 2483085.2 | C8: =B8/ORÇAMENTO_EXECUTIVO!$G$2 -> 359.49386 | D8: =FIXED(CÁLCULO_MÉDIAS!P13,2,FALSE)&" "&"-"&FIXED(CÁLCULO_MÉDIAS!Q13,2,FALSE) -> 240,00 -380,00 | F8: OK | AA8: DIFERENÇAS EM QUNATITATIVOS:
A9: EQUIPAMENTOS E SISTEMAS ESPECIAIS | B9: =ORÇAMENTO_EXECUTIVO!B10+ORÇAMENTO_EXECUTIVO!B11 -> 2209405.3 | C9: =B9/ORÇAMENTO_EXECUTIVO!$G$2 -> 319.87128 | D9: =FIXED(CÁLCULO_MÉDIAS!P14,2,FALSE)&" "&"-"&FIXED(CÁLCULO_MÉDIAS!Q14,2,FALSE) -> 180,00 -260,00 | E9: 5 elevadores | F9: MAIOR | AA9: PISOS - AREAS TECNICAS E LAJES APENAS COM CONTRAPISO, SEM REVESTIMENTO
A10: IMPERMEABILIZAÇÃO | B10: =ORÇAMENTO_EXECUTIVO!B8 -> 628956.4 | C10: =B10/ORÇAMENTO_EXECUTIVO!$G$2 -> 91.058479 | D10: =FIXED(CÁLCULO_MÉDIAS!P15,2,FALSE)&" "&"-"&FIXED(CÁLCULO_MÉDIAS!Q15,2,FALSE) -> 45,00 -80,00 | E10: Grande quantidade de área a ser impermeabilizada (bastante área de piscinas, terraços) | F10: MAIOR
A11: REVESTIMENTOS INTERNOS EM PISO E PAREDE | B11: 1264740.9 | C11: =B11/ORÇAMENTO_EXECUTIVO!$G$2 -> 183.10552 | D11: =FIXED(CÁLCULO_MÉDIAS!P16,2,FALSE)&" "&"-"&FIXED(CÁLCULO_MÉDIAS!Q16,2,FALSE) -> 150,00 -190,00 | F11: OK
A12: REVESTIMENTOS E ACABAMENTOS INTERNOS EM TETO | B12: =ORÇAMENTO_EXECUTIVO!B13 -> 614021.42 | C12: =B12/ORÇAMENTO_EXECUTIVO!$G$2 -> 88.896237 | D12: =FIXED(CÁLCULO_MÉDIAS!P17,2,FALSE)&" "&"-"&FIXED(CÁLCULO_MÉDIAS!Q17,2,FALSE) -> 75,00 -100,00 | F12: OK | AA12: DIFERENÇAS EM QUNATITATIVOS:
A13: ACABAMENTOS EM PISO E PAREDE | B13: 1543744.7 | C13: =B13/ORÇAMENTO_EXECUTIVO!$G$2 -> 223.49887 | D13: =FIXED(CÁLCULO_MÉDIAS!P18,2,FALSE)&" "&"-"&FIXED(CÁLCULO_MÉDIAS!Q18,2,FALSE) -> 140,00 -225,00 | F13: OK | AA13: PISOS - AREAS TECNICAS E LAJES APENAS COM CONTRAPISO, SEM REVESTIMENTO
A14: PINTURA INTERNA | B14: =ORÇAMENTO_EXECUTIVO!B15 -> 870504.57 | C14: =B14/ORÇAMENTO_EXECUTIVO!$G$2 -> 126.02912 | D14: =FIXED(CÁLCULO_MÉDIAS!P19,2,FALSE)&" "&"-"&FIXED(CÁLCULO_MÉDIAS!Q19,2,FALSE) -> 90,00 -160,00 | F14: OK
A15: ESQUADRIAS, VIDROS E FERRAGENS | B15: =ORÇAMENTO_EXECUTIVO!B16 -> 2592852.8 | C15: =B15/ORÇAMENTO_EXECUTIVO!$G$2 -> 375.38569 | D15: =FIXED(CÁLCULO_MÉDIAS!P20,2,FALSE)&" "&"-"&FIXED(CÁLCULO_MÉDIAS!Q20,2,FALSE) -> 280,00 -375,00 | E15: Consideradas esquadrias de alto padrão, 32 à 50mm | F15: MAIOR
A16: COBERTURA | B16: =ORÇAMENTO_EXECUTIVO!B18 -> 136876.2 | C16: =B16/ORÇAMENTO_EXECUTIVO!$G$2 -> 19.816538 | D16: =FIXED(CÁLCULO_MÉDIAS!P21,2,FALSE)&" "&"-"&FIXED(CÁLCULO_MÉDIAS!Q21,2,FALSE) -> 5,00 -15,00 | E16: Pergolados em vidro | F16: MAIOR
A17: REVESTIMENTOS E ACABAMENTOS DE FACHADA | B17: =ORÇAMENTO_EXECUTIVO!B19 -> 731054.25 | C17: =B17/ORÇAMENTO_EXECUTIVO!$G$2 -> 105.83991 | D17: =FIXED(CÁLCULO_MÉDIAS!P22,2,FALSE)&" "&"-"&FIXED(CÁLCULO_MÉDIAS!Q22,2,FALSE) -> 90,00 -140,00 | E17: Basicamente pintura, com equilíbrio entre brises de madeira ecológica e acabamentos cerâmicos; Subsolo não tem fachada | F17: OK
A18: SERVIÇOS COMPLEMENTARES | B18: =ORÇAMENTO_EXECUTIVO!B20 -> 1787965 | C18: =B18/ORÇAMENTO_EXECUTIVO!$G$2 -> 258.85638 | D18: =FIXED(CÁLCULO_MÉDIAS!P23,2,FALSE)&" "&"-"&FIXED(CÁLCULO_MÉDIAS!Q23,2,FALSE) -> 100,00 -260,00 | E18: Mobiliários | F18: MAIOR
A19: TOTAL | B19: =SUM(B3:B18) -> 28078616 | C19: =SUM(C3:C18) -> 4065.1405 | D19: =FIXED(CÁLCULO_MÉDIAS!P24,2,FALSE)&" "&"-"&FIXED(CÁLCULO_MÉDIAS!Q24,2,FALSE) -> 2.866,00 -4.170,00
A22: CONCRETO
A23: AÇO
A24: FORMA
AE502: =25/3 -> 8.3333333

Sheet CÁLCULO_MÉDIAS
C2: área | D2: 5439 | E2: área | F2: 6348.51 | G2: área | I2: área | K2: área | M2: área | U2: área | W2: área | Y2: área | AA2: área | AC2: área
C3: DATA BASE | D3: 44942 | E3: DATA BASE | F3: 45170 | G3: DATA BASE | H3: 45627 | I3: DATA BASE | J3: 45139 | K3: DATA BASE | L3: 45108 | M3: DATA BASE | N3: 45017 | U3: DATA BASE | V3: 44866 | W3: DATA BASE | X3: 44256 | Y3: DATA BASE | Z3: 44958 | AA3: DATA BASE | AB3: 45047 | AC3: DATA BASE | AD3: 45261 | AE3: DATA BASE | AF3: 44774
C4: CUB | D4: 2912 | E4: CUB | F4: 2841.51 | G4: CUB | H4: 2868.56 | I4: CUB | J4: 2750.52 | K4: CUB | L4: 2747.9 | M4: CUB | N4: 2680.84 | O4: =170/J2 -> #DIV/0! | U4: CUB | V4: 2633.22 | W4: CUB | X4: 2140.56 | Y4: CUB | Z4: 2662.47 | AA4: CUB | AB4: 2688.94 | AC4: CUB | AD4: 2752.67 | AE4: CUB | AF4: 2572.55
C6: NOUVE | E6: FOR SEASONS | G6: SÃO VICENTE | I6: MARINE | K6: MAIORI | M6: LAGO DI GARDA | P6: MÉDIAS | U6: DOM BOSCO | W6: SAN MARINO | Y6: DOM | AA6: PAESSAGGIO | AC6: THOZEN | AE6: HABITAH
C7: VALOR / M2 | D7: INDEXADO | E7: VALOR / M2 | F7: INDEXADO | G7: VALOR / M2 | H7: INDEXADO | I7: VALOR / M2 | J7: INDEXADO | M7: VALOR / M2 | N7: INDEXADO | P7: MÍNIMA | Q7: MÁXIMA | U7: VALOR / M2 | V7: INDEXADO | W7: VALOR / M2 | X7: INDEXADO | Y7: VALOR / M2 | Z7: INDEXADO | AA7: VALOR / M2 | AB7: INDEXADO | AC7: VALOR / M2 | AD7: INDEXADO | AE7: VALOR / M2 | AF7: INDEXADO
B8: GERENCIAMENTO TÉCNICO E ADMINISTRATIVO | C8: 487.93 | D8: =(ORÇAMENTO_EXECUTIVO!$B$23/CÁLCULO_MÉDIAS!D$4)*C8 -> 487.23463 | E8: 423.47 | F8: =(ORÇAMENTO_EXECUTIVO!$B$23/CÁLCULO_MÉDIAS!F$4)*E8 -> 433.35664 | G8: 552.82 | H8: =(ORÇAMENTO_EXECUTIVO!$B$23/CÁLCULO_MÉDIAS!H$4)*G8 -> 560.39185 | I8: 521.71 | J8: =(ORÇAMENTO_EXECUTIVO!$B$23/CÁLCULO_MÉDIAS!J$4)*I8 -> 551.55186 | K8: 419.37 | L8: =(ORÇAMENTO_EXECUTIVO!$B$23/CÁLCULO_MÉDIAS!L$4)*K8 -> 443.78073 | M8: 442.7755 | N8: =([3]ORÇAMENTO_EXECUTIVO!$B$19/[3]CÁLCULO_MÉDIAS!N$4)*M8 -> 455.02068 | P8: 440 | Q8: 560 | R8: =ANÁLISE_CUSTOS!C3 -> 503.85676 | U8: 330.18696 | V8: =(ORÇAMENTO_EXECUTIVO!#REF!/CÁLCULO_MÉDIAS!V$4)*U8 -> #REF! | W8: =53.76+152.58 -> 206.34 | X8: =(ORÇAMENTO_EXECUTIVO!#REF!/CÁLCULO_MÉDIAS!X$4)*W8 -> #REF! | Y8: 425.96974 | Z8: =(ORÇAMENTO_EXECUTIVO!#REF!/CÁLCULO_MÉDIAS!Z$4)*Y8 -> #REF! | AA8: =306.853550565509+12.39 -> 319.24355 | AB8: =(ORÇAMENTO_EXECUTIVO!#REF!/CÁLCULO_MÉDIAS!AB$4)*AA8 -> #REF! | AC8: 393.04915 | AD8: =(ORÇAMENTO_EXECUTIVO!#REF!/CÁLCULO_MÉDIAS!AD$4)*AC8 -> #REF! | AE8: 307.80119 | AF8: =(ORÇAMENTO_EXECUTIVO!#REF!/CÁLCULO_MÉDIAS!AF$4)*AE8 -> #REF!
B9: MOVIMENTAÇÃO DE TERRA | C9: 12.08 | D9: =(ORÇAMENTO_EXECUTIVO!$B$23/CÁLCULO_MÉDIAS!D$4)*C9 -> 12.062784 | E9: 22.65 | F9: =(ORÇAMENTO_EXECUTIVO!$B$23/CÁLCULO_MÉDIAS!F$4)*E9 -> 23.178804 | G9: 41.97 | H9: =(ORÇAMENTO_EXECUTIVO!$B$23/CÁLCULO_MÉDIAS!H$4)*G9 -> 42.544853 | I9: 16.84 | J9: =(ORÇAMENTO_EXECUTIVO!$B$23/CÁLCULO_MÉDIAS!J$4)*I9 -> 17.80325 | K9: 7.37 | L9: =(ORÇAMENTO_EXECUTIVO!$B$23/CÁLCULO_MÉDIAS!L$4)*K9 -> 7.7989936 | M9: 8.7629938 | N9: =([3]ORÇAMENTO_EXECUTIVO!$B$19/[3]CÁLCULO_MÉDIAS!N$4)*M9 -> 9.0053389 | P9: 16 | Q9: 55 | R9: =ANÁLISE_CUSTOS!C4 -> 52.248048 | U9: 0 | V9: =(ORÇAMENTO_EXECUTIVO!#REF!/CÁLCULO_MÉDIAS!V$4)*U9 -> #REF! | W9: 0 | X9: =(ORÇAMENTO_EXECUTIVO!#REF!/CÁLCULO_MÉDIAS!X$4)*W9 -> #REF! | Y9: 19.58779 | Z9: =(ORÇAMENTO_EXECUTIVO!#REF!/CÁLCULO_MÉDIAS!Z$4)*Y9 -> #REF! | AA9: 26.515285 | AB9: =(ORÇAMENTO_EXECUTIVO!#REF!/CÁLCULO_MÉDIAS!AB$4)*AA9 -> #REF! | AC9: 17.922886 | AD9: =(ORÇAMENTO_EXECUTIVO!#REF!/CÁLCULO_MÉDIAS!AD$4)*AC9 -> #REF! | AE9: 0 | AF9: =(ORÇAMENTO_EXECUTIVO!#REF!/CÁLCULO_MÉDIAS!AF$4)*AE9 -> #REF!
B10: INFRAESTRUTURA E CONTENÇÕES | C10: 157.75 | D10: =(ORÇAMENTO_EXECUTIVO!$B$23/CÁLCULO_MÉDIAS!D$4)*C10 -> 157.52518 | E10: 208.83 | F10: =(ORÇAMENTO_EXECUTIVO!$B$23/CÁLCULO_MÉDIAS!F$4)*E10 -> 213.7055 | G10: 258.59 | H10: =(ORÇAMENTO_EXECUTIVO!$B$23/CÁLCULO_MÉDIAS!H$4)*G10 -> 262.13185 | I10: 343.98 | J10: =(ORÇAMENTO_EXECUTIVO!$B$23/CÁLCULO_MÉDIAS!J$4)*I10 -> 363.65569 | K10: 183.12 | L10: =(ORÇAMENTO_EXECUTIVO!$B$23/CÁLCULO_MÉDIAS!L$4)*K10 -> 193.77906 | M10: 208.18334 | N10: =([3]ORÇAMENTO_EXECUTIVO!$B$19/[3]CÁLCULO_MÉDIAS!N$4)*M10 -> 213.94075 | P10: 320 | Q10: 480 | R10: =ANÁLISE_CUSTOS!C5 -> 540.52122 | U10: 138.77425 | V10: =(ORÇAMENTO_EXECUTIVO!#REF!/CÁLCULO_MÉDIAS!V$4)*U10 -> #REF! | W10: 203.75 | X10: =(ORÇAMENTO_EXECUTIVO!#REF!/CÁLCULO_MÉDIAS!X$4)*W10 -> #REF! | Y10: 195.5904 | Z10: =(ORÇAMENTO_EXECUTIVO!#REF!/CÁLCULO_MÉDIAS!Z$4)*Y10 -> #REF! | AA10: =268.371509227372+41.56 -> 309.93151 | AB10: =(ORÇAMENTO_EXECUTIVO!#REF!/CÁLCULO_MÉDIAS!AB$4)*AA10 -> #REF! | AC10: 227.46251 | AD10: =(ORÇAMENTO_EXECUTIVO!#REF!/CÁLCULO_MÉDIAS!AD$4)*AC10 -> #REF! | AE10: 145.26 | AF10: =(ORÇAMENTO_EXECUTIVO!#REF!/CÁLCULO_MÉDIAS!AF$4)*AE10 -> #REF!
B11: SUPRAESTRUTURA | C11: 578.45 | D11: =(ORÇAMENTO_EXECUTIVO!$B$23/CÁLCULO_MÉDIAS!D$4)*C11 -> 577.62563 | E11: 753.01 | F11: =(ORÇAMENTO_EXECUTIVO!$B$23/CÁLCULO_MÉDIAS!F$4)*E11 -> 770.59033 | G11: 625.12 | H11: =(ORÇAMENTO_EXECUTIVO!$B$23/CÁLCULO_MÉDIAS!H$4)*G11 -> 633.68212 | I11: 475.74 | J11: =(ORÇAMENTO_EXECUTIVO!$B$23/CÁLCULO_MÉDIAS!J$4)*I11 -> 502.95237 | K11: 683.36 | L11: =(ORÇAMENTO_EXECUTIVO!$B$23/CÁLCULO_MÉDIAS!L$4)*K11 -> 723.13708 | M11: 711.62606 | N11: =([3]ORÇAMENTO_EXECUTIVO!$B$19/[3]CÁLCULO_MÉDIAS!N$4)*M11 -> 731.30644 | P11: 580 | Q11: 730 | R11: =ANÁLISE_CUSTOS!C6 -> 670.41374 | U11: 138.77425 | V11: =(ORÇAMENTO_EXECUTIVO!#REF!/CÁLCULO_MÉDIAS!V$4)*U11 -> #REF! | W11: 203.75 | X11: =(ORÇAMENTO_EXECUTIVO!#REF!/CÁLCULO_MÉDIAS!X$4)*W11 -> #REF! | Y11: 195.5904 | Z11: =(ORÇAMENTO_EXECUTIVO!#REF!/CÁLCULO_MÉDIAS!Z$4)*Y11 -> #REF! | AA11: =268.371509227372+41.56 -> 309.93151 | AB11: =(ORÇAMENTO_EXECUTIVO!#REF!/CÁLCULO_MÉDIAS!AB$4)*AA11 -> #REF! | AC11: 227.46251 | AD11: =(ORÇAMENTO_EXECUTIVO!#REF!/CÁLCULO_MÉDIAS!AD$4)*AC11 -> #REF! | AE11: 145.26 | AF11: =(ORÇAMENTO_EXECUTIVO!#REF!/CÁLCULO_MÉDIAS!AF$4)*AE11 -> #REF!
B12: ALVENARIA | C12: 112.59 | D12: =(ORÇAMENTO_EXECUTIVO!$B$23/CÁLCULO_MÉDIAS!D$4)*C12 -> 112.42954 | E12: 134.08 | F12: =(ORÇAMENTO_EXECUTIVO!$B$23/CÁLCULO_MÉDIAS!F$4)*E12 -> 137.21033 | G12: 123.09 | H12: =(ORÇAMENTO_EXECUTIVO!$B$23/CÁLCULO_MÉDIAS!H$4)*G12 -> 124.77594 | I12: 115.25 | J12: =(ORÇAMENTO_EXECUTIVO!$B$23/CÁLCULO_MÉDIAS!J$4)*I12 -> 121.84231 | K12: 122.17 | L12: =(ORÇAMENTO_EXECUTIVO!$B$23/CÁLCULO_MÉDIAS!L$4)*K12 -> 129.28128 | M12: 157.3138 | N12: =([3]ORÇAMENTO_EXECUTIVO!$B$19/[3]CÁLCULO_MÉDIAS!N$4)*M12 -> 161.66439 | P12: 115 | Q12: 160 | R12: =ANÁLISE_CUSTOS!C7 -> 146.24882 | U12: 440.21003 | V12: =(ORÇAMENTO_EXECUTIVO!#REF!/CÁLCULO_MÉDIAS!V$4)*U12 -> #REF! | W12: 516.11 | X12: =(ORÇAMENTO_EXECUTIVO!#REF!/CÁLCULO_MÉDIAS!X$4)*W12 -> #REF! | Y12: 730.88829 | Z12: =(ORÇAMENTO_EXECUTIVO!#REF!/CÁLCULO_MÉDIAS!Z$4)*Y12 -> #REF! | AA12: =424.075395917568+352.64 -> 776.7154 | AB12: =(ORÇAMENTO_EXECUTIVO!#REF!/CÁLCULO_MÉDIAS!AB$4)*AA12 -> #REF! | AC12: 753.33241 | AD12: =(ORÇAMENTO_EXECUTIVO!#REF!/CÁLCULO_MÉDIAS!AD$4)*AC12 -> #REF! | AE12: 684.09 | AF12: =(ORÇAMENTO_EXECUTIVO!#REF!/CÁLCULO_MÉDIAS!AF$4)*AE12 -> #REF!
B13: INSTALAÇÕES ELÉTRICAS, HIDRÁULICAS, GLP E PREVENTIVAS | C13: 240.74 | D13: =(ORÇAMENTO_EXECUTIVO!$B$23/CÁLCULO_MÉDIAS!D$4)*C13 -> 240.39691 | E13: 379.84 | F13: =(ORÇAMENTO_EXECUTIVO!$B$23/CÁLCULO_MÉDIAS!F$4)*E13 -> 388.70803 | G13: 370.77 | H13: =(ORÇAMENTO_EXECUTIVO!$B$23/CÁLCULO_MÉDIAS!H$4)*G13 -> 375.84835 | I13: 302.35 | J13: =(ORÇAMENTO_EXECUTIVO!$B$23/CÁLCULO_MÉDIAS!J$4)*I13 -> 319.64445 | K13: 330.16 | L13: =(ORÇAMENTO_EXECUTIVO!$B$23/CÁLCULO_MÉDIAS!L$4)*K13 -> 349.37798 | M13: 316.91946 | N13: =([3]ORÇAMENTO_EXECUTIVO!$B$19/[3]CÁLCULO_MÉDIAS!N$4)*M13 -> 325.68403 | P13: 240 | Q13: 380 | R13: =ANÁLISE_CUSTOS!C8 -> 359.49386 | U13: 119.63619 | V13: =(ORÇAMENTO_EXECUTIVO!#REF!/CÁLCULO_MÉDIAS!V$4)*U13 -> #REF! | W13: 87.63 | X13: =(ORÇAMENTO_EXECUTIVO!#REF!/CÁLCULO_MÉDIAS!X$4)*W13 -> #REF! | Y13: 119.11837 | Z13: =(ORÇAMENTO_EXECUTIVO!#REF!/CÁLCULO_MÉDIAS!Z$4)*Y13 -> #REF! | AA13: =45.9182137373762+52.78 -> 98.698214 | AB13: =(ORÇAMENTO_EXECUTIVO!#REF!/CÁLCULO_MÉDIAS!AB$4)*AA13 -> #REF! | AC13: 120.12284 | AD13: =(ORÇAMENTO_EXECUTIVO!#REF!/CÁLCULO_MÉDIAS!AD$4)*AC13 -> #REF! | AE13: 102.26703 | AF13: =(ORÇAMENTO_EXECUTIVO!#REF!/CÁLCULO_MÉDIAS!AF$4)*AE13 -> #REF!
B14: EQUIPAMENTOS E SISTEMAS ESPECIAIS | C14: 244.08 | D14: =(ORÇAMENTO_EXECUTIVO!$B$23/CÁLCULO_MÉDIAS!D$4)*C14 -> 243.73215 | E14: 170.87 | F14: =(ORÇAMENTO_EXECUTIVO!$B$23/CÁLCULO_MÉDIAS!F$4)*E14 -> 174.85926 | G14: 154.29 | H14: =(ORÇAMENTO_EXECUTIVO!$B$23/CÁLCULO_MÉDIAS!H$4)*G14 -> 156.40327 | I14: 169.4 | J14: =(ORÇAMENTO_EXECUTIVO!$B$23/CÁLCULO_MÉDIAS!J$4)*I14 -> 179.0897 | K14: 147.26 | L14: =(ORÇAMENTO_EXECUTIVO!$B$23/CÁLCULO_MÉDIAS!L$4)*K14 -> 155.83172 | M14: 199.01666 | N14: =([3]ORÇAMENTO_EXECUTIVO!$B$19/[3]CÁLCULO_MÉDIAS!N$4)*M14 -> 204.52057 | P14: 180 | Q14: 260 | R14: =ANÁLISE_CUSTOS!C9 -> 319.87128 | U14: 440.21003 | V14: =(ORÇAMENTO_EXECUTIVO!#REF!/CÁLCULO_MÉDIAS!V$4)*U14 -> #REF! | W14: 516.11 | X14: =(ORÇAMENTO_EXECUTIVO!#REF!/CÁLCULO_MÉDIAS!X$4)*W14 -> #REF! | Y14: 730.88829 | Z14: =(ORÇAMENTO_EXECUTIVO!#REF!/CÁLCULO_MÉDIAS!Z$4)*Y14 -> #REF! | AA14: =424.075395917568+352.64 -> 776.7154 | AB14: =(ORÇAMENTO_EXECUTIVO!#REF!/CÁLCULO_MÉDIAS!AB$4)*AA14 -> #REF! | AC14: 753.33241 | AD14: =(ORÇAMENTO_EXECUTIVO!#REF!/CÁLCULO_MÉDIAS!AD$4)*AC14 -> #REF! | AE14: 684.09 | AF14: =(ORÇAMENTO_EXECUTIVO!#REF!/CÁLCULO_MÉDIAS!AF$4)*AE14 -> #REF!
B15: IMPERMEABILIZAÇÃO | C15: 45.58 | D15: =(ORÇAMENTO_EXECUTIVO!$B$23/CÁLCULO_MÉDIAS!D$4)*C15 -> 45.515042 | E15: 44.86 | F15: =(ORÇAMENTO_EXECUTIVO!$B$23/CÁLCULO_MÉDIAS!F$4)*E15 -> 45.907335 | G15: 33.6 | H15: =(ORÇAMENTO_EXECUTIVO!$B$23/CÁLCULO_MÉDIAS!H$4)*G15 -> 34.060211 | I15: 65.36 | J15: =(ORÇAMENTO_EXECUTIVO!$B$23/CÁLCULO_MÉDIAS!J$4)*I15 -> 69.098598 | K15: 73.24 | L15: =(ORÇAMENTO_EXECUTIVO!$B$23/CÁLCULO_MÉDIAS!L$4)*K15 -> 77.50316 | M15: 47.432902 | N15: =([3]ORÇAMENTO_EXECUTIVO!$B$19/[3]CÁLCULO_MÉDIAS!N$4)*M15 -> 48.744683 | P15: 45 | Q15: 80 | R15: =ANÁLISE_CUSTOS!C10 -> 91.058479 | U15: 119.63619 | V15: =(ORÇAMENTO_EXECUTIVO!#REF!/CÁLCULO_MÉDIAS!V$4)*U15 -> #REF! | W15: 87.63 | X15: =(ORÇAMENTO_EXECUTIVO!#REF!/CÁLCULO_MÉDIAS!X$4)*W15 -> #REF! | Y15: 119.11837 | Z15: =(ORÇAMENTO_EXECUTIVO!#REF!/CÁLCULO_MÉDIAS!Z$4)*Y15 -> #REF! | AA15: =45.9182137373762+52.78 -> 98.698214 | AB15: =(ORÇAMENTO_EXECUTIVO!#REF!/CÁLCULO_MÉDIAS!AB$4)*AA15 -> #REF! | AC15: 120.12284 | AD15: =(ORÇAMENTO_EXECUTIVO!#REF!/CÁLCULO_MÉDIAS!AD$4)*AC15 -> #REF! | AE15: 102.26703 | AF15: =(ORÇAMENTO_EXECUTIVO!#REF!/CÁLCULO_MÉDIAS!AF$4)*AE15 -> #REF!
B16: REVESTIMENTOS INTERNOS EM PISO E PAREDE | C16: 177.79 | D16: =(ORÇAMENTO_EXECUTIVO!$B$23/CÁLCULO_MÉDIAS!D$4)*C16 -> 177.53662 | E16: - | F16: =(ORÇAMENTO_EXECUTIVO!$B$23/CÁLCULO_MÉDIAS!F$4)*E16 -> #VALUE! | G16: 157.42 | H16: =(ORÇAMENTO_EXECUTIVO!$B$23/CÁLCULO_MÉDIAS!H$4)*G16 -> 159.57615 | I16: 160.87 | J16: =(ORÇAMENTO_EXECUTIVO!$B$23/CÁLCULO_MÉDIAS!J$4)*I16 -> 170.07178 | K16: 163.65 | L16: =(ORÇAMENTO_EXECUTIVO!$B$23/CÁLCULO_MÉDIAS!L$4)*K16 -> 173.17575 | M16: 177.88133 | N16: =([3]ORÇAMENTO_EXECUTIVO!$B$19/[3]CÁLCULO_MÉDIAS!N$4)*M16 -> 182.80073 | P16: 150 | Q16: 190 | R16: =ANÁLISE_CUSTOS!C11 -> 183.10552 | U16: 241.53845 | V16: =(ORÇAMENTO_EXECUTIVO!#REF!/CÁLCULO_MÉDIAS!V$4)*U16 -> #REF! | W16: =115.12+96.69+17.4 -> 229.21 | X16: =(ORÇAMENTO_EXECUTIVO!#REF!/CÁLCULO_MÉDIAS!X$4)*W16 -> #REF! | Y16: 311.09537 | Z16: =(ORÇAMENTO_EXECUTIVO!#REF!/CÁLCULO_MÉDIAS!Z$4)*Y16 -> #REF! | AA16: =133.232025739994+119 -> 252.23203 | AB16: =(ORÇAMENTO_EXECUTIVO!#REF!/CÁLCULO_MÉDIAS!AB$4)*AA16 -> #REF! | AC16: 343.65138 | AD16: =(ORÇAMENTO_EXECUTIVO!#REF!/CÁLCULO_MÉDIAS!AD$4)*AC16 -> #REF! | AE16: 395.6489 | AF16: =(ORÇAMENTO_EXECUTIVO!#REF!/CÁLCULO_MÉDIAS!AF$4)*AE16 -> #REF!
B17: REVESTIMENTOS E ACABAMENTOS INTERNOS EM TETO | C17: 48.61 | D17: =(ORÇAMENTO_EXECUTIVO!$B$23/CÁLCULO_MÉDIAS!D$4)*C17 -> 48.540724 | E17: 27.17 | F17: =(ORÇAMENTO_EXECUTIVO!$B$23/CÁLCULO_MÉDIAS!F$4)*E17 -> 27.804331 | G17: 40.89 | H17: =(ORÇAMENTO_EXECUTIVO!$B$23/CÁLCULO_MÉDIAS!H$4)*G17 -> 41.450061 | I17: 41.38 | J17: =(ORÇAMENTO_EXECUTIVO!$B$23/CÁLCULO_MÉDIAS!J$4)*I17 -> 43.74694 | K17: 53.76 | L17: =(ORÇAMENTO_EXECUTIVO!$B$23/CÁLCULO_MÉDIAS!L$4)*K17 -> 56.889267 | M17: 56.083914 | N17: =([3]ORÇAMENTO_EXECUTIVO!$B$19/[3]CÁLCULO_MÉDIAS!N$4)*M17 -> 57.634943 | P17: 75 | Q17: 100 | R17: =ANÁLISE_CUSTOS!C12 -> 88.896237 | U17: 125.58392 | V17: =(ORÇAMENTO_EXECUTIVO!#REF!/CÁLCULO_MÉDIAS!V$4)*U17 -> #REF! | W17: =126.98+36.9 -> 163.88 | X17: =(ORÇAMENTO_EXECUTIVO!#REF!/CÁLCULO_MÉDIAS!X$4)*W17 -> #REF! | Y17: 234.95757 | Z17: =(ORÇAMENTO_EXECUTIVO!#REF!/CÁLCULO_MÉDIAS!Z$4)*Y17 -> #REF! | AA17: 247.28447 | AB17: =(ORÇAMENTO_EXECUTIVO!#REF!/CÁLCULO_MÉDIAS!AB$4)*AA17 -> #REF! | AC17: 183.52385 | AD17: =(ORÇAMENTO_EXECUTIVO!#REF!/CÁLCULO_MÉDIAS!AD$4)*AC17 -> #REF! | AE17: 151.23889 | AF17: =(ORÇAMENTO_EXECUTIVO!#REF!/CÁLCULO_MÉDIAS!AF$4)*AE17 -> #REF!
B18: ACABAMENTOS EM PISO E PAREDE | C18: 198.16 | D18: =(ORÇAMENTO_EXECUTIVO!$B$23/CÁLCULO_MÉDIAS!D$4)*C18 -> 197.87759 | E18: 220.14 | F18: =(ORÇAMENTO_EXECUTIVO!$B$23/CÁLCULO_MÉDIAS!F$4)*E18 -> 225.27955 | G18: 208.37 | H18: =(ORÇAMENTO_EXECUTIVO!$B$23/CÁLCULO_MÉDIAS!H$4)*G18 -> 211.224 | I18: 139.86 | J18: =(ORÇAMENTO_EXECUTIVO!$B$23/CÁLCULO_MÉDIAS!J$4)*I18 -> 147.86001 | K18: 189.08 | L18: =(ORÇAMENTO_EXECUTIVO!$B$23/CÁLCULO_MÉDIAS!L$4)*K18 -> 200.08598 | M18: 199.03995 | N18: =([3]ORÇAMENTO_EXECUTIVO!$B$19/[3]CÁLCULO_MÉDIAS!N$4)*M18 -> 204.5445 | P18: 140 | Q18: 225 | R18: =ANÁLISE_CUSTOS!C13 -> 223.49887 | U18: 28.96163 | V18: =(ORÇAMENTO_EXECUTIVO!#REF!/CÁLCULO_MÉDIAS!V$4)*U18 -> #REF! | W18: 46.01 | X18: =(ORÇAMENTO_EXECUTIVO!#REF!/CÁLCULO_MÉDIAS!X$4)*W18 -> #REF! | Y18: 40.38554 | Z18: =(ORÇAMENTO_EXECUTIVO!#REF!/CÁLCULO_MÉDIAS!Z$4)*Y18 -> #REF! | AA18: =21.1585217854063+29.7 -> 50.858522 | AB18: =(ORÇAMENTO_EXECUTIVO!#REF!/CÁLCULO_MÉDIAS!AB$4)*AA18 -> #REF! | AC18: 53.97562 | AD18: =(ORÇAMENTO_EXECUTIVO!#REF!/CÁLCULO_MÉDIAS!AD$4)*AC18 -> #REF! | AE18: 26.84 | AF18: =(ORÇAMENTO_EXECUTIVO!#REF!/CÁLCULO_MÉDIAS!AF$4)*AE18 -> #REF!
B19: PINTURA INTERNA | C19: 90.17 | D19: =(ORÇAMENTO_EXECUTIVO!$B$23/CÁLCULO_MÉDIAS!D$4)*C19 -> 90.041495 | E19: 137.01 | F19: =(ORÇAMENTO_EXECUTIVO!$B$23/CÁLCULO_MÉDIAS!F$4)*E19 -> 140.20874 | G19: 127.29 | H19: =(ORÇAMENTO_EXECUTIVO!$B$23/CÁLCULO_MÉDIAS!H$4)*G19 -> 129.03346 | I19: 140.5 | J19: =(ORÇAMENTO_EXECUTIVO!$B$23/CÁLCULO_MÉDIAS!J$4)*I19 -> 148.53661 | K19: 134.66 | L19: =(ORÇAMENTO_EXECUTIVO!$B$23/CÁLCULO_MÉDIAS!L$4)*K19 -> 142.4983 | M19: 153.47432 | N19: =([3]ORÇAMENTO_EXECUTIVO!$B$19/[3]CÁLCULO_MÉDIAS!N$4)*M19 -> 157.71873 | P19: 90 | Q19: 160 | R19: =ANÁLISE_CUSTOS!C14 -> 126.02912 | U19: 234.72587 | V19: =(ORÇAMENTO_EXECUTIVO!#REF!/CÁLCULO_MÉDIAS!V$4)*U19 -> #REF! | W19: 107.18 | X19: =(ORÇAMENTO_EXECUTIVO!#REF!/CÁLCULO_MÉDIAS!X$4)*W19 -> #REF! | Y19: 171.46501 | Z19: =(ORÇAMENTO_EXECUTIVO!#REF!/CÁLCULO_MÉDIAS!Z$4)*Y19 -> #REF! | AA19: =61.5070901205645+125.46 -> 186.96709 | AB19: =(ORÇAMENTO_EXECUTIVO!#REF!/CÁLCULO_MÉDIAS!AB$4)*AA19 -> #REF! | AC19: 181.93322 | AD19: =(ORÇAMENTO_EXECUTIVO!#REF!/CÁLCULO_MÉDIAS!AD$4)*AC19 -> #REF! | AE19: 143.04 | AF19: =(ORÇAMENTO_EXECUTIVO!#REF!/CÁLCULO_MÉDIAS!AF$4)*AE19 -> #REF!
B20: ESQUADRIAS, VIDROS E FERRAGENS | C20: 281.04 | D20: =(ORÇAMENTO_EXECUTIVO!$B$23/CÁLCULO_MÉDIAS!D$4)*C20 -> 280.63948 | E20: 364.62 | F20: =(ORÇAMENTO_EXECUTIVO!$B$23/CÁLCULO_MÉDIAS!F$4)*E20 -> 373.13269 | G20: 216.29 | H20: =(ORÇAMENTO_EXECUTIVO!$B$23/CÁLCULO_MÉDIAS!H$4)*G20 -> 219.25247 | I20: 233.91 | J20: =(ORÇAMENTO_EXECUTIVO!$B$23/CÁLCULO_MÉDIAS!J$4)*I20 -> 247.28967 | K20: 246.45 | L20: =(ORÇAMENTO_EXECUTIVO!$B$23/CÁLCULO_MÉDIAS!L$4)*K20 -> 260.79538 | M20: 286.10435 | N20: =([3]ORÇAMENTO_EXECUTIVO!$B$19/[3]CÁLCULO_MÉDIAS!N$4)*M20 -> 294.01671 | P20: 280 | Q20: 375 | R20: =ANÁLISE_CUSTOS!C15 -> 375.38569 | U20: 55.038679 | V20: =(ORÇAMENTO_EXECUTIVO!#REF!/CÁLCULO_MÉDIAS!V$4)*U20 -> #REF! | W20: 37.84 | X20: =(ORÇAMENTO_EXECUTIVO!#REF!/CÁLCULO_MÉDIAS!X$4)*W20 -> #REF! | Y20: 82.252956 | Z20: =(ORÇAMENTO_EXECUTIVO!#REF!/CÁLCULO_MÉDIAS!Z$4)*Y20 -> #REF! | AA20: =54.2873850783883+15.35 -> 69.637385 | AB20: =(ORÇAMENTO_EXECUTIVO!#REF!/CÁLCULO_MÉDIAS!AB$4)*AA20 -> #REF! | AC20: 55.010609 | AD20: =(ORÇAMENTO_EXECUTIVO!#REF!/CÁLCULO_MÉDIAS!AD$4)*AC20 -> #REF! | AE20: 70.155612 | AF20: =(ORÇAMENTO_EXECUTIVO!#REF!/CÁLCULO_MÉDIAS!AF$4)*AE20 -> #REF!
B21: COBERTURA | C21: 3.83 | D21: =(ORÇAMENTO_EXECUTIVO!$B$23/CÁLCULO_MÉDIAS!D$4)*C21 -> 3.8245417 | F21: =(ORÇAMENTO_EXECUTIVO!$B$23/CÁLCULO_MÉDIAS!F$4)*E21 -> 0 | G21: 13.53 | H21: =(ORÇAMENTO_EXECUTIVO!$B$23/CÁLCULO_MÉDIAS!H$4)*G21 -> 13.715317 | I21: 14.78 | J21: =(ORÇAMENTO_EXECUTIVO!$B$23/CÁLCULO_MÉDIAS!J$4)*I21 -> 15.625417 | K21: 14.67 | L21: =(ORÇAMENTO_EXECUTIVO!$B$23/CÁLCULO_MÉDIAS!L$4)*K21 -> 15.523913 | M21: 13.848669 | N21: =([3]ORÇAMENTO_EXECUTIVO!$B$19/[3]CÁLCULO_MÉDIAS!N$4)*M21 -> 14.231661 | P21: 5 | Q21: 15 | R21: =ANÁLISE_CUSTOS!C16 -> 19.816538 | U21: 165.18749 | V21: =(ORÇAMENTO_EXECUTIVO!#REF!/CÁLCULO_MÉDIAS!V$4)*U21 -> #REF! | W21: 111.36 | X21: =(ORÇAMENTO_EXECUTIVO!#REF!/CÁLCULO_MÉDIAS!X$4)*W21 -> #REF! | Y21: 171.08275 | Z21: =(ORÇAMENTO_EXECUTIVO!#REF!/CÁLCULO_MÉDIAS!Z$4)*Y21 -> #REF! | AA21: =128.113840140444+57.38 -> 185.49384 | AB21: =(ORÇAMENTO_EXECUTIVO!#REF!/CÁLCULO_MÉDIAS!AB$4)*AA21 -> #REF! | AC21: 148.70479 | AD21: =(ORÇAMENTO_EXECUTIVO!#REF!/CÁLCULO_MÉDIAS!AD$4)*AC21 -> #REF! | AE21: 167.78668 | AF21: =(ORÇAMENTO_EXECUTIVO!#REF!/CÁLCULO_MÉDIAS!AF$4)*AE21 -> #REF!
B22: REVESTIMENTOS E ACABAMENTOS DE FACHADA | C22: 91.54 | D22: =(ORÇAMENTO_EXECUTIVO!$B$23/CÁLCULO_MÉDIAS!D$4)*C22 -> 91.409543 | E22: 94.14 | F22: =(ORÇAMENTO_EXECUTIVO!$B$23/CÁLCULO_MÉDIAS!F$4)*E22 -> 96.337862 | G22: 122.53 | H22: =(ORÇAMENTO_EXECUTIVO!$B$23/CÁLCULO_MÉDIAS!H$4)*G22 -> 124.20826 | I22: 121.66 | J22: =(ORÇAMENTO_EXECUTIVO!$B$23/CÁLCULO_MÉDIAS!J$4)*I22 -> 128.61896 | K22: 132.68 | L22: =(ORÇAMENTO_EXECUTIVO!$B$23/CÁLCULO_MÉDIAS!L$4)*K22 -> 140.40305 | M22: 179.74185 | N22: =([3]ORÇAMENTO_EXECUTIVO!$B$19/[3]CÁLCULO_MÉDIAS!N$4)*M22 -> 184.7127 | P22: 90 | Q22: 140 | R22: =ANÁLISE_CUSTOS!C17 -> 105.83991 | U22: 110.39979 | V22: =(ORÇAMENTO_EXECUTIVO!#REF!/CÁLCULO_MÉDIAS!V$4)*U22 -> #REF! | W22: 83.06 | X22: =(ORÇAMENTO_EXECUTIVO!#REF!/CÁLCULO_MÉDIAS!X$4)*W22 -> #REF! | Y22: 131.71985 | Z22: =(ORÇAMENTO_EXECUTIVO!#REF!/CÁLCULO_MÉDIAS!Z$4)*Y22 -> #REF! | AA22: =35.9030401086365+97.72 -> 133.62304 | AB22: =(ORÇAMENTO_EXECUTIVO!#REF!/CÁLCULO_MÉDIAS!AB$4)*AA22 -> #REF! | AC22: 173.39863 | AD22: =(ORÇAMENTO_EXECUTIVO!#REF!/CÁLCULO_MÉDIAS!AD$4)*AC22 -> #REF! | AE22: 81.300168 | AF22: =(ORÇAMENTO_EXECUTIVO!#REF!/CÁLCULO_MÉDIAS!AF$4)*AE22 -> #REF!
B23: SERVIÇOS COMPLEMENTARES | C23: 102.52 | D23: =(ORÇAMENTO_EXECUTIVO!$B$23/CÁLCULO_MÉDIAS!D$4)*C23 -> 102.37389 | E23: 195.12 | F23: =(ORÇAMENTO_EXECUTIVO!$B$23/CÁLCULO_MÉDIAS!F$4)*E23 -> 199.67542 | G23: 248.76 | H23: =(ORÇAMENTO_EXECUTIVO!$B$23/CÁLCULO_MÉDIAS!H$4)*G23 -> 252.16721 | I23: 241.25 | J23: =(ORÇAMENTO_EXECUTIVO!$B$23/CÁLCULO_MÉDIAS!J$4)*I23 -> 255.04952 | K23: 123.28 | L23: =(ORÇAMENTO_EXECUTIVO!$B$23/CÁLCULO_MÉDIAS!L$4)*K23 -> 130.45589 | M23: 247.42959 | N23: =([3]ORÇAMENTO_EXECUTIVO!$B$19/[3]CÁLCULO_MÉDIAS!N$4)*M23 -> 254.27238 | P23: 100 | Q23: 260 | R23: =ANÁLISE_CUSTOS!C18 -> 258.85638 | U23: 147.28733 | V23: =(ORÇAMENTO_EXECUTIVO!#REF!/CÁLCULO_MÉDIAS!V$4)*U23 -> #REF! | W23: 186.71 | X23: =(ORÇAMENTO_EXECUTIVO!#REF!/CÁLCULO_MÉDIAS!X$4)*W23 -> #REF! | Y23: 323.47432 | Z23: =(ORÇAMENTO_EXECUTIVO!#REF!/CÁLCULO_MÉDIAS!Z$4)*Y23 -> #REF! | AA23: =250.558807445514+9.23 -> 259.78881 | AB23: =(ORÇAMENTO_EXECUTIVO!#REF!/CÁLCULO_MÉDIAS!AB$4)*AA23 -> #REF! | AC23: 208.12266 | AD23: =(ORÇAMENTO_EXECUTIVO!#REF!/CÁLCULO_MÉDIAS!AD$4)*AC23 -> #REF! | AE23: 186.4553 | AF23: =(ORÇAMENTO_EXECUTIVO!#REF!/CÁLCULO_MÉDIAS!AF$4)*AE23 -> #REF!
B24: TOTAL | C24: =SUM(C8:C23) -> 2872.86 | D24: =SUM(D8:D23) -> 2868.7658 | E24: =SUM(E8:E23) -> 3175.81 | F24: =SUM(F8:F23) -> #VALUE! | G24: =SUM(G8:G23) -> 3295.33 | H24: =SUM(H8:H23) -> 3340.4654 | I24: =SUM(I8:I23) -> 3104.84 | J24: =SUM(J8:J23) -> 3282.4371 | ... N24: =SUM(N8:N23) -> 3499.8192 | P24: =SUM(P8:P23) -> 2866 | Q24: =SUM(Q8:Q23) -> 4170 | U24: =SUM(U8:U23) -> 2836.1511 | V24: =SUM(V8:V23) -> #REF! | W24: =SUM(W8:W23) -> 2786.57 | X24: =SUM(X8:X23) -> #REF! | Y24: =SUM(Y8:Y23) -> 4003.185 | Z24: =SUM(Z8:Z23) -> #REF! | AA24: =SUM(AA8:AA23) -> 4102.3343 | AB24: =SUM(AB8:AB23) -> #REF! | ... AF24: =SUM(AF8:AF23) -> #REF!
W26: =W24/X4 -> 1.3017949

Sheet AREAS_PRIVATIVAS
A2: DESCRIÇÃO | B2: ÁREA (m²) | C2: QUANT. | D2: VALOR TOTAL | G2: DESCRIÇÃO | H2: ÁREA (m²) | I2: QUANT. | J2: VALOR TOTAL
A3: VALOR POR ÁREA PRIVATIVA (R$/m²) | B3: =SUMPRODUCT(B4:B21,C4:C21) -> 18462.8 | D3: =ORÇAMENTO_EXECUTIVO!B22/AREAS_PRIVATIVAS!B3 -> 1537.5975 | G3: VALOR POR ÁREA PRIVATIVA (R$/m²) | H3: =SUM(H4:H9)*13+SUM(K4:K9) -> 9052.02 | J3: =ORÇAMENTO_EXECUTIVO!#REF!/AREAS_PRIVATIVAS!H3 -> #REF!
A4: 601 | B4: 227.35 | C4: 1 | D4: =B4*$D$3 -> 349572.78 | E4: 98.78 | G4: VALOR POR UNIDADE TIPO 01 | H4: 72.29 | I4: 6 | J4: =H4*$D$3 -> 111152.92 | K4: 86.29
A5: 602 | B5: 235.9 | C5: 1 | D5: =B5*$D$3 -> 362719.24 | E5: 78.65 | G5: VALOR POR UNIDADE TIPO 02 | H5: 87.86 | I5: =6+6 -> 12 | J5: =H5*$D$3 -> 135093.31 | K5: 99.74
A6: 603 | B6: 145.05 | C6: 1 | D6: =B6*$D$3 -> 223028.51 | E6: 87.5 | G6: VALOR POR UNIDADE TIPO 03 | H6: 96.26 | I6: 5 | J6: =H6*$D$3 -> 148009.13 | K6: 116.13
A7: 604 | B7: 144.5 | C7: 1 | D7: =B7*$D$3 -> 222182.83 | E7: 92.95 | F7: =B3/ORÇAMENTO_EXECUTIVO!G2 -> 2.6729905 | G7: VALOR POR UNIDADE TIPO 04 | H7: 113.26 | I7: 4 | J7: =H7*$D$3 -> 174148.29 | K7: 102.55 | L7: =H3/ORÇAMENTO_EXECUTIVO!L2 -> #DIV/0!
A8: 605 | B8: 108.25 | C8: 1 | D8: =B8*$D$3 -> 166444.92 | E8: 115.03 | G8: VALOR POR UNIDADE ESTÚDIO | H8: 46.51 | I8: 6 | J8: =H8*$D$3 -> 71513.658 | K8: 123.34
A9: 606 | B9: 185.85 | C9: 1 | D9: =B9*$D$3 -> 285762.49 | E9: 113.21 | G9: VALOR POR UNIDADE GARDEN | H9: 239.51 | I9: 1 | J9: =H9*$D$3 -> 368269.97
A10: 607 | B10: 201.9 | C10: 1 | D10: =B10*$D$3 -> 310440.93
A11: 608 | B11: 127.4 | C11: 1 | D11: =B11*$D$3 -> 195889.92
A12: 609/610 | B12: 164.7 | C12: 2 | D12: =B12*$D$3 -> 253242.3
A13: 701 a 1901 | B13: 155.9 | C13: 13 | D13: =B13*$D$3 -> 239711.44
A14: 702 a 1902 | B14: 175.7 | C14: 13 | D14: =B14*$D$3 -> 270155.87
A15: 703 a 1903 / 704 a 1904 / 709 a 1909 / 710 a 1910 / | B15: 114.7 | C15: 52 | D15: =B15*$D$3 -> 176362.43
A16: 705 a 1905 | B16: 91.5 | C16: 13 | D16: =B16*$D$3 -> 140690.17
A17: 706 a 1906 | B17: 137.1 | C17: 13 | D17: =B17*$D$3 -> 210804.61
A18: 707 a 1907 | B18: 136.5 | C18: 13 | D18: =B18*$D$3 -> 209882.05
A19: 708 a 1908 | B19: 90.75 | C19: 13 | D19: =B19*$D$3 -> 139536.97
A20: 2001 | B20: 280.9 | C20: 1 | D20: =B20*$D$3 -> 431911.12 | E20: 45.73
A21: 2002 | B21: 275.05 | C21: 1 | D21: =B21*D3 -> 422916.18 | E21: 122.55
A24: ÁREA DE LAZER | B24: 640.39

Sheet Dif. Altura
B1: CÁLCULO DA DIFERENÇA DE ALTURA DA REVISÃO DE PROJETO X VISUS
C2: Projeto atual | D2: Visus | E2: Diferença
B3: Subsolo | C3: 2.88 | D3: 2.88 | E3: =C3-D3 -> 0
B4: Térreo | C4: 2.88 | D4: 2.7 | E4: =C4-D4 -> 0.18
B5: Nível 1 | C5: 2.91 | D5: 2.7 | E5: =C5-D5 -> 0.21
B6: Nível 2 | C6: 3.42 | D6: 3.27 | E6: =C6-D6 -> 0.15
B7: Lazer | C7: 2.88 | D7: 2.7 | E7: =C7-D7 -> 0.18 | H7: 339.25 | I7: 2.79
B8: Tipo 1 A | C8: 2.87999 | D8: 2.7 | E8: =C8-D8 -> 0.17999 | H8: X | I8: =E23 -> 3.69989
B9: Tipo 1-B1 | C9: 2.87999 | D9: 2.7 | E9: =C9-D9 -> 0.17999
B10: Tipo 1-B2 | C10: 2.87999 | D10: 2.7 | E10: =C10-D10 -> 0.17999
B11: Tipo 1-B3 | C11: 2.87999 | D11: 2.7 | E11: =C11-D11 -> 0.17999
B12: Tipo 1-B4 | C12: 2.87999 | D12: 2.7 | E12: =C12-D12 -> 0.17999 | H12: A.C. | I12: =#REF! -> #REF!
B13: Tipo 1-B5 | C13: 2.87999 | D13: 2.7 | E13: =C13-D13 -> 0.17999 | H13: A.C. 1 PAV | I13: 339.25
B14: Tipo 2 A | C14: 2.87999 | D14: 2.7 | E14: =C14-D14 -> 0.17999 | H14: A.C. 1 PAV DIF. | I14: =(H7*I8)/I7 -> 449.88806
B15: Tipo 2-B1 | C15: 2.87999 | D15: 2.7 | E15: =C15-D15 -> 0.17999 | H15: CUSTO: | I15: =SUM(ORÇAMENTO_EXECUTIVO!#REF!,ORÇAMENTO_EXECUTIVO!#REF!,ORÇAMENTO_EXECUTIVO!#REF!,ORÇAMENTO_EXECUTIVO!#REF!,ORÇAMENTO_EXECUTIVO!#REF!) -> #REF!
B16: Tipo 2-B2 | C16: 2.87999 | D16: 2.7 | E16: =C16-D16 -> 0.17999 | I16: =I15*I14 -> #REF!
B17: Tipo 2-B3 | C17: 2.87999 | D17: 2.7 | E17: =C17-D17 -> 0.17999
B18: Tipo 3 | C18: 2.87999 | D18: 2.7 | E18: =C18-D18 -> 0.17999 | H18: 351532.73 | I18: 325040.57
B19: Ático | C19: 3.06 | D19: 3.06 | E19: =C19-D19 -> 0
B20: Casa de máquinas | C20: 2.62 | D20: 2.77 | E20: =C20-D20 -> -0.15
B21: Barrilete | C21: 1.85 | D21: 2.35 | E21: =C21+C22-D21 -> 1.15
B22: Caixa d'água | C22: 1.65
B23: TOTAL | C23: =SUM(C3:C22) -> 55.82989 | D23: =SUM(D3:D22) -> 52.13 | E23: =SUM(E3:E22) -> 3.69989 | F23: =E23-C24 -> 0.9083955
B24: MÉDIA | C24: =AVERAGE(C3:C22) -> 2.7914945
