Workbook
Name \0: #REF!
Name \0: #REF!
Name \0: #REF!
Name \0: #REF!
Name \0: #REF!
Name \0: #REF!
Name \0: #REF!
Name \a: #REF!
Name \a: #REF!
Name \m: #REF!
Name \m: #REF!
Name aa: #REF!
Name aa: #REF!
Name aaaa: '[1]M.O.'!#REF!
Name aaaa: '[1]M.O.'!#REF!
Name aaaa: '[1]M.O.'!#REF!
Name aaaa: '[1]M.O.'!#REF!
Name aaaa: '[1]M.O.'!#REF!
Name aaaa: '[1]M.O.'!#REF!
Name aaaa: '[1]M.O.'!#REF!
Name angelo: [2]Geral!#REF!
Name angelo: [2]Geral!#REF!
Name angelo: [2]Geral!#REF!
Name angelo: [2]Geral!#REF!
Name angelo: [2]Geral!#REF!
Name angelo: [2]Geral!#REF!
Name angelo: [2]Geral!#REF!
Name area: #REF!
Name aux: #REF!
Name aux: #REF!
Name aux: #REF!
Name aux: #REF!
Name aux: #REF!
Name aux: #REF!
Name aux: #REF!
Name BDA: #REF!
Name BDA: #REF!
Name BDI: #REF!
Name ca: #REF!
Name Capa: #REF!
Name cronograma: #REF!
Name D: #REF!
Name direto: #REF!
Name DRE: #REF!
Name ea: #REF!
Name FFFFFFF: #REF!
Name FFFFFFF: #REF!
Name FFFFFFF: #REF!
Name FFFFFFF: #REF!
Name FFFFFFF: #REF!
Name FFFFFFF: #REF!
Name FFFFFFF: #REF!
Name item_1: #REF!
Name item_1: #REF!
Name item_1: #REF!
Name item_1: #REF!
Name item_1: #REF!
Name item_1: #REF!
Name item_1: #REF!
Name LS: '[1]M.O.'!#REF!

Sheet DADOS_INICIAIS
A1: Obra | B1: Estreito
A2: Empresa | B2: D'Lohn Empreendimentos
A3: Revisão | B3: R00
A4: Arquitetura base | B4: GEM-ETO-ARQ-EP-101/2/3/4/5/6/-R03
A5: DADOS OBRA
B7: Descrição | C7: Identificador | D7: Unidade | E7: Quantidade
B8: ÁREA DO TERRENO | C8: AT | D8: M2 | E8: 1575
B9: ÁREA TOTAL CONSTRUÍDA | C9: AC | D9: M2 | E9: 13147.78
B10: UNIDADES RESIDENCIAIS | C10: UR | D10: UN | E10: 84
B11: Dormitórios | C11: dorm | D11: UN
B12: Banheiros | C12: ban | D12: UN
B13: UNIDADES COMERCIAIS | C13: UC | D13: UN | E13: 5
B14: Churrasqueiras | C14: CHU | D14: UN | E14: ='SISTEMAS ESPECIAIS'!B10 -> 86
B15: NÚMERO TOTAL DE PAVIMENTOS | C15: NP | D15: UN | E15: 13
B16: NÚMERO DE PAVIMENTOS TIPO | C16: NPT | D16: UN | E16: 8
B17: NÚMERO DE PAVIMENTOS TIPO DIFERENCIADOS | C17: NPD | D17: UN | E17: 0
B18: NÚMERO DE PAVIMENTOS DUPLEX | C18: ND | D18: UN | E18: 0
B19: ÁREA DE PROJEÇÃO DA TORRE | C19: APT | D19: M2 | E19: 948.31
B20: PERÍMETRO DE PROJEÇÃO DA TORRE | C20: PPT | D20: M | E20: 132.16
B21: ÁREA DE LAZER | C21: AL | D21: M2 | E21: =92.36+11.33+7.41+7.83+7.83+2.65+3.09+50.23+64.15+90.44+9.73+39.9+34.62+21.23+19.14+112.8+134.69 -> 709.43
B22: ÁREA DO EMBASAMENTO | C22: AE | D22: M2 | E22: =1250.39+921.05 -> 2171.44
B23: ÁREA DE SUBSOLOS | C23: S | D23: M2 | E23: =1488.24+1488.24 -> 2976.48
B24: NÚMERO DE SUBSOLOS | C24: NS | D24: UN | E24: 2
B25: ÁREA DE PROJEÇÃO DO EMBASAMENTO | C25: APE | D25: M2 | E25: 1488.24
B26: PERÍMETRO DE PROJEÇÃO DE EMBAMENTO | C26: PE | D26: M | E26: 157.96
B27: NÚMERO DE PAVIMENTOS DE EMBASAMENTO | C27: NE | D27: UN | E27: 2

Sheet MOVIMENTAÇÃO_DE_TERRA
A2: MOVIMENTAÇÃO DE TERRA
A3: Data | B3: 45727
A4: Arquivo base | B4: -
A6: ESCAVAÇÃO VERTICAL DE SUBSOLO
A8: Descrição | B8: Área de subsolo (m2) | C8: Altura do subsolo (m) | D8: Volume total de escavação (m3) | E8: Preço unitário de escavação (R$ / m3) | F8: Valor total | G8: Observação
A9: Escavação | B9: =DADOS_INICIAIS!E25 -> 1488.24 | C9: 6 | D9: =(C9*B9) -> 8929.44 | E9: 2.66 | F9: =E9*D9*1.1 -> 26127.541
A10: Movimentação de bota-fora | D10: =D9*1.3 -> 11608.272 | E10: 45.45 | F10: =E10*D10*1.1 -> 580355.56 | G10: 30% de empolamento
A11: TOTAL | F11: =SUM(F9:F10) -> 606483.1
A13: REBAIXAMENTO DE LENÇOL FREÁTICO
A15: Descrição | B15: Quantidade (dias) | E15: Preço unitário de rebaixamento (R$ / dias) | F15: Valor total | G15: Observação
A16: Rebaixamento de lençol | B16: 0 | E16: 200 | F16: =B16*E16*1.1 -> 0 | G16: Sem rebaixamento
A17: TOTAL | F17: =SUM(F16:F16) -> 0
A19: ESCAVAÇÃO E REATERRO DE VALAS
A21: Descrição | B21: Parâmetro | D21: Volume total de escavação (m3) | E21: Preço unitário (R$ / m3) | F21: Valor total | G21: Observação
A22: Escavação mecanizada para blocos e baldrames | B22: 1.3 | C22: m³ / Vol infra | D22: =B22*INFRAESTRUTURA!D29 -> 444.98376 | E22: 36.36 | F22: =E22*D22*1.1 -> 17797.57
A23: Reaterro para blocos e baldrames | B23: 0.6 | C23: m³ / Vol Escavação | D23: =D22-INFRAESTRUTURA!D29 -> 102.68856 | E23: 14.55 | F23: =E23*D23*1.1 -> 1643.5304
A24: Movimentação de bota-fora | B24: 1.3 | D24: =(D22-D23)*B24 -> 444.98376 | E24: 45.45 | F24: =E24*D24*1.1 -> 22246.963
A25: Movimentação de terra das estacas | B25: 1 | C25: m³ | D25: =INFRAESTRUTURA!D19 -> 1454.7145 | E25: 68.18 | F25: =E25*D25*1.1 -> 109100.68
A26: TOTAL | F26: =SUM(F22:F25) -> 150788.74
A28: REGULARIZAÇÃO E APILOAMENTO DE FUNDO DE VALAS
A30: Descrição | B30: Parâmetro | D30: Área de lastro (m²) | E30: Preço unitário (R$ / m2) | F30: Valor total | G30: Observação
A31: Lastro de concreto magto e=10cm | B31: 0.8 | C31: m² / APE | D31: =B31*DADOS_INICIAIS!E25 -> 1190.592 | E31: =370*0.1 -> 37 | F31: =E31*D31*1.1 -> 48457.094 | H31: =F31/DADOS_INICIAIS!E25 -> 32.56
A32: TOTAL | F32: =SUM(F31:F31) -> 48457.094
A34: TOTAL MOVIMENTAÇÃO DE TERRA | F34: =F11+F17+F26+F32 -> 805728.93 | G34: =F34/DADOS_INICIAIS!E9 -> 61.282508

Sheet CONTENÇÕES
A3: CONTENÇÃO
A4: Data
A5: Arquivo base
A7: CORTINA DE ESTACAS
A9: Descrição | B9: Parâmetro | D9: Quantidade | F9: Preço unitário | G9: Valor total
A10: Número de Estacas | B10: 0.15 | C10: un / APE | D10: =B10*DADOS_INICIAIS!E25 -> 223.236 | E10: un
A11: Estaca Hélice Continua Diâmetro 40 | B11: 0.1 | D11: =B11*$D$10 -> 22.3236 | E11: un
B12: 20 | C12: m/un | D12: =B12*D11 -> 446.472 | E12: m | G12: =F12*D12 -> 0
A13: Estaca Hélice Continua Diâmetro 50 | B13: 0.5 | D13: =B13*$D$10 -> 111.618 | E13: un
B14: 20 | C14: m/un | D14: =B14*D13 -> 2232.36 | E14: m | G14: =F14*D14 -> 0
A15: Estaca Hélice Continua Diâmetro 60 | B15: 0.4 | C15: un / APE | D15: =B15*$D$10 -> 89.2944 | E15: un
B16: 20 | C16: m/un | D16: =B16*D15 -> 1785.888 | E16: m | G16: =F16*D16 -> 0
A17: Concreto | B17: =(PI()*0.4^2)/4*D14+(PI()*0.5^2)/4*D16+(PI()*0.6^2)/4*D12 -> 757.4219 | C17: un / APE | D17: =(PI()*0.4^2)/4*D14+(PI()*0.5^2)/4*D16+(PI()*0.6^2)/4*D12 -> 757.4219 | E17: m³ | G17: =F17*D17 -> 0
A18: Armação 6,3mm | B18: 1.6575131 | C18: kg / m³ | D18: =B18*D17 -> 1255.4367 | E18: kg | G18: =F18*D18 -> 0
A19: Armação 16mm | B19: 10.178338 | C19: kg / m³ | D19: =B19*D17 -> 7709.2958 | E19: kg | G19: =F19*D19 -> 0
A20: Mobilização | B20: 1 | C20: vb | D20: 1 | E20: vb | G20: =F20*D20 -> 0
A21: TOTAL | G21: =SUM(G10:G20) -> 0
A23: PAREDE DE CONCRETO
A25: Descrição | B25: Parâmetro | D25: Quantidade | F25: Preço unitário | G25: Valor total
A26: Fabricação, montagem e desmontagem de forma para blocos e baldrames resinado | B26: 2.1 | C26: m² / APE | D26: =B26*DADOS_INICIAIS!E25 -> 3125.304 | E26: m² | G26: =F26*D26 -> 0
A27: Concreto | B27: 0.65 | C27: m³ / APE | D27: =B27*DADOS_INICIAIS!E25 -> 967.356 | E27: m³ | G27: =F27*D27 -> 0
A28: Armação | B28: 110 | C28: kg / m³ | D28: =B28*D27 -> 106409.16 | E28: kg | G28: =F28*D28 -> 0
A29: Mão de obra | B29: =SUPRAESTRUTURA!B15*1.5 -> 360 | C29: R$ / APE | D29: =DADOS_INICIAIS!E25 -> 1488.24 | E29: m² | F29: =B29 -> 360 | G29: =F29*D29 -> 535766.4
A30: TOTAL | G30: =SUM(G26:G29) -> 535766.4
A33: PAREDE DIAFRAGMA
A35: Descrição | B35: Parâmetro | D35: Quantidade | F35: Preço unitário | G35: Valor total
A36: Fabricação, montagem e desmontagem de forma para blocos e baldrames resinado | B36: 2.1 | C36: m² / APE | D36: =B36*DADOS_INICIAIS!E35 -> 0 | E36: m² | G36: =F36*D36 -> 0
A37: Concreto | B37: 0.65 | C37: m³ / APE | D37: =B37*DADOS_INICIAIS!E35 -> 0 | E37: m³ | G37: =F37*D37 -> 0
A38: Armação | B38: 110 | C38: kg / m³ | D38: =B38*D37 -> 0 | E38: kg | G38: =F38*D38 -> 0
A39: Mão de obra | B39: =SUPRAESTRUTURA!B69*1.5 -> 0 | C39: R$ / APE | D39: =DADOS_INICIAIS!E35 -> 0 | E39: m² | F39: =B39 -> 0 | G39: =F39*D39 -> 0
A40: TOTAL | G40: =SUM(G36:G39) -> 0
A46: TOTAL INFRAESTRUTURA | G46: =G21+G30 -> 535766.4 | H46: =G46/DADOS_INICIAIS!E9 -> 40.749571

Sheet INFRAESTRUTURA
A3: INFRAESTRUTURA
A4: Data | B4: 45727
A5: Arquivo base | B5: -
A7: FUNDAÇÃO PROFUNDA
A9: Descrição | B9: Parâmetro | D9: Quantidade | F9: Preço unitário | G9: Valor total | H9: Observação
A10: Número de Estacas | B10: 0.15 | C10: un / APE | D10: =ROUNDUP(B10*DADOS_INICIAIS!$E$25,0) -> 224 | E10: un
A11: Estaca Hélice Continua Diâmetro 40 | B11: 0 | D11: =ROUNDUP(B11*$D$10,0) -> 0 | E11: un
B12: 28 | C12: m/un | D12: =B12*D11 -> 0 | E12: m | F12: 70 | G12: =F12*D12*1.1 -> 0 | H12: Profundidade de SPT
A13: Estaca Hélice Continua Diâmetro 50 | B13: 0.6 | D13: =ROUNDUP(B13*D10,0) -> 135 | E13: un
B14: 28 | C14: m/un | D14: =B14*D13 -> 3780 | E14: m | F14: 90 | G14: =F14*D14*1.1 -> 374220 | H14: Profundidade de SPT
A15: Estaca Hélice Continua Diâmetro 60 | B15: 0.4 | C15: un / APE | D15: =ROUNDUP(B15*$D$10,0) -> 90 | E15: un
B16: 28 | C16: m/un | D16: =B16*D15 -> 2520 | E16: m | F16: 105 | G16: =F16*D16*1.1 -> 291060 | H16: Profundidade de SPT
A17: Estaca Hélice Continua Diâmetro 80 | B17: 0 | C17: un / APE | D17: =ROUNDUP(B17*$D$10,0) -> 0 | E17: un
B18: 30 | C18: m/un | D18: =B18*D17 -> 0 | E18: m | F18: 120 | G18: =F18*D18*1.1 -> 0
A19: Concreto (40 Mpa) | B19: 1.3 | C19: perda | D19: =(PI()*((0.4^2)/4)*D12+PI()*((0.5^2)/4)*D14+PI()*((0.6^2)/4)*D16) -> 1454.7145 | E19: m³ | F19: =(535+45+(1.67*0.6))*B19 -> 755.3026 | G19: =F19*D19*1.1 -> 1208624.6
A20: Armação | B20: 12 | C20: kg / m³ | D20: =B20*D19 -> 17456.574 | E20: kg | F20: 7.62 | G20: =F20*D20*1.1 -> 146321
A21: Mobilização | B21: 1 | C21: vb | D21: 1 | E21: vb | F21: 12500 | G21: =F21*D21*1.1 -> 13750
A22: Apoio e arrasamento de estacas | D22: =D10 -> 224 | E22: un | F22: 300 | G22: =F22*D22*1 -> 67200
A23: TOTAL | G23: =SUM(G10:G22) -> 2101175.6
A25: FUNDAÇÃO RASA
A27: Descrição | B27: Parâmetro | D27: Quantidade | F27: Preço unitário | G27: Valor total | H27: Observação
A28: Fabricação, montagem e desmontagem de forma para blocos e baldrames resinado | B28: 0.76 | C28: m² / APE | D28: =B28*DADOS_INICIAIS!E25 -> 1131.0624 | E28: m² | F28: 68 | G28: =F28*D28*1.1 -> 84603.468
A29: Concreto (40 Mpa) | B29: 0.23 | C29: m³ / APE | D29: =B29*DADOS_INICIAIS!E25 -> 342.2952 | E29: m³ | F29: =(535+45+(1.67*0.6))*1.05 -> 610.0521 | G29: =F29*D29*1.1 -> 229699.7
A30: Armação | B30: 90 | C30: kg / m³ | D30: =B30*D29 -> 30806.568 | E30: kg | F30: 7.62 | G30: =F30*D30*1.1 -> 258220.65
A31: Laje de subpressão | B31: 1 | C31: m² / APE | D31: =B31*DADOS_INICIAIS!E25 -> 1488.24 | E31: m² | F31: =D39+D40+D41 -> 172.44521 | G31: =F31*D31*1.1 -> 282303.85
A32: Mão de obra | B32: =SUPRAESTRUTURA!B15*1.5 -> 360 | C32: R$ / APE | D32: =DADOS_INICIAIS!E25 -> 1488.24 | E32: m² | F32: =B32 -> 360 | G32: =F32*D32*1.1 -> 589343.04
A33: TOTAL | G33: =SUM(G28:G32) -> 1444170.7
A36: TOTAL INFRAESTRUTURA | G36: =G23+G33 -> 3545346.3 | H36: =G36/DADOS_INICIAIS!E9 -> 269.65361
H38: =H36/1.1 -> 245.13964
B39: concreto | C39: =0.1 -> 0.1 | D39: =C39*F29 -> 61.00521
B40: aço | C40: =C39*120 -> 12 | D40: =C40*F30 -> 91.44
B41: mo | C41: 1 | D41: =C41*20 -> 20

Sheet CONTENÇÃO
A3: INFRAESTRUTURA
A4: Data | B4: 45719
A5: Arquivo base | B5: -
A7: CORTINA DE ESTACAS
A9: Descrição | B9: Parâmetro | D9: Quantidade | F9: Preço unitário | G9: Valor total | H9: Observação
A10: Número de Estacas | B10: 2 | C10: un / Compr muro | D10: =ROUND(B10*D31,0) -> 316 | E10: un | H10: Base obra Trindade Parkside
A11: Estaca Hélice Continua Diâmetro 40 | B11: 0 | D11: =ROUNDUP(B11*$D$10,0) -> 0 | E11: un
B12: 28 | C12: m/un | D12: =B12*D11 -> 0 | E12: m | F12: 70 | G12: =F12*D12*1.1 -> 0
A13: Estaca Hélice Continua Diâmetro 50 | B13: 1 | D13: =ROUNDUP(B13*D10,0) -> 316 | E13: un
B14: =D32 -> 9 | C14: m/un | D14: =B14*D13 -> 2844 | E14: m | F14: 90 | G14: =F14*D14*1.1 -> 281556
A15: Estaca Hélice Continua Diâmetro 60 | B15: 0 | C15: un / APE | D15: =ROUNDUP(B15*$D$10,0) -> 0 | E15: un
B16: 28 | C16: m/un | D16: =B16*D15 -> 0 | E16: m | F16: 105 | G16: =F16*D16*1.1 -> 0
A17: Estaca Hélice Continua Diâmetro 80 | B17: 0 | C17: un / APE | D17: =ROUNDUP(B17*$D$10,0) -> 0 | E17: un
B18: 30 | C18: m/un | D18: =B18*D17 -> 0 | E18: m | F18: 120 | G18: =F18*D18*1.1 -> 0
A19: Concreto (30 Mpa) COM CRISTALIZANTE | B19: 1.3 | C19: perda | D19: =(PI()*((0.4^2)/4)*D12+PI()*((0.5^2)/4)*D14+PI()*((0.6^2)/4)*D16) -> 558.41809 | E19: m³ | F19: =(535*1.22+45+(1.67*0.6))*1.05 -> 733.6371 | G19: =F19*D19*B19*1.1 -> 585837.01
A20: Armação | B20: 12 | C20: kg / m³ | D20: =B20*D19 -> 6701.0171 | E20: kg | F20: 7.62 | G20: =F20*D20*1.1 -> 56167.926
A21: Mobilização | B21: 1 | C21: vb | D21: 1 | E21: vb | F21: 12500 | G21: =F21*D21*1.1 -> 13750
A22: Tirantes | B22: 3081.63 | C22: R$ / m | D22: =D31 -> 157.96 | E22: m | F22: =B22 -> 3081.63
A23: Apoio e arrasamento de estacas | D23: =D10 -> 316 | E23: un | F23: 300 | G23: =F23*D23*1 -> 94800
A24: Viga de coroamento | D24: =D31 -> 157.96 | E24: m² | F24: 384.56 | G24: =F24*D24*1 -> 60745.098
A25: Parede de fechamento | D25: =D31*D32 -> 1421.64 | E25: m² | F25: =J29/D25 -> 264.96 | G25: =F25*D25*1 -> 376677.73 | I25: =D25 -> 1421.64 | J25: =I25*[4]Infraestrutura!$F$49 -> 71082
A26: TOTAL | G26: =SUM(G10:G25) -> 1469533.8 | I26: =D25*0.1 -> 142.164 | J26: =[4]Infraestrutura!$F$50*I26 -> 83876.76
I27: =[4]Infraestrutura!$F$51*I26 -> 11373.12 | J27: =I27*F20 -> 86663.174
A28: PAREDE DE CONCRETO | I28: =I26 -> 142.164 | J28: =[4]Infraestrutura!$F$52*I28 -> 135055.8
J29: =J25+J26+J27+J28 -> 376677.73
A30: Descrição | B30: Parâmetro | D30: Quantidade | F30: Preço unitário | G30: Valor total | H30: Observação
A31: Comprimento do muro | D31: =DADOS_INICIAIS!E26 -> 157.96 | E31: m | H31: =D31*D32 -> 1421.64
A32: Altura do muro | D32: =6+3 -> 9 | E32: m
A33: Execução de mureta guia | D33: =D31 -> 157.96 | E33: m | F33: 710 | G33: =F33*D33*1.1 -> 123366.76
A34: Serviço especializado parede diafragma | D34: =D31*D32 -> 1421.64 | E34: m² | F34: 270 | G34: =F34*D34 -> 383842.8
A35: Mobilização para parede diagragma | D35: 1 | E35: vb | F35: 18000 | G35: =F35 -> 18000
A36: Armação | B36: 112 | C36: kg / m³ | D36: =B36*D37 -> 47767.104 | E36: kg | F36: 7.62 | G36: =F36*D36 -> 363985.33
A37: Concreto (30 Mpa) COM CRISTALIZANTE | B37: 0.3 | C37: espessura | D37: =B37*D32*D31 -> 426.492 | E37: m³ | F37: =(535*1.22+45+(1.67*0.6))*1.05 -> 733.6371 | G37: =F37*D37*1.05 -> 328534.87
A38: Tratamento em juntas de concretagem com fita hidroexpansiva | D38: =ROUNDUP(D31/1.25,0)*6 -> 762 | E38: m | F38: 41.5 | G38: =F38*D38*1.1 -> 34785.3
A39: TOTAL | G39: =SUM(G31:G38) -> 1252515.1
A42: TOTAL CONTENÇÃO | G42: =G39 -> 1252515.1 | H42: =G42/DADOS_INICIAIS!E9 -> 95.264377
H44: =H42/1.1 -> 86.603979

Sheet SUPRAESTRUTURA
A3: SUPRAESTRUTURA
A4: Data | B4: 45472
A5: Arquivo base | B5: -
A7: SUPRAESTRUTURA - LAJE MACIÇA
A9: Descrição | B9: Parâmetro | D9: Quantidade | F9: Preço unitário | G9: Valor total | H9: Observação
A10: Fabricação forma | B10: 3 | C10: Jogos | D10: =(D11/DADOS_INICIAIS!$E$15)*B10 -> 7585.2577 | E10: m² | F10: 110 | G10: =F10*D10*1.1 -> 917816.18
A11: Montagem de forma | B11: 2.5 | C11: m² / AC | D11: =B11*DADOS_INICIAIS!$E$9 -> 32869.45 | E11: m² | F11: 2.5 | G11: =F11*D11*1.1 -> 90390.988
A12: Escoramento | B12: 4 | C12: un / AE | D12: =ROUNDUP(B12*DADOS_INICIAIS!$E$25*B10,0) -> 17859 | E12: un | F12: =17 -> 17 | G12: =F12*D12*1.1 -> 333963.3
A13: Concreto | B13: 0.22 | C13: m³ / AC | D13: =B13*DADOS_INICIAIS!$E$9 -> 2892.5116 | E13: m³ | F13: =(535+45+(1.67*0.6))*1.05 -> 610.0521 | G13: =F13*D13*1.05*1.1 -> 2038093.1
A14: Armadura Convencional para Estrutura | B14: 110 | C14: kg / m³ | D14: =D13*B14 -> 318176.28 | E14: kg | F14: 7.62 | G14: =F14*D14*1.1 -> 2666953.5
A15: Mão de obra - estrutura em concreto armado | B15: 240 | C15: R$ / AC | D15: =DADOS_INICIAIS!$E$9 -> 13147.78 | E15: m² | F15: =B15 -> 240 | G15: =F15*D15*1.1 -> 3471013.9
A16: Perfuração de vigas | B16: 5300 | C16: R$ / NP | D16: 1 | E16: vb | F16: =B16*DADOS_INICIAIS!$E$15 -> 68900 | G16: =F16*D16*1.1 -> 75790 | H16: Coeficiente originário do Gran Torino (R$ 160,00/un) | I16: Nova utiliza a verba de 1.500,00 por pav
A17: TOTAL | G17: =SUM(G10:G16) -> 9594021 | K17: =4160+1440+1120+2880+4800+91680+4000 -> 110080 | L17: =K17/21 -> 5241.9048
A19: SUPRAESTRUTURA - LAJE CUBETAS
A21: Descrição | B21: Parâmetro | D21: Quantidade | F21: Preço unitário | G21: Valor total | H21: Observação
A22: Fabricação forma | B22: 2 | C22: Jogos | D22: =(D23/DADOS_INICIAIS!$E$15)*B22 -> 5056.8385 | E22: m² | F22: 110 | G22: =F22*D22*1.1 -> 611877.45
A23: Montagem de forma | B23: 2.5 | C23: m² / AC | D23: =B23*DADOS_INICIAIS!$E$9 -> 32869.45 | E23: m² | F23: 2.5 | G23: =F23*D23*1.1 -> 90390.988
A24: Escoramento | B24: =2.5 -> 2.5 | C24: um/m² | D24: =ROUNDUP(B24*888.65*B22,0) -> 4444 | E24: un | F24: =4*5 -> 20 | G24: =F24*D24*1.1 -> 97768
A25: Cubetas | D25: =14-2 -> 12 | E25: mês | F25: =H25*0.45*30 -> 25609.5 | G25: =F25*D25*1.1 -> 338045.4 | H25: =ROUNDUP(DADOS_INICIAIS!E19*B22,0) -> 1897
A26: Concreto | B26: 0.25 | C26: m³ / AC | D26: =B26*DADOS_INICIAIS!$E$9 -> 3286.945 | E26: m³ | F26: =(535+45+(1.67*0.6))*1.05 -> 610.0521 | G26: =F26*D26*1.1 -> 2205728.5
A27: Armadura Convencional para Estrutura | B27: 90 | C27: kg / m³ | D27: =D26*B27 -> 295825.05 | E27: kg | F27: 7.62 | G27: =F27*D27*1.1 -> 2479605.6
A28: Mão de obra - estrutura em concreto armado | B28: 240 | C28: R$ / AC | D28: =DADOS_INICIAIS!$E$9 -> 13147.78 | E28: m² | F28: =B28 -> 240 | G28: =F28*D28*1.1 -> 3471013.9
A29: Perfuração de vigas | B29: =5300*0.8 -> 4240 | C29: R$ / NP | D29: 1 | E29: vb | F29: =B29*DADOS_INICIAIS!$E$15 -> 55120 | G29: =F29*D29*1.1 -> 60632 | H29: Coeficiente originário do Gran Torino (R$ 160,00/un)
A30: TOTAL | G30: =SUM(G22:G29) -> 9355061.8
A32: SUPRAESTRUTURA - LAJE TRELIÇADA
A34: Descrição | B34: Parâmetro | D34: Quantidade | F34: Preço unitário | G34: Valor total | H34: Observação
A35: Fabricação forma | B35: 2 | C35: Jogos | D35: =(D36/DADOS_INICIAIS!$E$15)*B35 -> 0 | E35: m² | F35: 85 | G35: =F35*D35*1.1 -> 0
A36: Montagem de forma | B36: 2.1 | C36: m² / AC | D36: =B36*DADOS_INICIAIS!E38 -> 0 | E36: m² | F36: 1.5 | G36: =F36*D36*1.1 -> 0
A37: Escoramento - Torre | B37: 2 | C37: un / APT*NPT | D37: =B37*DADOS_INICIAIS!E47*DADOS_INICIAIS!E44 -> 0 | E37: un | F37: 17 | G37: =F37*D37*1.1 -> 0
A38: Escoramento - Embasamento | B38: 2 | C38: un / AE | D38: =B38*DADOS_INICIAIS!E50 -> 0 | E38: un | F38: 17 | G38: =F38*D38*1.1 -> 0
A39: Cubetas | B39: 25 | C39: R$ / AC | D39: =B39*DADOS_INICIAIS!E38 -> 0 | E39: m³ | F39: =B39 -> 25 | G39: =F39*D39*1.1 -> 0
A40: Concreto | B40: 0.25 | C40: m³ / AC | D40: =B40*DADOS_INICIAIS!E38 -> 0 | E40: m³ | F40: =575 -> 575 | G40: =F40*D40*1.05*1.1 -> 0
A41: Armadura Convencional para Estrutura | B41: 110 | C41: kg / m³ | D41: =D40*B41 -> 0 | E41: kg | F41: 7.25 | G41: =F41*D41*1.1 -> 0
A42: Mão de obra - estrutura em concreto armado | B42: 240 | C42: R$ / AC | D42: =DADOS_INICIAIS!E38 -> 0 | E42: m² | F42: =B42 -> 240 | G42: =F42*D42*1.1 -> 0
A43: Perfuração de vigas | B43: 5300 | C43: R$ / NP | D43: 1 | E43: vb | F43: =B43*DADOS_INICIAIS!E43 -> 0 | G43: =F43*D43*1.1 -> 0 | H43: Coeficiente originário do Gran Torino (R$ 160,00/un)
A44: TOTAL | G44: =SUM(G35:G43) -> 0
A46: SUPRAESTRUTURA - LAJE PROTENDIDA
A48: Descrição | B48: Parâmetro | D48: Quantidade | F48: Preço unitário | G48: Valor total | H48: Observação
A49: Fabricação forma | B49: 3 | C49: Jogos | D49: =(D50/DADOS_INICIAIS!$E$15)*B49 -> 6371.6165 | E49: m² | F49: 110 | G49: =F49*D49*1.1 -> 770965.59
A50: Montagem de forma | B50: 2.1 | C50: m² / AC | D50: =B50*DADOS_INICIAIS!$E$9 -> 27610.338 | E50: m² | F50: 2.5 | G50: =F50*D50*1.1 -> 75928.43
A51: Escoramento | B51: 3 | C51: un / AE | D51: =ROUNDUP(B51*DADOS_INICIAIS!$E$25*B49,0) -> 13395 | E51: un | F51: 17 | G51: =F51*D51*1.1 -> 250486.5
A52: Protensão - lajes - materiais | B52: 12.3 | C52: RS / m² | D52: =(DADOS_INICIAIS!$E$16+DADOS_INICIAIS!$E$17)*DADOS_INICIAIS!$E$19+DADOS_INICIAIS!$E$22 -> 9757.92 | E52: m² | F52: =B52 -> 12.3 | G52: =F52*D52*1.1 -> 132024.66
A53: Protensão - lajes - cabos | B53: 2.83 | C53: kg / m² | D53: =B53*D52 -> 27614.914 | E53: kg | F53: 12.3 | G53: =F53*D53*1.1 -> 373629.78
A54: Protensão - lajes - serviços | B54: 9000 | C54: und / pav | D54: =DADOS_INICIAIS!E15 -> 13 | E54: pav | F54: =B54 -> 9000 | G54: =F54*D54*1.1 -> 128700
A55: Concreto | B55: 0.25 | C55: m³ / AC | D55: =B55*DADOS_INICIAIS!$E$9 -> 3286.945 | E55: m³ | F55: =535+45 -> 580 | G55: =F55*D55*1.05*1.1 -> 2201924.5
A56: Armadura Convencional para Estrutura | B56: 90 | C56: kg / m³ | D56: =D55*B56 -> 295825.05 | E56: kg | F56: 7.62 | G56: =F56*D56*1.1 -> 2479605.6
A57: Mão de obra - estrutura em concreto armado | B57: 240 | C57: R$ / AC | D57: =DADOS_INICIAIS!$E$9 -> 13147.78 | E57: m² | F57: =B57 -> 240 | G57: =F57*D57*1.1 -> 3471013.9
A58: Perfuração de vigas | B58: 5300 | C58: R$ / NP | D58: 1 | E58: vb | F58: =B58*DADOS_INICIAIS!$E$15 -> 68900 | G58: =F58*D58*1.1 -> 75790 | H58: Coeficiente originário do Gran Torino (R$ 160,00/un)
A59: TOTAL | G59: =SUM(G49:G58) -> 9960068.9
A62: TOTAL SUPRAESTRUTURA | G62: =G30 -> 9355061.8 | H62: =G62/DADOS_INICIAIS!E9 -> 711.53167
H64: =H62/1.1 -> 646.84697
B65: =4*3 -> 12

Sheet ALVENARIA
A3: PAREDES E PAINÉIS
A4: Data | B4: 45469
A5: Arquivo base | B5: -
A7: ALVENARIA
A9: Descrição | B9: Parâmetro | D9: Quantidade | F9: Preço unitário | G9: Valor total | H9: Observação
A10: Alvenaria | B10: 0.5 | C10: m² / AE | D10: =SUM(Orçamento!D62:D70) -> 19140.3 | E10: m² | F10: 45 | G10: =F10*D10*1.1 -> 947444.85 | I10: =(D10+#REF!+#REF!+#REF!+#REF!)/DADOS_INICIAIS!E9 -> #REF!
A11: Placa EPS | D11: =Orçamento!D67 -> 4791.64 | E11: m² | F11: 26.46 | G11: =F11*D11*1.1 -> 139465.47 | I11: =(D11+#REF!+#REF!+#REF!+#REF!)/DADOS_INICIAIS!E10 -> #REF!
A12: Alvenaria refratárias | B12: 1.75 | C12: m² * CHU | D12: =B12*DADOS_INICIAIS!$E$14 -> 150.5 | E12: m² | F12: 310 | G12: =F12*D12*1.1 -> 51320.5
A13: Serviços complementares | B13: 12.5 | C13: R$ / m² | D13: =D10 -> 19140.3 | E13: m² | F13: 6.5 | G13: =F13*D13*1.1 -> 136853.15
A14: Mão de obra | B14: 35 | C14: R$ / m² | D14: =D10 -> 19140.3 | E14: m² | F14: 35 | G14: =F14*D14*1.1 -> 736901.55
A15: TOTAL | G15: =SUM(G10:G14) -> 2011985.5 | K15: =4160+1440+1120+2880+4800+91680+4000 -> 110080 | L15: =K15/21 -> 5241.9048
A17: ALVENARIA - DRYWALL | G17: =G14/D14 -> 38.5
A19: Descrição | B19: Parâmetro | D19: Quantidade | F19: Preço unitário | G19: Valor total | H19: Observação
A20: Alvenaria embasamento | B20: 1 | C20: m² / AE | D20: =B20*DADOS_INICIAIS!$E$22 -> 2171.44 | E20: m² | F20: 45 | G20: =F20*D20*1.1 -> 107486.28
A21: Alvenaria lazer | B21: 0.4 | C21: m² / AL | D21: =B21*DADOS_INICIAIS!$E$21 -> 283.772 | E21: m² | F21: 45 | G21: =F21*D21*1.1 -> 14046.714
A22: Alvenaria tipo | B22: 1.65 | C22: m² / APT*(NPT+2ND) | D22: =B22*(DADOS_INICIAIS!$E$19*(DADOS_INICIAIS!$E$16+DADOS_INICIAIS!$E$17))*0.4 -> 5007.0768 | E22: m² | F22: 45 | G22: =F22*D22*1.1 -> 247850.3
A23: Drywall tipo | B23: 1.65 | C23: m² / APT*(NPT+2ND) | D23: =B23*(DADOS_INICIAIS!$E$19*(DADOS_INICIAIS!$E$16+DADOS_INICIAIS!$E$17))*0.6 -> 7510.6152 | E23: m² | F23: 220 | G23: =F23*D23*1.1 -> 1817568.9 | J23: =D23/(D27+D23) -> 0.40905022
A24: Alvenaria escadas | B24: 0.2 | C24: m² / AC | D24: =B24*DADOS_INICIAIS!$E$9 -> 2629.556 | E24: m² | F24: 70 | G24: =F24*D24*1.1 -> 202475.81 | J24: =1-J23 -> 0.59094978
A25: Alvenaria cobertura / reservatório | B25: 0.8 | C25: m² / APT | D25: =B25*DADOS_INICIAIS!$E$19 -> 758.648 | E25: m³ | F25: 45 | G25: =F25*D25*1.1 -> 37553.076
A26: Alvenaria refratárias | B26: 1.75 | C26: m² * CHU | D26: ='SISTEMAS ESPECIAIS'!B10 -> 86 | E26: un | F26: 210 | G26: =F26*D26*1.1 -> 19866
A27: Serviços complementares | B27: 12.5 | C27: R$ / m² | D27: =D21+D22+D20+D24+D25 -> 10850.493 | E27: m² | F27: =B27 -> 12.5 | G27: =F27*D27*1.1 -> 149194.28
A28: Mão de obra | B28: 35 | C28: R$ / m² | D28: =D21+D22+D20+D24+D25 -> 10850.493 | E28: m² | F28: 35 | G28: =F28*D28*1.1 -> 417743.97
A29: TOTAL | G29: =SUM(G20:G28) -> 3013785.3
A32: TOTAL ALVENARIA | G32: =G15 -> 2011985.5 | H32: =G32/DADOS_INICIAIS!E9 -> 153.02854
C35: =24000/(568+874+1996+1144) -> 5.2378874 | G35: =G32/1.1 -> 1829077.7 | H35: =G35/DADOS_INICIAIS!E9 -> 139.11685

Sheet Orçamento
A1: DADOS
A2: Titulo | B2: QUANTITATIVO
A3: Obra
A4: Cliente
A5: Cidade
A6: Endereço
A7: Descrição
A9: QUANTITATIVOS
A10: Item | B10: Descrição | C10: Unid. | D10: Quantidade
A12: 1. | B12: GERAL CORRIMAO
A13: 1.1. | B13: Corrimão
A14: 1.1.1 | B14: Railing:Guarda-corpo cobertura | C14: m | D14: 128.68
A15: 1.1.2 | B15: Railing:Guarda-corpo Sacadas | C15: m | D15: 246.61
A16: 2. | B16: GERAL ESCADAS
A17: 2.1. | B17: Escada
A18: 2.1.1 | B18: Assembled Stair:Cascata | C18: m²
A19: 2.1.2 | B19: Cast-In-Place Stair:Escada Concreto | C19: m²
A20: 3. | B20: GERAL FORRO
A21: 3.1. | B21: Revestimento
A22: 3.1.1 | B22: Compound Ceiling:FO_Madeira | C22: m² | D22: 369.9
A23: 4. | B23: GERAL JANELAS
A24: 4.1. | B24: Janela | C24: m2 | D24: 1125.2525
A25: 4.1.1 | B25: JFSZ-Windos-M3-Domus-BR-G3:JFSZ-Windos-M3-Domus-BR-G3 | C25: un | D25: 5
A26: 4.1.2 | B26: JFSZ-Windows-M3-AberturaChurrasqueira:Acabamento em granito para churrasqueira (60x50) | C26: un | D26: 16
A27: 4.1.3 | B27: JFSZ-Windows-M3-AberturaChurrasqueira:Acabamento em granito para churrasqueira (60x60) | C27: un | D27: 64
A28: 4.1.4 | B28: JFSZ-Windows-M3-AberturaChurrasqueira:Acabamento em granito para churrasqueira (80x60) | C28: un | D28: 4
A29: 4.1.5 | B29: JFSZ-Windows-M3-JanelaCorrerR04-BR-G3:180 | C29: un | D29: 16
A30: 4.1.6 | B30: JFSZ-Windows-M3-JanelaCorrerR04-BR-G3:200x200 | C30: un | D30: 24
A31: 4.1.7 | B31: JFSZ-Windows-M3-JanelaCorrerR04-BR-G3:240x200 | C31: un | D31: 104
A32: 4.1.8 | B32: JFSZ-Windows-M3-JanelaCorrerR04-BR-G3:240xx 2 | C32: un | D32: 32
A33: 4.1.9 | B33: JFSZ-Windows-M3-JanelaCorrerR04-BR-G3:280 | C33: un | D33: 16
A34: 4.1.10 | B34: JFSZ-Windows-M3-JanelaCorrerR04-BR-G3:Janela de correr 2 folhas (120x120) | C34: un | D34: 48
A35: 4.1.11 | B35: JFSZ-Windows-M3-VisitaTecnica-BR-G3:Visita Técnica (60x60) | C35: un | D35: 2
... A47: 4.1.23 | B47: Vertical_Brise_de_Soleil_Sun_Screen_4523:M_Brise_Soleil | C47: un | D47: 2
A48: 5. | B48: GERAL LANCE ESCADAS
A49: 5.1. | B49: Lance de escada
A50: 5.1.1 | B50: Monolithic Run:Moldado in loco - 150mm | C50: m² | D50: 81.69
A51: 5.1.2 | B51: Non-Monolithic Run:Piso de 50 mm com espelho degrau de 13 mm | C51: m² | D51: 27.17
A52: 6. | B52: GERAL MEMBRO
A53: 6.1. | B53: Membro
A54: 6.1.1 | B54: Montante retangular:2x2cm | C54: m² | D54: 150.28
A55: 6.1.2 | B55: Montante retangular:2x2cm Madeira | C55: m² | D55: 212.31
A56: 6.1.3 | B56: Montante retangular:5x10cm | C56: m² | D56: 0.91
A57: 6.1.4 | B57: Rectangular Mullion:Montante de alumínio 12x4 com pintura eletrostática preta | C57: m² | D57: 50.51
A58: 6.1.5 | B58: Rectangular Mullion:Montante de alumínio 12x4 com pintura eletrostática preta 2 | C58: m² | D58: 3.75
A59: 6.1.6 | B59: Rectangular Mullion:Montante de alumínio 12x5MM com pintura eletrostática preta 3 | C59: m² | D59: 0.05
A60: 7. | B60: GERAL PAREDE
A61: 7.1. | B61: Parede padrão
A62: 7.1.1 | B62: Basic Wall:ALVEX10 - Alvenaria cerâmica 10,5cm (osso+B9+2,5) | C62: m² | D62: 92.47
A63: 7.1.2 | B63: Basic Wall:ALVEX13.5 - Alvenaria cerâmica 13cm (1,5+B9+2.5) | C63: m² | D63: 758.56
A64: 7.1.3 | B64: Basic Wall:ALVEX18.5 - Alvenaria cerâmica 18cm (1,5+B14+2.5) | C64: m² | D64: 2706.92
A65: 7.1.4 | B65: Basic Wall:ALVEX18.5 - Alvenaria cerâmica 18cm (2,5+B14+2.5) | C65: m² | D65: 141.3
A66: 7.1.5 | B66: Basic Wall:ALVEXEX19.5 - Alvenaria cerâmica 18cm (2,5+B14+2.5) | C66: m² | D66: 6.45
A67: 7.1.6 | B67: Basic Wall:ALVIN10 - Alvenaria cerâmica 10,5cm (osso+B9+1,5) | C67: m² | D67: 4791.64
A68: 7.1.7 | B68: Basic Wall:ALVIN12 - Alvenaria cerâmica 12cm (1,5+B9+1,5) | C68: m² | D68: 7440.22
A69: 7.1.8 | B69: Basic Wall:ALVIN17 - Alvenaria cerâmica 17cm (1,5+B14+1,5) | C69: m² | D69: 3183
A70: 7.1.9 | B70: Basic Wall:ALVIN25 - Alvenaria cerâmica 25cm (1,5+B9+4+B9+1,5) | C70: m² | D70: 19.74 | E70: 24596
A71: 7.1.10 | B71: Basic Wall:CC_Con-CerPisc_esp15cm | C71: m² | D71: 34.32
A72: 7.1.11 | B72: Basic Wall:CON20 - Parede de concreto 10 | C72: m² | D72: 10.5
A73: 7.1.12 | B73: Basic Wall:CON20 - Parede de concreto 20cm | C73: m² | D73: 257.71
A74: 7.1.13 | B74: Basic Wall:CON30 - Parede de concreto 30cm | C74: m² | D74: 922.32
A75: 7.1.14 | B75: Basic Wall:PAREDE - DIVISÓRIA BWC GRANITO | C75: m² | D75: 12.44
A76: 7.1.15 | B76: Basic Wall:REBEX - Reboco externo 25mm | C76: m² | D76: 83.16
A77: 7.1.16 | B77: Basic Wall:REBEXT - Reboco externo 2,5cm | C77: m² | D77: 108.31
A78: 7.1.17 | B78: Basic Wall:REVIN3030 - Rev. cerâmico 30x30 banheiros | C78: m² | D78: 18.31
A79: 7.1.18 | B79: Basic Wall:REVIN3060 - Rev. cerâmico 30x60 banheiros privativos | C79: m² | D79: 3673.15
A80: 8. | B80: GERAL PAREDE CORTINA
A81: 8.1. | B81: Parede de cortina
A82: 8.1.1 | B82: Curtain Wall:BRISE | C82: m²
A83: 8.1.2 | B83: Curtain Wall:Curtain Wall | C83: m²
A84: 8.1.3 | B84: Curtain Wall:Esquadria de alumínio com vidro temperado 8mm | C84: m²
A85: 8.1.4 | B85: Curtain Wall:Esquadria de alumínio com vidro temperado 8mm SEM GRIDS | C85: m²
A86: 8.1.5 | B86: Curtain Wall:Fechamento Aquecedores | C86: m²
A87: 8.1.6 | B87: Curtain Wall:Janela 1 folha sem horizontal 2 | C87: m²
A88: 8.1.7 | B88: Curtain Wall:PA_Vidro_Sem montantes | C88: m²
A89: 9. | B89: GERAL PISOS
A90: 9.1. | B90: Laje
A91: 9.1.1 | B91: Floor:CP08 - Contrapiso de concreto 8CM | C91: m² | D91: 302.51
A92: 9.1.2 | B92: Floor:CP08 - Contrapiso nivelado 8cm | C92: m² | D92: 7542.92
A93: 9.1.3 | B93: Floor:CP10 - Contrapiso nivelado 10cm | C93: m² | D93: 1336.28
A94: 9.1.4 | B94: Floor:CP14 - Impermeabilização e contrapiso nivelado 14cm | C94: m² | D94: 694.42
A95: 9.1.5 | B95: Floor:Duto 110 | C95: m² | D95: 26.64
A96: 9.1.6 | B96: Floor:Forração de argila expandida | C96: m² | D96: 23.85
A97: 9.1.7 | B97: Floor:Grade soldada industrial de aço galvanizado | C97: m² | D97: 87.8
A98: 9.1.8 | B98: Floor:Laje de concreto maciça 10cm | C98: m² | D98: 134.26
A99: 9.1.9 | B99: Floor:Laje de concreto maciça 15cm | C99: m² | D99: 60.47
A100: 9.1.10 | B100: Floor:Laje de concreto maciça 20cm | C100: m² | D100: 3133.37
A101: 9.1.11 | B101: Floor:Laje de concreto nervurada | C101: m² | D101: 3433.27
A102: 9.1.12 | B102: Floor:Laje de concreto nervurada COBERTURA | C102: m² | D102: 8693.87
... A114: 9.1.24 | B114: Monolithic Landing:Moldado in loco - 150mm | C114: m² | D114: 40.58
A115: 10. | B115: GERAL PLACAS
A116: 10.1. | B116: Placa
A117: 10.1.1 | B117: Painel do sistema:Envidraçado | C117: m² | D117: 18.15
A118: 10.1.2 | B118: System Panel:Vidro temperado 8mm | C118: m² | D118: 236.54
A119: 11. | B119: GERAL PORTAS
A120: 11.1. | B120: Porta | D120: =914.6202+63.686+7.2164 -> 985.5226
A121: 11.1.1 | B121: JFSZ-CurtainWallDoors-M3-PortaoServicos-BR-G3:JFSZ-CurtainWallDoors-M3-PortaoServicos-BR-G3 | C121: un | D121: 2
A122: 11.1.2 | B122: JFSZ-DoorsCurtainWall-M3-FolhaCorrer-BR-G3:Folha de vidro temperado 10mm de correr | C122: un | D122: 5
A123: 11.1.3 | B123: JFSZ-DoorsCurtainWall-M3-PortaVidroPivotante1Folha-BR-G3:Porta Pivotante de Vidro temperado | C123: un | D123: 9
A124: 11.1.4 | B124: JFSZ-Doors-M3-PortaCorrerR03-BR-G3:70x210 | C124: un | D124: 1
...

Sheet INSTALAÇÕES
A2: INSTALAÇÕES
A4: INSTALAÇÕES ELÉTRICAS
A6: Descrição | B6: Parâmetro | D6: Valor total
A7: Entrada de Energia | B7: 5.5 | C7: R$ / AC | D7: =B7*DADOS_INICIAIS!$E$9*1.1 -> 79544.069
A8: Eletrodutos e Eletrocalhas | B8: 10 | C8: R$ / AC | D8: =B8*DADOS_INICIAIS!$E$9*1.1 -> 144625.58
A9: Cabos e Fiações | B9: 30 | C9: R$ / AC | D9: =B9*DADOS_INICIAIS!$E$9*1.1 -> 433876.74
A10: Quadros e Disjuntores | B10: 18 | C10: R$ / AC | D10: =B10*DADOS_INICIAIS!$E$9*1.1 -> 260326.04
A11: Acabamentos Elétricos | B11: 15 | C11: R$ / AC | D11: =B11*DADOS_INICIAIS!$E$9*1.1 -> 216938.37
A12: Equipamentos e Iluminação | B12: 15 | C12: R$ / AC | D12: =B12*DADOS_INICIAIS!$E$9*1.1 -> 216938.37
A13: Mão de Obra para Instalações Elétricas | B13: 60 | C13: R$ / AC | D13: =B13*DADOS_INICIAIS!$E$9*1.1 -> 867753.48 | E13: =D13/DADOS_INICIAIS!$E$9 -> 66
A14: TOTAL | D14: =SUM(D7:D13) -> 2220002.7
A16: INSTALAÇÕES HIDROSSANITÁRIAS
A18: Descrição | B18: Parâmetro | D18: Valor total
A19: Instalações de Água Fria | B19: 25 | C19: R$ / AC | D19: =B19*DADOS_INICIAIS!$E$9*1.1 -> 361563.95
A20: Instalações de Água Quente | B20: 20 | C20: R$ / AC | D20: =B20*DADOS_INICIAIS!$E$9*1.1 -> 289251.16
A21: Instalações de Águas Pluviais | B21: 10 | C21: R$ / AC | D21: =B21*DADOS_INICIAIS!$E$9*1.1 -> 144625.58
A22: Instalações Sanitárias | B22: 15 | C22: R$ / AC | D22: =B22*DADOS_INICIAIS!$E$9*1.1 -> 216938.37
A23: Louças e Metais | B23: 50 | C23: R$ / AC | D23: =B23*DADOS_INICIAIS!$E$9*1.1 -> 723127.9
A24: Mão de Obra para Instalações Hidráulicas | B24: 55 | C24: R$ / AC | D24: =B24*DADOS_INICIAIS!$E$9*1.1 -> 795440.69 | E24: =D24/DADOS_INICIAIS!$E$9 -> 60.5
A25: TOTAL | D25: =SUM(D19:D24) -> 2530947.7
A27: INSTALAÇÕES PREVENTIVAS E GLP
A29: Descrição | B29: Parâmetro | D29: Valor total
A30: Instalações Preventivas | B30: 20 | C30: R$ / AC | D30: =B30*DADOS_INICIAIS!$E$9*1.1 -> 289251.16
A31: Instalações de GLP | B31: 15 | C31: R$ / AC | D31: =B31*DADOS_INICIAIS!$E$9*1.1 -> 216938.37
A32: Instalações de Proteção e Aterramento - SPDA | B32: 8 | C32: R$ / AC | D32: =B32*DADOS_INICIAIS!$E$9*1.1 -> 115700.46
A33: TOTAL | D33: =SUM(D30:D32) -> 621889.99
A35: TOTAL INSTALAÇÕES | D35: =D14+D25+D33 -> 5372840.3 | E35: =D35/DADOS_INICIAIS!E9 -> 408.65
E37: =E35/1.1 -> 371.5

Sheet SISTEMAS ESPECIAIS
A2: SISTEMAS ESPECIAIS
A4: CLIMATIZAÇÃO, EXAUSTÃO MECÂNICA E PRESSURIZAÇÃO
A6: Descrição | B6: Quantidade | C6: Preço Unitário | D6: Valor total | G6: TERREO | H6: INTERMED | I6: TIPO | J6: COBERTURA
A7: Infraestrutura para Instalação de Ar Condicionado | B7: =G7+H7+I7*8+J7 -> 291 | C7: 1200 | D7: =B7*C7*1.1 -> 384120 | G7: =4+1 -> 5 | H7: =4+8 -> 12 | I7: =3+3+3+3+4+3*3+3+4 -> 32 | J7: =(4+5)*2 -> 18
A8: Instalação de Ar Condicionado | B8: =G8+H8+I8*8+J8 -> 8 | C8: 5000 | D8: =B8*C8*1.1 -> 44000 | G8: 0 | H8: =8 -> 8 | I8: 0
A9: Ventokit | B9: =G9+H9+I9*8+J9 -> 217 | C9: 900 | D9: =B9*C9*1.1 -> 214830 | G9: =5 -> 5 | H9: =4 -> 4 | I9: =13+13 -> 26
A10: Churrasqueiras | B10: =G10+H10+I10*8+J10 -> 86 | C10: 280 | D10: =B10*C10*1.1+10*300 -> 29488 | G10: 0 | H10: =2 -> 2 | I10: =10 -> 10 | J10: 4
A11: TOTAL | D11: =SUM(D7:D10) -> 672438
A13: COMUNICAÇÃO
A15: Descrição | B15: Parâmetro | D15: Valor total
A16: CFTV | B16: 2 | C16: R$ / AC | D16: =B16*DADOS_INICIAIS!$E$9*1.1+2500 -> 31425.116
A17: Interfone | B17: 5 | C17: R$ / AC | D17: =B17*DADOS_INICIAIS!$E$9*1.1 -> 72312.79
A18: TV e internet | B18: 3 | C18: R$ / AC | D18: =B18*DADOS_INICIAIS!$E$9*1.1 -> 43387.674
A19: Automação, telecomunicação e sistemas de segurança | B19: 5 | C19: R$ / AC | D19: =B19*DADOS_INICIAIS!$E$9*1.1 -> 72312.79
A20: TOTAL | D20: =SUM(D16:D19) -> 219438.37
A22: EQUIPAMENTOS
A24: Descrição | B24: Quantidade | C24: Preço Unitário | D24: Valor total
A25: Elevadores | B25: 2 | C25: =399080.16 -> 399080.16 | D25: =B25*C25*1.1 -> 877976.35
A26: Plataforma elevatória | C26: 42750 | D26: =B26*C26*1.1 -> 0 | E26: inox
A27: Grupo de geradores | B27: 1 | C27: 50000 | D27: =B27*C27*1.1 -> 55000
A28: Bombas | B28: 1 | C28: 12000 | D28: =B28*C28*1.1 -> 13200
A29: Infra de carro elétrico | B29: =DADOS_INICIAIS!E10 -> 84 | C29: 560 | D29: =B29*C29*1.1 -> 51744
A30: Equipamento de piscina | B30: 1 | C30: 25000 | D30: =B30*C30*1.1 -> 27500
A31: Sistema de placas solares | C31: 1150 | D31: =B31*C31*1.1 -> 0
A32: TOTAL | D32: =SUM(D25:D31) -> 1025420.4
A34: OUTROS SISTEMAS ESPECIAIS
A36: Descrição | B36: Parâmetro | D36: Valor total
A37: Outros sistemas | B37: 20 | C37: R$ / AC | D37: =B37*DADOS_INICIAIS!E9*1.1 -> 289251.16
A38: TOTAL | D38: =SUM(D37:D37) -> 289251.16
A40: TOTAL SISTEMAS ESPECIAIS | D40: =D11+D20+D32+D38 -> 2206547.9 | E40: =D40/DADOS_INICIAIS!E9 -> 167.82665

Sheet IMPERMEABILIZAÇÃO
A3: IMPERMEABILIZAÇÃO
A4: Data | B4: 45471
A5: Arquivo base | B5: -
A7: IMPERMEABILIZAÇÃO
A9: Descrição | B9: Parâmetro | D9: Quantidade | F9: Preço unitário | G9: Valor total | H9: Observação
A10: Regularização de Superfície | B10: 25 | C10: R$ / m² | D10: =D14+D15 -> 6059.733 | E10: m² | F10: =5 -> 5 | G10: =F10*D10*1.1 -> 33328.532
A11: Poço do elevador | B11: 45 | C11: R$ / m² | D11: =((1.99*2.1)+(1.99*2+2.1*2)*1.8)*2 -> 37.806 | E11: m² | F11: =41-30 -> 11 | G11: =F11*D11*1.1 -> 457.4526
A12: Baldrames | B12: 30 | C12: R$ / m² | D12: =INFRAESTRUTURA!D28 -> 1131.0624 | E12: m² | F12: =15 -> 15 | G12: =F12*D12*1.1 -> 18662.53
A13: Ralos | B13: 1 | C13: R$ / AC | D13: 1 | E13: vb | F13: =B13*DADOS_INICIAIS!$E$9 -> 13147.78 | G13: =F13*D13*1.1 -> 14462.558 | H13: =G13/I13 -> #DIV/0!
A14: Impermeabilizações cimenticias | B14: 0.3 | C14: m² / AC | D14: =B14*DADOS_INICIAIS!E9 -> 3944.334 | E14: m² | F14: =40 -> 40 | G14: =F14*D14*1.1 -> 173550.7
A15: Impermeabilizações com manta asfaltica | B15: =D15/DADOS_INICIAIS!E9 -> 0.16089401 | C15: m² / AC | D15: =(96.22+112.8+19.14+29.23+'PISO E TETO'!M34-'PISO E TETO'!D81-'PISO E TETO'!D123-'PISO E TETO'!D124-'PISO E TETO'!D149-'PISO E TETO'!D191-'PISO E TETO'!D192-'PISO E TETO'!D197-'PISO E TETO'!D208-'PISO E TETO'!D231-'PISO E TETO'!D241)*1.3 -> 2115.399 | E15: m² | F15: =50 -> 50 | G15: =F15*D15*1.1 -> 116346.95
A16: Impermeabilizações com manta asfalticafloreiras | C16: m² / AC | D16: =(12.057+24.39)*1.2 -> 43.7364 | E16: m² | F16: =50 -> 50 | G16: =F16*D16*1.1 -> 2405.502
A17: Impermeabilização de peitoril | B17: 1.2 | C17: R$ / AC | D17: 1 | E17: vb | F17: =B17*DADOS_INICIAIS!$E$9 -> 15777.336 | G17: =F17*D17*1.1 -> 17355.07 | H17: =G17/I17 -> #DIV/0!
A18: Proteção Mecânica | B18: 28 | C18: R$ / m² | D18: =D15 -> 2115.399 | E18: m² | F18: =35 -> 35 | G18: =F18*D18*1.1 -> 81442.862
A19: MO REGULARIZAÇÃO | D19: =D10 -> 6059.733 | F19: 20 | G19: =F19*D19*1.1 -> 133314.13
A20: MO PROT MECANICA | D20: =D18 -> 2115.399 | F20: 22 | G20: =F20*D20*1.1 -> 51192.656
A21: MO IMPERM POÇO | D21: =D11 -> 37.806 | F21: 30 | G21: =F21*D21*1.1 -> 1247.598
A22: MO BALDRAMES | D22: =D12 -> 1131.0624 | F22: 38 | G22: =F22*D22*1.1 -> 47278.408
A23: MO CIMENTICIA | D23: =D14 -> 3944.334 | F23: 30 | G23: =F23*D23*1.1 -> 130163.02
A24: MO MANTA | D24: =D15+D16 -> 2159.1354 | F24: 48 | G24: =F24*D24*1.1 -> 114002.35
A25: TOTAL | G25: =SUM(G10:G24) -> 935210.31 | K25: =4160+1440+1120+2880+4800+91680+4000 -> 110080 | L25: =K25/21 -> 5241.9048
A27: TOTAL IMPERMEABILIZAÇÃO | G27: =G25 -> 935210.31 | H27: =G27/DADOS_INICIAIS!E9 -> 71.130663
H30: =H27/1.1 -> 64.664239
C31: =3.36*(141*2+10) -> 981.12
C32: =1.5*2.1*(141*2+10) -> 919.8
C33: =C31+C32 -> 1900.92 | D33: só banheiro
C34: =4*1.5*56 -> 336 | D34: cozinha
A37: IMPERMEABILIZAÇÃO
A39: Descrição | B39: Parâmetro | D39: Quantidade | F39: Preço unitário | G39: Valor total | H39: Observação
A40: Regularização de Superfície | B40: 25 | C40: R$ / m² | D40: 6235.376 | E40: m² | F40: =5+20 -> 25 | G40: =F40*D40*1.1 -> 171472.84
A41: Poço do elevador | B41: 45 | C41: R$ / m² | D41: 37.806 | E41: m² | F41: =41 -> 41 | G41: =F41*D41*1.1 -> 1705.0506
A42: Baldrames | B42: 30 | C42: R$ / m² | D42: 1131.0624 | E42: m² | F42: =15+38 -> 53 | G42: =F42*D42*1.1 -> 65940.938
A43: Ralos | B43: 1 | C43: R$ / AC | D43: 1 | E43: vb | F43: =B43*DADOS_INICIAIS!$E$9 -> 13147.78 | G43: =F43*D43*1.1 -> 14462.558 | H43: =G43/I43 -> #DIV/0!
A44: Impermeabilizações cimenticias | B44: 0.3 | C44: m² / AC | D44: 3944.334 | E44: m² | F44: =40+30 -> 70 | G44: =F44*D44*1.1 -> 303713.72
A45: Impermeabilizações com manta asfaltica | B45: =D45/DADOS_INICIAIS!E33 -> #DIV/0! | C45: m² / AC | D45: 2291.042 | E45: m² | F45: =50+48 -> 98 | G45: =F45*D45*1.1 -> 246974.33
A46: Impermeabilizações com manta asfalticafloreiras | C46: m² / AC | E46: m² | F46: =50+48 -> 98 | G46: =F46*D46*1.1 -> 0
A47: Impermeabilização de peitoril | B47: 1.2 | C47: R$ / AC | D47: 1 | E47: vb | F47: =B47*DADOS_INICIAIS!$E$9 -> 15777.336 | G47: =F47*D47*1.1 -> 17355.07 | H47: =G47/I47 -> #DIV/0!
A48: Proteção Mecânica | B48: 28 | C48: R$ / m² | D48: 2291.042 | E48: m² | F48: =35+22 -> 57 | G48: =F48*D48*1.1 -> 143648.33
A49: TOTAL | G49: =SUM(G40:G48) -> 965272.84 | K49: =4160+1440+1120+2880+4800+91680+4000 -> 110080 | L49: =K49/21 -> 5241.9048

Sheet PISO E TETO
A1: Obra | B1: =DADOS_INICIAIS!B1 -> Estreito
A2: Empresa | B2: =DADOS_INICIAIS!B2 -> D'Lohn Empreendimentos
A3: Revisão | B3: R00
A4: Data | B4: 45726
A5: LEVANTAMENTO QUANTITATIVO
A7: REVESTIMENTOS E ACABAMENTOS DE PISO E TETO
B9: LEVANTAMENTO DE PROJETO | L9: CONTRAPISO
B10: Pavimento | C10: Ambiente | D10: Área (m²) | E10: Material | F10: Contrapiso (Sim/Não) | G10: Forro | H10: Repetição | I10: Total | L10: Revestimento | M10: Área total
B11: SUBSOLO 2 | C11: GARAGEM | D11: 778.19 | E11: POLIDO | F11: Não | G11: Estucamento | H11: 1 | I11: =H11*Table_2[[#This Row],[Área (m²)]] -> 778.19 | L11: Contrapiso | M11: =SUMIF(F:F,"Sim",I:I) -> 9257.564
B12: SUBSOLO 2 | C12: RAMPA | D12: =80.83*1.2 -> 96.996 | E12: CONCRETO ESCVADO | F12: Não | G12: Estucamento | H12: 1 | I12: =H12*Table_2[[#This Row],[Área (m²)]] -> 96.996 | L12: Manta acústica | M12: =SUM(I58:I239) -> 7235.914
B13: SUBSOLO 2 | C13: ESCADA | D13: =15.66+18*1.2*0.18 -> 19.548 | E13: CIMENTADO | F13: Sim | G13: Estucamento | H13: 1 | I13: =H13*Table_2[[#This Row],[Área (m²)]] -> 19.548 | L13: FORRO
B14: SUBSOLO 1 | C14: GARAGEM | D14: 778.19 | E14: POLIDO | F14: Não | G14: Estucamento | H14: 1 | I14: =H14*Table_2[[#This Row],[Área (m²)]] -> 778.19 | L14: Revestimento | M14: Área total
B15: SUBSOLO 1 | C15: RAMPA | D15: =80.83*1.2 -> 96.996 | E15: CONCRETO ESCVADO | F15: Não | G15: Estucamento | H15: 1 | I15: =H15*Table_2[[#This Row],[Área (m²)]] -> 96.996 | L15: Estucamento | M15: =SUMIF(G:G,L15,I:I) -> 3110.626
B16: SUBSOLO 1 | C16: ESCADA | D16: =15.66+18*1.2*0.18 -> 19.548 | E16: CIMENTADO | F16: Sim | G16: Estucamento | H16: 1 | I16: =H16*Table_2[[#This Row],[Área (m²)]] -> 19.548 | L16: Gesso | M16: =SUMIF(G:G,L16,I:I) -> 6751.37
B17: TERREO / 1 PAV | C17: PASSEIO | D17: 134.11 | E17: CONCRETO CALÇADA | F17: Não | G17: - | H17: 1 | I17: =H17*Table_2[[#This Row],[Área (m²)]] -> 134.11 | L17: Madeira | M17: =SUMIF(G:G,L17,I:I) -> 1219.45
B18: TERREO / 1 PAV | C18: ACESSO GARAGEM | D18: 114.55 | E18: POLIDO | F18: Não | G18: - | H18: 1 | I18: =H18*Table_2[[#This Row],[Área (m²)]] -> 114.55
B19: TERREO / 1 PAV | C19: GARAGEM | D19: 746.82 | E19: POLIDO | F19: Não | G19: Estucamento | H19: 1 | I19: =H19*Table_2[[#This Row],[Área (m²)]] -> 746.82 | J19: parte descoberta
B20: TERREO / 1 PAV | C20: CISTERNAS | D20: 67.69 | E20: POLIDO | F20: Não | G20: Estucamento | H20: 1 | I20: =H20*Table_2[[#This Row],[Área (m²)]] -> 67.69 | J20: parte descoberta
B21: TERREO / 1 PAV | C21: LOJA01 | D21: 29.99 | E21: PORCELANATO | F21: Sim | G21: Gesso | H21: 1 | I21: =H21*Table_2[[#This Row],[Área (m²)]] -> 29.99 | L21: ACABAMENTOS
B22: TERREO / 1 PAV | C22: LOJA02 | D22: 29.92 | E22: PORCELANATO | F22: Sim | G22: Gesso | H22: 1 | I22: =H22*Table_2[[#This Row],[Área (m²)]] -> 29.92 | L22: Material | M22: Área total
B23: TERREO / 1 PAV | C23: LOJA03 | D23: 33.19 | E23: PORCELANATO | F23: Sim | G23: Gesso | H23: 1 | I23: =H23*Table_2[[#This Row],[Área (m²)]] -> 33.19 | L23: POLIDO | M23: =SUMIF(E:E,L23,I:I) -> 2485.44
B24: TERREO / 1 PAV | C24: LOJA04 | D24: 71.66 | E24: PORCELANATO | F24: Sim | G24: Gesso | H24: 1 | I24: =H24*Table_2[[#This Row],[Área (m²)]] -> 71.66 | L24: CONCRETO ESCVADO | M24: =SUMIF(E:E,L24,I:I) -> 193.992
B25: TERREO / 1 PAV | C25: WC PCD LOJAS | D25: =2.95*2+3.29*2 -> 12.48 | E25: PORCELANATO | F25: Sim | G25: Gesso | H25: 1 | I25: =H25*Table_2[[#This Row],[Área (m²)]] -> 12.48 | L25: CIMENTADO | M25: =SUMIF(E:E,L25,I:I) -> 500.984
B26: TERREO / 1 PAV | C26: DEPÓSITO DE LIXO | D26: 15.38 | E26: CERAMICA | F26: Sim | G26: Gesso | H26: 1 | I26: =H26*Table_2[[#This Row],[Área (m²)]] -> 15.38 | L26: CONCRETO CALÇADA | M26: =SUMIF(E:E,L26,I:I) -> 134.11
B27: TERREO / 1 PAV | C27: HALL | D27: 23.11 | E27: PORCELANATO | F27: Sim | G27: Gesso | H27: 1 | I27: =H27*Table_2[[#This Row],[Área (m²)]] -> 23.11 | L27: PORCELANATO | M27: =SUMIF(E:E,L27,I:I) -> 4938.99
B28: TERREO / 1 PAV | C28: CIRCULAÇÃO | D28: 24.31 | E28: PORCELANATO | F28: Sim | G28: Gesso | H28: 1 | I28: =H28*Table_2[[#This Row],[Área (m²)]] -> 24.31 | L28: CERAMICA | M28: =SUMIF(E:E,L28,I:I) -> 27.2
B29: TERREO / 1 PAV | C29: ENTREGAS | D29: 3.03 | E29: PORCELANATO | F29: Sim | G29: Gesso | H29: 1 | I29: =H29*Table_2[[#This Row],[Área (m²)]] -> 3.03 | L29: EMBORRACHADO | M29: =SUMIF(E:E,L29,I:I) -> 126.98
B30: TERREO / 1 PAV | C30: ZELADORIA | D30: 8.35 | E30: CERAMICA | F30: Sim | G30: Gesso | H30: 1 | I30: =H30*Table_2[[#This Row],[Área (m²)]] -> 8.35 | L30: VINILICO | M30: =SUMIF(E:E,L30,I:I) -> 2328.21
B31: TERREO / 1 PAV | C31: BWC | D31: 3.47 | E31: CERAMICA | F31: Sim | G31: Gesso | H31: 1 | I31: =H31*Table_2[[#This Row],[Área (m²)]] -> 3.47 | L31: MADEIRA | M31: =SUMIF(E:E,L31,I:I) -> 7.41
B32: TERREO / 1 PAV | C32: QGM | D32: 11.42 | E32: CIMENTADO | F32: Sim | G32: - | H32: 1 | I32: =H32*Table_2[[#This Row],[Área (m²)]] -> 11.42 | L32: DECK | M32: =SUMIF(E:E,L32,I:I) -> 96.22
B33: TERREO / 1 PAV | C33: ESCADA | D33: =19.27+20*1.2*0.18 -> 23.59 | E33: CIMENTADO | F33: Sim | G33: Estucamento | H33: 1 | I33: =H33*Table_2[[#This Row],[Área (m²)]] -> 23.59 | L33: PASTILHA | M33: =SUMIF(E:E,L33,I:I) -> 54.96
B34: PAV INTERMEDIARIO | C34: LOJA01 | D34: 13.15 | E34: PORCELANATO | F34: Sim | G34: Gesso | H34: 1 | I34: =H34*Table_2[[#This Row],[Área (m²)]] -> 13.15 | L34: - | M34: =SUMIF(E:E,L34,I:I) -> 1504.95
B35: PAV INTERMEDIARIO | C35: LOJA02 | D35: 14.68 | E35: PORCELANATO | F35: Sim | G35: Gesso | H35: 1 | I35: =H35*Table_2[[#This Row],[Área (m²)]] -> 14.68
B36: PAV INTERMEDIARIO | C36: LOJA03 | D36: 15.63 | E36: PORCELANATO | F36: Sim | G36: Gesso | H36: 1 | I36: =H36*Table_2[[#This Row],[Área (m²)]] -> 15.63
B37: PAV INTERMEDIARIO | C37: LOJA04 | D37: 34.46 | E37: PORCELANATO | F37: Sim | G37: Gesso | H37: 1 | I37: =H37*Table_2[[#This Row],[Área (m²)]] -> 34.46
B38: PAV INTERMEDIARIO | C38: ESCADA LOJAS | D38: =1*20*0.18+1*19*0.3 -> 9.3 | E38: PORCELANATO | F38: Sim | G38: Estucamento | H38: 4 | I38: =H38*Table_2[[#This Row],[Área (m²)]] -> 37.2
B39: PAV INTERMEDIARIO | C39: ACADEMIA | D39: 92.36 | E39: EMBORRACHADO | F39: Sim | G39: Gesso | H39: 1 | I39: =H39*Table_2[[#This Row],[Área (m²)]] -> 92.36
B40: PAV INTERMEDIARIO | C40: MARKET | D40: 11.33 | E40: PORCELANATO | F40: Sim | G40: Gesso | H40: 1 | I40: =H40*Table_2[[#This Row],[Área (m²)]] -> 11.33
B41: PAV INTERMEDIARIO | C41: CIRCULAÇÃO | D41: 50.28 | E41: PORCELANATO | F41: Sim | G41: Gesso | H41: 1 | I41: =H41*Table_2[[#This Row],[Área (m²)]] -> 50.28
B42: PAV INTERMEDIARIO | C42: VENDING MACHINES | D42: 2.6 | E42: PORCELANATO | F42: Sim | G42: Gesso | H42: 1 | I42: =H42*Table_2[[#This Row],[Área (m²)]] -> 2.6
B43: PAV INTERMEDIARIO | C43: COWORKING | D43: 9.73 | E43: VINILICO | F43: Sim | G43: Gesso | H43: 1 | I43: =H43*Table_2[[#This Row],[Área (m²)]] -> 9.73
B44: PAV INTERMEDIARIO | C44: SALA DE JOGOS | D44: 39.9 | E44: PORCELANATO | F44: Sim | G44: Gesso | H44: 1 | I44: =H44*Table_2[[#This Row],[Área (m²)]] -> 39.9
B45: PAV INTERMEDIARIO | C45: BRINQUEDOTECA | D45: 34.62 | E45: EMBORRACHADO | F45: Sim | G45: Gesso | H45: 1 | I45: =H45*Table_2[[#This Row],[Área (m²)]] -> 34.62
B46: PAV INTERMEDIARIO | C46: SALÃO DE FESTAS | D46: 90.44 | E46: PORCELANATO | F46: Sim | G46: Gesso | H46: 1 | I46: =H46*Table_2[[#This Row],[Área (m²)]] -> 90.44
B47: PAV INTERMEDIARIO | C47: ESPAÇO GOURMET | D47: 64.15 | E47: PORCELANATO | F47: Sim | G47: Gesso | H47: 1 | I47: =H47*Table_2[[#This Row],[Área (m²)]] -> 64.15
B48: PAV INTERMEDIARIO | C48: BWC | D48: 7.83 | E48: PORCELANATO | F48: Sim | G48: Gesso | H48: 2 | I48: =H48*Table_2[[#This Row],[Área (m²)]] -> 15.66
B49: PAV INTERMEDIARIO | C49: WC | D49: 2.85 | E49: PORCELANATO | F49: Sim | G49: Gesso | H49: 1 | I49: =H49*Table_2[[#This Row],[Área (m²)]] -> 2.85
B50: PAV INTERMEDIARIO | C50: WC PCD | D50: 3.09 | E50: PORCELANATO | F50: Sim | G50: Gesso | H50: 1 | I50: =H50*Table_2[[#This Row],[Área (m²)]] -> 3.09
B51: PAV INTERMEDIARIO | C51: PET PLACE | D51: 21.23 | E51: PORCELANATO | F51: Sim | G51: Gesso | H51: 1 | I51: =H51*Table_2[[#This Row],[Área (m²)]] -> 21.23
B52: PAV INTERMEDIARIO | C52: AREA EXTERNA | D52: =19.14+112.8 -> 131.94 | E52: PORCELANATO | F52: Sim | G52: Gesso | H52: 1 | I52: =H52*Table_2[[#This Row],[Área (m²)]] -> 131.94
B53: PAV INTERMEDIARIO | C53: SAUNA | D53: 7.41 | E53: MADEIRA | F53: Sim | G53: Gesso | H53: 1 | I53: =H53*Table_2[[#This Row],[Área (m²)]] -> 7.41
B54: PAV INTERMEDIARIO | C54: AREA PISCINA | D54: =121.3-((8+3.4)*2.2) -> 96.22 | E54: DECK | F54: Sim | G54: - | H54: 1 | I54: =H54*Table_2[[#This Row],[Área (m²)]] -> 96.22
B55: PAV INTERMEDIARIO | C55: PISCINA | D55: =(8*2+2.2*2)*1.3+8*2.2+(3.4*2+2.2*2)*0.3+3.4*2.2 -> 54.96 | E55: PASTILHA | F55: Sim | G55: - | H55: 1 | I55: =H55*Table_2[[#This Row],[Área (m²)]] -> 54.96
B56: PAV INTERMEDIARIO | C56: ESCADA | D56: =17.12+1.2*18*0.18 -> 21.008 | E56: CIMENTADO | F56: Sim | G56: Estucamento | H56: 1 | I56: =H56*Table_2[[#This Row],[Área (m²)]] -> 21.008
B57: PAV INTERMEDIARIO | C57: MARQUISE | D57: 328.34 | E57: - | F57: Não | G57: Madeira | H57: 1 | I57: =H57*Table_2[[#This Row],[Área (m²)]] -> 328.34
B58: 2º PAV - APTO 01/02 | C58: ESTAR | D58: 19.15 | E58: PORCELANATO | F58: Sim | G58: Gesso | H58: 2 | I58: =H58*Table_2[[#This Row],[Área (m²)]] -> 38.3
B59: 2º PAV - APTO 01/02 | C59: COZINHA | D59: 7.99 | E59: PORCELANATO | F59: Sim | G59: Gesso | H59: 2 | I59: =H59*Table_2[[#This Row],[Área (m²)]] -> 15.98
B60: 2º PAV - APTO 01/02 | C60: DORM 1 | D60: 10.02 | E60: VINILICO | F60: Sim | G60: Gesso | H60: 2 | I60: =H60*Table_2[[#This Row],[Área (m²)]] -> 20.04
B61: 2º PAV - APTO 01/02 | C61: DORM 2 | D61: 8.15 | E61: VINILICO | F61: Sim | G61: Gesso | H61: 2 | I61: =H61*Table_2[[#This Row],[Área (m²)]] -> 16.3
B62: 2º PAV - APTO 01/02 | C62: BWC 1 | D62: 3.39 | E62: PORCELANATO | F62: Sim | G62: Gesso | H62: 2 | I62: =H62*Table_2[[#This Row],[Área (m²)]] -> 6.78
B63: 2º PAV - APTO 01/02 | C63: BWC 2 | D63: 2.75 | E63: PORCELANATO | F63: Sim | G63: Gesso | H63: 2 | I63: =H63*Table_2[[#This Row],[Área (m²)]] -> 5.5
B64: 2º PAV - APTO 01/02 | C64: SACADA | D64: 3.13 | E64: PORCELANATO | F64: Sim | G64: Madeira | H64: 2 | I64: =H64*Table_2[[#This Row],[Área (m²)]] -> 6.26
B65: 2º PAV - APTO 01/02 | C65: AT | D65: 6.26 | E65: CIMENTADO | F65: Sim | G65: Estucamento | H65: 2 | I65: =H65*Table_2[[#This Row],[Área (m²)]] -> 12.52
B66: 2º PAV - APTO 03 | C66: ESTAR | D66: 30.45 | E66: PORCELANATO | F66: Sim | G66: Gesso | H66: 1 | I66: =H66*Table_2[[#This Row],[Área (m²)]] -> 30.45
B67: 2º PAV - APTO 03 | C67: SUITE 1 | D67: 14.98 | E67: VINILICO | F67: Sim | G67: Gesso | H67: 1 | I67: =H67*Table_2[[#This Row],[Área (m²)]] -> 14.98
B68: 2º PAV - APTO 03 | C68: SUITE 2 | D68: 12.01 | E68: VINILICO | F68: Sim | G68: Gesso | H68: 1 | I68: =H68*Table_2[[#This Row],[Área (m²)]] -> 12.01
... B124: 2º PAV | C124: FLOREIRA | D124: 24.3 | E124: - | F124: Sim | G124: Madeira | H124: 1 | I124: =H124*Table_2[[#This Row],[Área (m²)]] -> 24.3
B125: 2º PAV | C125: ESCADA | D125: =17.28+18*1.2*0.18 -> 21.168 | E125: CIMENTADO | F125: Sim | G125: Estucamento | H125: 1 | I125: =H125*Table_2[[#This Row],[Área (m²)]] -> 21.168
B126: TIPO (X7) | C126: ESTAR | D126: 19.15 | E126: PORCELANATO | F126: Sim | G126: Gesso | H126: =2*7 -> 14 | I126: =H126*Table_2[[#This Row],[Área (m²)]] -> 268.1
B127: TIPO (X7) | C127: COZINHA | D127: 7.99 | E127: PORCELANATO | F127: Sim | G127: Gesso | H127: =2*7 -> 14 | I127: =H127*Table_2[[#This Row],[Área (m²)]] -> 111.86
B128: TIPO (X7) | C128: DORM 1 | D128: 10.02 | E128: VINILICO | F128: Sim | G128: Gesso | H128: =2*7 -> 14 | I128: =H128*Table_2[[#This Row],[Área (m²)]] -> 140.28
B129: TIPO (X7) | C129: DORM 2 | D129: 8.15 | E129: VINILICO | F129: Sim | G129: Gesso | H129: =2*7 -> 14 | I129: =H129*Table_2[[#This Row],[Área (m²)]] -> 114.1
B130: TIPO (X7) | C130: BWC 1 | D130: 3.39 | E130: PORCELANATO | F130: Sim | G130: Gesso | H130: =2*7 -> 14 | I130: =H130*Table_2[[#This Row],[Área (m²)]] -> 47.46
B131: TIPO (X7) | C131: BWC 2 | D131: 2.75 | E131: PORCELANATO | F131: Sim | G131: Gesso | H131: =2*7 -> 14 | I131: =H131*Table_2[[#This Row],[Área (m²)]] -> 38.5
B132: TIPO (X7) | C132: SACADA | D132: 3.13 | E132: PORCELANATO | F132: Sim | G132: Madeira | H132: =2*7 -> 14 | I132: =H132*Table_2[[#This Row],[Área (m²)]] -> 43.82
B133: TIPO (X7) | C133: AT | D133: 6.26 | E133: CIMENTADO | F133: Sim | G133: Estucamento | H133: =2*7 -> 14 | I133: =H133*Table_2[[#This Row],[Área (m²)]] -> 87.64
B134: TIPO (X7) | C134: ESTAR | D134: 30.45 | E134: PORCELANATO | F134: Sim | G134: Gesso | H134: =1*7 -> 7 | I134: =H134*Table_2[[#This Row],[Área (m²)]] -> 213.15
B135: TIPO (X7) | C135: SUITE 1 | D135: 14.98 | E135: VINILICO | F135: Sim | G135: Gesso | H135: =1*7 -> 7 | I135: =H135*Table_2[[#This Row],[Área (m²)]] -> 104.86
B136: TIPO (X7) | C136: SUITE 2 | D136: 12.01 | E136: VINILICO | F136: Sim | G136: Gesso | H136: =1*7 -> 7 | I136: =H136*Table_2[[#This Row],[Área (m²)]] -> 84.07
B137: TIPO (X7) | C137: BWC 1 | D137: 3.56 | E137: PORCELANATO | F137: Sim | G137: Gesso | H137: =1*7 -> 7 | I137: =H137*Table_2[[#This Row],[Área (m²)]] -> 24.92
B138: TIPO (X7) | C138: BWC 2 | D138: 3.16 | E138: PORCELANATO | F138: Sim | G138: Gesso | H138: =1*7 -> 7 | I138: =H138*Table_2[[#This Row],[Área (m²)]] -> 22.12
B139: TIPO (X7) | C139: WC | D139: 2.29 | E139: PORCELANATO | F139: Sim | G139: Gesso | H139: =1*7 -> 7 | I139: =H139*Table_2[[#This Row],[Área (m²)]] -> 16.03
B140: TIPO (X7) | C140: SACADA | D140: 4.23 | E140: PORCELANATO | F140: Sim | G140: Madeira | H140: =1*7 -> 7 | I140: =H140*Table_2[[#This Row],[Área (m²)]] -> 29.61
B141: TIPO (X7) | C141: AT | D141: 1.71 | E141: CIMENTADO | F141: Sim | G141: Estucamento | H141: =1*7 -> 7 | I141: =H141*Table_2[[#This Row],[Área (m²)]] -> 11.97
B142: TIPO (X7) | C142: ESTAR | D142: 21.83 | E142: PORCELANATO | F142: Sim | G142: Gesso | H142: =1*7 -> 7 | I142: =H142*Table_2[[#This Row],[Área (m²)]] -> 152.81
B143: TIPO (X7) | C143: COZINHA | D143: 9.5 | E143: PORCELANATO | F143: Sim | G143: Gesso | H143: =1*7 -> 7 | I143: =H143*Table_2[[#This Row],[Área (m²)]] -> 66.5
B144: TIPO (X7) | C144: DORM | D144: 12.68 | E144: VINILICO | F144: Sim | G144: Gesso | H144: =1*7 -> 7 | I144: =H144*Table_2[[#This Row],[Área (m²)]] -> 88.76
B145: TIPO (X7) | C145: SUITE | D145: 10.07 | E145: VINILICO | F145: Sim | G145: Gesso | H145: =1*7 -> 7 | I145: =H145*Table_2[[#This Row],[Área (m²)]] -> 70.49
... B168: TIPO (X7) | C168: AT | D168: 0.46 | E168: CIMENTADO | F168: Sim | G168: Estucamento | H168: =1*7 -> 7 | I168: =H168*Table_2[[#This Row],[Área (m²)]] -> 3.22
B169: TIPO (X7) | C169: ESTAR | D169: 24.79 | E169: PORCELANATO | F169: Sim | G169: Gesso | H169: =2*7 -> 14 | I169: =H169*Table_2[[#This Row],[Área (m²)]] -> 347.06
B170: TIPO (X7) | C170: COZINHA | D170: 6.75 | E170: PORCELANATO | F170: Sim | G170: Gesso | H170: =2*7 -> 14 | I170: =H170*Table_2[[#This Row],[Área (m²)]] -> 94.5
B171: TIPO (X7) | C171: AS | D171: 2.42 | E171: PORCELANATO | F171: Sim | G171: Gesso | H171: =2*7 -> 14 | I171: =H171*Table_2[[#This Row],[Área (m²)]] -> 33.88
B172: TIPO (X7) | C172: WC | D172: 2.43 | E172: PORCELANATO | F172: Sim | G172: Gesso | H172: =2*7 -> 14 | I172: =H172*Table_2[[#This Row],[Área (m²)]] -> 34.02
B173: TIPO (X7) | C173: SUITE 1 | D173: 14.98 | E173: VINILICO | F173: Sim | G173: Gesso | H173: =2*7 -> 14 | I173: =H173*Table_2[[#This Row],[Área (m²)]] -> 209.72
B174: TIPO (X7) | C174: SUITE 2 | D174: 12.08 | E174: VINILICO | F174: Sim | G174: Gesso | H174: =2*7 -> 14 | I174: =H174*Table_2[[#This Row],[Área (m²)]] -> 169.12
B175: TIPO (X7) | C175: BWC 1 | D175: 3.3 | E175: PORCELANATO | F175: Sim | G175: Gesso | H175: =2*7 -> 14 | I175: =H175*Table_2[[#This Row],[Área (m²)]] -> 46.2
B176: TIPO (X7) | C176: BWC 2 | D176: 2.89 | E176: PORCELANATO | F176: Sim | G176: Gesso | H176: =2*7 -> 14 | I176: =H176*Table_2[[#This Row],[Área (m²)]] -> 40.46
B177: TIPO (X7) | C177: SACADA | D177: 4.38 | E177: PORCELANATO | F177: Sim | G177: Madeira | H177: =2*7 -> 14 | I177: =H177*Table_2[[#This Row],[Área (m²)]] -> 61.32
B178: TIPO (X7) | C178: AT | D178: 1.48 | E178: CIMENTADO | F178: Sim | G178: Estucamento | H178: =2*7 -> 14 | I178: =H178*Table_2[[#This Row],[Área (m²)]] -> 20.72
B179: TIPO (X7) | C179: ESTAR | D179: 25.41 | E179: PORCELANATO | F179: Sim | G179: Gesso | H179: =2*7 -> 14 | I179: =H179*Table_2[[#This Row],[Área (m²)]] -> 355.74
...

Sheet Rev. Internos Piso e Parede
A2: ORÇAMENTO PARAMÉTRICO GERENCIAMENTO EXECUTIVO
A7: Cliente
A8: Obra
A9: Data | B9: 45471
A10: Revisão | B10: R00
A12: REVESTIMENTOS INTERNOS EM PISO E PAREDE
A14: Descrição | B14: Quantidade | D14: Parâmetro | F14: Referência | G14: Valor total
A15: Polimento de concreto | B15: ='PISO E TETO'!M23 -> 2485.44 | C15: m² | D15: 50 | E15: R$ / m² | F15: Média | G15: =D15*B15*1.1 -> 136699.2 | H15: =G15/B15 -> 55 | I15: =172.7*B15 -> 429235.49
A16: Piso alisado | B16: ='PISO E TETO'!M25 -> 500.984 | C16: m² | D16: =25-D20 -> 5 | E16: R$ / m² | F16: Média | G16: =D16*B16*1.1 -> 2755.412
A17: Piso ranhurado | B17: ='PISO E TETO'!M24 -> 193.992 | C17: m² | D17: =28-D20 -> 8 | E17: R$ / m² | F17: Média | G17: =D17*B17*1.1 -> 1707.1296
A18: Contrapiso | B18: ='PISO E TETO'!M11 -> 9257.564 | C18: m² | D18: =B18/DADOS_INICIAIS!E9 -> 0.70411613 | E18: m² / AC | F18: Média | G18: =+B18*65*1.1-G21 -> 254583.01
A19: Manta acústica | B19: ='PISO E TETO'!M12 -> 7235.914 | C19: m² | D19: =B19/DADOS_INICIAIS!E9 -> 0.55035253 | E19: m² / AC | F19: Média | G19: =+B19*25*1.1 -> 198987.63 | J19: =G19/B19 -> 27.5 | K19: =G19/DADOS_INICIAIS!E9 -> 15.134695
A20: MO ALISADO | B20: =B16+B17 -> 694.976 | D20: 20 | G20: =D20*B20*1.1 -> 15289.472
A21: MO CONTRAPISO | B21: =B18 -> 9257.564 | D21: 40 | G21: =D21*B21*1.1 -> 407332.82
A22: Chapisco | B22: =ALVENARIA!D14*2-'Rev. Fachada'!B15 -> 35425.93 | C22: m² | D22: 2.2 | E22: m² / AC | F22: Média | G22: =+B22*5*1.1 -> 194842.62
A23: Reboco | B23: =B22 -> 35425.93 | C23: m² | D23: 2.2 | E23: m² / AC | F23: Média | G23: =17*B23*1.1 -> 662464.89
A24: mo Reboco | B24: =B23 -> 35425.93 | C24: m² | D24: 2.2 | E24: m² / AC | F24: Média | G24: =33*B24*1.1 -> 1285961.3
A25: TOTAL | G25: =SUM(G15:G24) -> 3160623.4
A28: TOTAL REVESTIMENTOS | G28: =G25 -> 3160623.4 | H28: =G28/DADOS_INICIAIS!E9 -> 240.39218
B30: =2*ALVENARIA!D14-'Rev. Fachada'!B15 -> 35425.93 | H30: =H28/1.1 -> 218.53834
A32: REVESTIMENTOS INTERNOS EM PISO E PAREDE | K32: =17+33 -> 50
A34: Descrição | B34: Quantidade | D34: Parâmetro | F34: Referência | G34: Valor total
A35: Polimento de concreto | B35: 2485.44 | C35: m² | D35: =0.1*610+16+80 -> 157 | E35: R$ / m² | F35: Média | G35: =D35*B35*1.1 -> 429235.49 | H35: =G35/B35 -> 172.7
A36: Piso alisado | B36: 500.984 | C36: m² | D36: =25 -> 25 | E36: R$ / m² | F36: Média | G36: =D36*B36*1.1 -> 13777.06
A37: Piso ranhurado | B37: 193.992 | C37: m² | D37: =28 -> 28 | E37: R$ / m² | F37: Média | G37: =D37*B37*1.1 -> 5974.9536
A38: Contrapiso | B38: 9257.564 | C38: m² | D38: =B38/DADOS_INICIAIS!E26 -> 58.607014 | E38: m² / AC | F38: Média | G38: =+B38*65*1.1 -> 661915.83
A39: Manta acústica | B39: 7235.914 | C39: m² | D39: =B39/DADOS_INICIAIS!E26 -> 45.808521 | E39: m² / AC | F39: Média | G39: =+B39*25*1.1 -> 198987.63
A40: Chapisco | B40: 35425.93 | C40: m² | D40: 2.2 | E40: m² / AC | F40: Média
A41: Reboco | B41: 35425.93 | C41: m² | D41: 2.2 | E41: m² / AC | F41: Média | G41: =(12.5)*B41*1.1 -> 487106.54
A42: mo REBOCO | B42: 35425.93 | C42: m² | D42: 2.2 | E42: m² / AC | F42: Média | G42: =20*B42*1.1 -> 779370.46 | L42: =52.21-33 -> 19.21
A43: TOTAL | G43: =SUM(G35:G41) -> 1796997.5

Sheet TETO
A3: REVESTIMENTOS E ACABAMENTOS DE TETO
A4: Data | B4: 45471
A5: Arquivo base | B5: -
A7: GESSO
A9: Descrição | B9: Parâmetro | D9: Quantidade | F9: Preço unitário | G9: Valor total | H9: Observação
A10: Forro gesso mineral | B10: =D10/DADOS_INICIAIS!$E$9 -> 0.60624836 | C10: m² / AC | D10: ='PISO E TETO'!M16+'PISO E TETO'!M17 -> 7970.82 | E10: m² | F10: 60 | G10: =F10*D10*1.1 -> 526074.12
A11: Negativo | B11: 1.2 | C11: m / FORRO | D11: =(D10)*B11 -> 9564.984 | E11: m² | F11: 22 | G11: =F11*D11*1.1 -> 231472.61
A12: Estucamento | B12: =D12/DADOS_INICIAIS!$E$9 -> 0.23658945 | C12: m² / AC | D12: ='PISO E TETO'!M15 -> 3110.626 | E12: m² | F12: =7.5 -> 7.5 | G12: =F12*D12*1.1 -> 25662.664
A13: mo Estucamento | B13: =D13/DADOS_INICIAIS!$E$9 -> 0.23658945 | C13: m² / AC | D13: =D12 -> 3110.626 | E13: m² | F13: 22 | G13: =F13*D13*1.1 -> 75277.149
A14: TOTAL | G14: =SUM(G10:G12) -> 783209.4 | H14: =G14/DADOS_INICIAIS!$E$9 -> 59.569707 | K14: =4160+1440+1120+2880+4800+91680+4000 -> 110080 | L14: =K14/21 -> 5241.9048
A15: GESSO + MADEIRA
A17: Descrição | B17: Parâmetro | D17: Quantidade | F17: Preço unitário | G17: Valor total | H17: Observação
A18: Forro gesso mineral | B18: =D18/DADOS_INICIAIS!$E$9 -> 0.57811433 | C18: m² / AC | D18: ='PISO E TETO'!$M$16+'PISO E TETO'!M17-TETO!D20 -> 7600.92 | E18: m² | F18: 60 | G18: =F18*D18*1.1 -> 501660.72
A19: Negativo | B19: 1.2 | C19: m / FORRO | D19: =(D18)*B19 -> 9121.104 | E19: m² | F19: 22 | G19: =F19*D19*1.1 -> 220730.72
A20: Forro de madeira | B20: =D20/DADOS_INICIAIS!$E$9 -> 0.028134027 | C20: m² / AC | D20: 369.9 | E20: m² | F20: 579 | G20: =F20*D20*1.1 -> 235589.31 | H20: =G20/D20 -> 636.9
A21: Estucamento | B21: =D21/DADOS_INICIAIS!$E$9 -> 0.23658945 | C21: m² / AC | D21: ='PISO E TETO'!$M$15 -> 3110.626 | E21: m² | F21: =7.5+22 -> 29.5 | G21: =F21*D21*1.1 -> 100939.81
A22: TOTAL | G22: =SUM(G18:G21) -> 1058920.6 | H22: =G22/DADOS_INICIAIS!$E$9 -> 80.539875 | K22: =4160+1440+1120+2880+4800+91680+4000 -> 110080 | L22: =K22/21 -> 5241.9048
A23: GESSO + PVC
A25: Descrição | B25: Parâmetro | D25: Quantidade | F25: Preço unitário | G25: Valor total | H25: Observação
A26: Forro gesso mineral | B26: =D26/DADOS_INICIAIS!$E$9 -> 0.57811433 | C26: m² / AC | D26: ='PISO E TETO'!$M$16+'PISO E TETO'!M17-TETO!D28 -> 7600.92 | E26: m² | F26: 60 | G26: =F26*D26*1.1 -> 501660.72
A27: Negativo | B27: 1.2 | C27: m / FORRO | D27: =(D26)*B27 -> 9121.104 | E27: m² | F27: 22 | G27: =F27*D27*1.1 -> 220730.72
A28: Forro PVC imita madeira | B28: =D28/DADOS_INICIAIS!$E$9 -> 0.028134027 | C28: m² / AC | D28: 369.9 | E28: m² | F28: 74.16 | G28: =F28*D28*1.1 -> 30174.962 | H28: =G28/D28 -> 81.576
A29: Estucamento | B29: =D29/DADOS_INICIAIS!$E$9 -> 0.23658945 | C29: m² / AC | D29: ='PISO E TETO'!$M$15 -> 3110.626 | E29: m² | F29: =7.5+22 -> 29.5 | G29: =F29*D29*1.1 -> 100939.81
A30: TOTAL | G30: =SUM(G26:G29) -> 853506.21 | H30: =G30/DADOS_INICIAIS!$E$9 -> 64.916375 | K30: =4160+1440+1120+2880+4800+91680+4000 -> 110080 | L30: =K30/21 -> 5241.9048
A31: GESSO + VINILICO
A33: Descrição | B33: Parâmetro | D33: Quantidade | F33: Preço unitário | G33: Valor total | H33: Observação
A34: Forro gesso mineral | B34: =D34/DADOS_INICIAIS!$E$9 -> 0.57811433 | C34: m² / AC | D34: ='PISO E TETO'!$M$16+'PISO E TETO'!M17-TETO!D36 -> 7600.92 | E34: m² | F34: 60 | G34: =F34*D34*1.1 -> 501660.72
A35: Negativo | B35: 1.2 | C35: m / FORRO | D35: =(D34)*B35 -> 9121.104 | E35: m² | F35: 22 | G35: =F35*D35*1.1 -> 220730.72
A36: Forro PVC imita madeira | B36: =D36/DADOS_INICIAIS!$E$9 -> 0.028134027 | C36: m² / AC | D36: 369.9 | E36: m² | F36: =F18+'Acabamentos de Piso e Parede'!D19+20 -> 230 | G36: =F36*D36*1.1 -> 93584.7 | H36: =G36/D36 -> 253
A37: Estucamento | B37: =D37/DADOS_INICIAIS!$E$9 -> 0.23658945 | C37: m² / AC | D37: ='PISO E TETO'!$M$15 -> 3110.626 | E37: m² | F37: =7.5+22 -> 29.5 | G37: =F37*D37*1.1 -> 100939.81
A38: TOTAL | G38: =SUM(G34:G37) -> 916915.95 | H38: =G38/DADOS_INICIAIS!$E$9 -> 69.739222 | K38: =4160+1440+1120+2880+4800+91680+4000 -> 110080 | L38: =K38/21 -> 5241.9048
A40: TOTAL FORRO | G40: =G14 -> 783209.4 | H40: =G40/DADOS_INICIAIS!E9 -> 59.569707
G42: =G22/DADOS_INICIAIS!E9 -> 80.539875
H43: =H40/1.1 -> 54.154279

Sheet Acabamentos de Piso e Parede
A2: ORÇAMENTO PARAMÉTRICO GERENCIAMENTO EXECUTIVO
A7: Cliente
A8: Obra
A9: Data | B9: 45471
A10: Revisão | B10: R00
A12: ACABAMENTOS EM PISO E PAREDE - DECK
A14: Descrição | B14: Quantidade | D14: Parâmetro | F14: Referência | G14: Valor total
A15: Porcelanato | B15: ='PISO E TETO'!$M$27 -> 4938.99 | C15: m² | D15: =125+45 -> 170 | E15: R$ / m² | F15: Média | G15: =+D15*B15*1.1 -> 923591.13
A16: Ceramica | B16: ='PISO E TETO'!$M$28 -> 27.2 | C16: m² | D16: =85.1+45 -> 130.1 | E16: R$ / m² | F16: Média | G16: =+D16*B16*1.1 -> 3892.592
A17: Piscina | B17: ='PISO E TETO'!$M$33 -> 54.96 | C17: m² | D17: =290+50 -> 340 | E17: R$ / m² | F17: Média | G17: =+D17*B17*1.1 -> 20555.04
A18: Concreto calçada | B18: ='PISO E TETO'!$M$26 -> 134.11 | C18: m² | D18: =60+21 -> 81 | E18: R$ / m² | F18: Média | G18: =+D18*B18*1.1 -> 11949.201
A19: Vinilico | B19: ='PISO E TETO'!$M$30 -> 2328.21 | C19: m² | D19: 150 | E19: R$ / m² | F19: Média | G19: =+D19*B19*1.1 -> 384154.65
A20: Emborrachado | B20: ='PISO E TETO'!$M$29 -> 126.98 | C20: m² | D20: 350 | E20: R$ / m² | F20: Média | G20: =+D20*B20*1.1 -> 48887.3 | H20: =G20/B20 -> 385
A21: Deck | B21: ='PISO E TETO'!$M$32 -> 96.22 | C21: m² | D21: =768+40 -> 808 | E21: R$ / m² | F21: Média | G21: =+D21*B21*1.1 -> 85520.336 | H21: =G21/B21 -> 888.8 | I21: =B21*(245+45)*1.1 -> 30694.18 | J21: =I21/B21 -> 319
A22: Madeira sauna | B22: ='PISO E TETO'!$M$31 -> 7.41 | C22: m² | D22: =985.2 -> 985.2 | E22: R$ / m² | F22: Média | G22: =+D22*B22*1.1 -> 8030.3652
A23: Rodapés | B23: 1 | C23: vb | D23: 20 | E23: R$ / AC | F23: Média | G23: =D23*DADOS_INICIAIS!$E$9*1.1 -> 289251.16
A24: Soleiras e peitoris | B24: 1 | C24: vb | D24: 15 | E24: R$ / AC | F24: Média | G24: =D24*DADOS_INICIAIS!$E$9*1.1 -> 216938.37
A25: Revestimentos de Parede | B25: =Orçamento!D78+Orçamento!D79 -> 3691.46 | C25: m² | D25: =75+45 -> 120 | E25: R$ / AC | F25: Média | G25: =D25*B25*1.1 -> 487272.72 | I25: =G25/D16 -> 3745.3706
G26: =SUM(G15:G25) -> 2480042.9 | H26: =G26/DADOS_INICIAIS!$E$9 -> 188.62826
A28: ACABAMENTOS EM PISO E PAREDE - PISO IMITA MADEIRA
A30: Descrição | B30: Quantidade | D30: Parâmetro | F30: Referência | G30: Valor total
A31: Porcelanato | B31: ='PISO E TETO'!$M$27 -> 4938.99 | C31: m² | D31: =125+45 -> 170 | E31: R$ / m² | F31: Média | G31: =+D31*B31*1.1 -> 923591.13
A32: Ceramica | B32: ='PISO E TETO'!$M$28 -> 27.2 | C32: m² | D32: =85.1+45 -> 130.1 | E32: R$ / m² | F32: Média | G32: =+D32*B32*1.1 -> 3892.592
A33: Piscina | B33: ='PISO E TETO'!$M$33 -> 54.96 | C33: m² | D33: =290+50 -> 340 | E33: R$ / m² | F33: Média | G33: =+D33*B33*1.1 -> 20555.04
A34: Concreto calçada | B34: ='PISO E TETO'!$M$26 -> 134.11 | C34: m² | D34: =60+21 -> 81 | E34: R$ / m² | F34: Média | G34: =+D34*B34*1.1 -> 11949.201
A35: Vinilico | B35: ='PISO E TETO'!$M$30 -> 2328.21 | C35: m² | D35: 150 | E35: R$ / m² | F35: Média | G35: =+D35*B35*1.1 -> 384154.65
A36: Emborrachado | B36: ='PISO E TETO'!$M$29 -> 126.98 | C36: m² | D36: 150 | E36: R$ / m² | F36: Média | G36: =+D36*B36*1.1 -> 20951.7
A37: Piso imita madeira | B37: ='PISO E TETO'!$M$32 -> 96.22 | C37: m² | D37: =250+45 -> 295 | E37: R$ / m² | F37: Média | G37: =+D37*B37*1.1 -> 31223.39 | H37: =G37/B37 -> 324.5 | I37: =B37*(245+45)*1.1 -> 30694.18 | J37: =I37/B37 -> 319
A38: Madeira sauna | B38: ='PISO E TETO'!$M$31 -> 7.41 | C38: m² | D38: =985.2 -> 985.2 | E38: R$ / m² | F38: Média | G38: =+D38*B38*1.1 -> 8030.3652
A39: Rodapés | B39: 1 | C39: vb | D39: 20 | E39: R$ / AC | F39: Média | G39: =D39*DADOS_INICIAIS!$E$9*1.1 -> 289251.16
A40: Soleiras e peitoris | B40: 1 | C40: vb | D40: 15 | E40: R$ / AC | F40: Média | G40: =D40*DADOS_INICIAIS!$E$9*1.1 -> 216938.37
A41: Revestimentos de Parede | B41: =Orçamento!D78+Orçamento!D79 -> 3691.46 | C41: m² | D41: =75+45 -> 120 | E41: R$ / AC | F41: Média | G41: =D41*B41*1.1 -> 487272.72 | I41: =G41/D32 -> 3745.3706
G42: =SUM(G31:G41) -> 2397810.3 | H42: =G42/DADOS_INICIAIS!$E$9 -> 182.37378
A44: ACABAMENTOS EM PISO E PAREDE - VINILICO
A46: Descrição | B46: Quantidade | D46: Parâmetro | F46: Referência | G46: Valor total
A47: Porcelanato | B47: ='PISO E TETO'!$M$27 -> 4938.99 | C47: m² | D47: =125+45 -> 170 | E47: R$ / m² | F47: Média | G47: =+D47*B47*1.1 -> 923591.13
A48: Ceramica | B48: ='PISO E TETO'!$M$28 -> 27.2 | C48: m² | D48: =85.1+45 -> 130.1 | E48: R$ / m² | F48: Média | G48: =+D48*B48*1.1 -> 3892.592
A49: Piscina | B49: ='PISO E TETO'!$M$33 -> 54.96 | C49: m² | D49: =290+50 -> 340 | E49: R$ / m² | F49: Média | G49: =+D49*B49*1.1 -> 20555.04
A50: Concreto calçada | B50: ='PISO E TETO'!$M$26 -> 134.11 | C50: m² | D50: =60+21 -> 81 | E50: R$ / m² | F50: Média | G50: =+D50*B50*1.1 -> 11949.201
A51: Vinilico | B51: ='PISO E TETO'!$M$30 -> 2328.21 | C51: m² | D51: 150 | E51: R$ / m² | F51: Média | G51: =+D51*B51*1.1 -> 384154.65
A52: Emborrachado | B52: ='PISO E TETO'!$M$29 -> 126.98 | C52: m² | D52: =D51 -> 150 | E52: R$ / m² | F52: Média | G52: =+D52*B52*1.1 -> 20951.7 | H52: =G52/B52 -> 165
A53: Deck | B53: ='PISO E TETO'!$M$32 -> 96.22 | C53: m² | D53: =768+40 -> 808 | E53: R$ / m² | F53: Média | G53: =+D53*B53*1.1 -> 85520.336 | H53: =G53/B53 -> 888.8 | I53: =B53*(245+45)*1.1 -> 30694.18 | J53: =I53/B53 -> 319
A54: Madeira sauna | B54: ='PISO E TETO'!$M$31 -> 7.41 | C54: m² | D54: =985.2 -> 985.2 | E54: R$ / m² | F54: Média | G54: =+D54*B54*1.1 -> 8030.3652
A55: Rodapés | B55: 1 | C55: vb | D55: 20 | E55: R$ / AC | F55: Média | G55: =D55*DADOS_INICIAIS!$E$9*1.1 -> 289251.16
A56: Soleiras e peitoris | B56: 1 | C56: vb | D56: 15 | E56: R$ / AC | F56: Média | G56: =D56*DADOS_INICIAIS!$E$9*1.1 -> 216938.37
A57: Revestimentos de Parede | B57: =Orçamento!D78+Orçamento!D79 -> 3691.46 | C57: m² | D57: =75+45 -> 120 | E57: R$ / AC | F57: Média | G57: =D57*B57*1.1 -> 487272.72 | I57: =G57/D48 -> 3745.3706
G58: =SUM(G47:G57) -> 2452107.3 | H58: =G58/DADOS_INICIAIS!$E$9 -> 186.50352
A61: TOTAL ACABAMENTOS | G61: =G26 -> 2480042.9 | H61: =G61/DADOS_INICIAIS!E9 -> 188.62826
H63: =H61/1.1 -> 171.48024
A65: ACABAMENTOS EM PISO E PAREDE - VINILICO
A67: Descrição | B67: Quantidade | D67: Parâmetro | F67: Referência | G67: Valor total
A68: Porcelanato | B68: ='PISO E TETO'!$M$27 -> 4938.99 | C68: m² | D68: =125+45 -> 170 | E68: R$ / m² | F68: Média | G68: =+D68*B68*1.1 -> 923591.13
A69: Ceramica | B69: ='PISO E TETO'!$M$28 -> 27.2 | C69: m² | D69: =85.1+45 -> 130.1 | E69: R$ / m² | F69: Média | G69: =+D69*B69*1.1 -> 3892.592
A70: Piscina | B70: ='PISO E TETO'!$M$33 -> 54.96 | C70: m² | D70: =290+50 -> 340 | E70: R$ / m² | F70: Média | G70: =+D70*B70*1.1 -> 20555.04
A71: Concreto calçada | B71: ='PISO E TETO'!$M$26 -> 134.11 | C71: m² | D71: =60+21 -> 81 | E71: R$ / m² | F71: Média | G71: =+D71*B71*1.1 -> 11949.201
A72: Vinilico | B72: ='PISO E TETO'!$M$30 -> 2328.21 | C72: m² | D72: 150 | E72: R$ / m² | F72: Média | G72: =+D72*B72*1.1 -> 384154.65
A73: Emborrachado | B73: ='PISO E TETO'!$M$29 -> 126.98 | C73: m² | D73: =D72 -> 150 | E73: R$ / m² | F73: Média | G73: =+D73*B73*1.1 -> 20951.7 | H73: =G73/B73 -> 165
A74: Piso imita madeira | B74: ='PISO E TETO'!$M$32 -> 96.22 | C74: m² | D74: =250+45 -> 295 | E74: R$ / m² | F74: Média | G74: =+D74*B74*1.1 -> 31223.39 | H74: =G74/B74 -> 324.5 | I74: =B74*(245+45)*1.1 -> 30694.18 | J74: =I74/B74 -> 319
A75: Madeira sauna | B75: ='PISO E TETO'!$M$31 -> 7.41 | C75: m² | D75: =985.2 -> 985.2 | E75: R$ / m² | F75: Média | G75: =+D75*B75*1.1 -> 8030.3652
A76: Rodapés | B76: 1 | C76: vb | D76: 20 | E76: R$ / AC | F76: Média | G76: =D76*DADOS_INICIAIS!$E$9*1.1*(1-0.07) -> 269003.58
A77: Soleiras e peitoris | B77: 1 | C77: vb | D77: 15 | E77: R$ / AC | F77: Média | G77: =D77*DADOS_INICIAIS!$E$9*1.1 -> 216938.37 | K77: =59.9/2.4 -> 24.958333
A78: Revestimentos de Parede | B78: =Orçamento!D78+Orçamento!D79 -> 3691.46 | C78: m² | D78: =75+45 -> 120 | E78: R$ / AC | F78: Média | G78: =D78*B78*1.1 -> 487272.72 | I78: =G78/D69 -> 3745.3706 | K78: =53.8/2 -> 26.9 | L78: =K78-K77 -> 1.9416667
G79: =SUM(G68:G78) -> 2377562.7 | H79: =G79/DADOS_INICIAIS!$E$9 -> 180.83378 | L79: =L78/K78 -> 0.072180917
C81: =Orçamento!D78+Orçamento!D79 -> 3691.46 | D81: =68.56+45 -> 113.56 | G81: =D81*C81 -> 419202.2

Sheet PINTURA INTERNA
A3: PINTURA INTERNA
A4: Data | B4: 45457
A5: Arquivo base | B5: -
A7: ALVENARIA
A9: Descrição | B9: Parâmetro | D9: Quantidade | F9: Preço unitário | G9: Valor total | H9: Observação
A10: Pintura piso epoxi | B10: 110 | C10: R$ / m² | D10: ='PISO E TETO'!M23*0.1 -> 248.544 | E10: m² | F10: =80+40 -> 120 | G10: =F10*D10*1.1 -> 32807.808 | H10: =ALVENARIA!D13*2-'Rev. Fachada'!B15 -> 35425.93 | I10: =G10/D10 -> 132
A11: Pintura acrílica antiderrapante | B11: 65 | C11: R$ / m² | D11: ='PISO E TETO'!M25 -> 500.984 | E11: m² | F11: =65 -> 65 | G11: =F11*D11*1.1 -> 35820.356 | H11: =H10*0.8+TETO!D10 -> 36311.564 | I11: =1+1.5+15+35 -> 52.5
A12: Textura escadas | B12: 25 | C12: R$ / AC | D12: =('Rev. Internos Piso e Parede'!B22-'Acabamentos de Piso e Parede'!B78)*0.3 -> 9520.341 | E12: m² | F12: =1.5727+6.3758+27 -> 34.9485 | G12: =F12*D12*1.1 -> 365993.8 | H12: =H10*0.2+TETO!D12 -> 10195.812 | I12: =1-I15 -> 0.33333333 | J12: =I12*G15 -> 406439.63
A13: Textura Teto | B13: 25 | C13: R$ / AC | D13: =TETO!D21 -> 3110.626 | E13: m² | F13: =F12 -> 34.9485 | G13: =F13*D13*1.1 -> 119582.88 | H13: =H11*0.2+TETO!D14 -> 7262.3128 | I13: =1-I16 -> #REF! | J13: =I13*G16 -> #REF!
A14: Pintura Interna Tetos | B14: =90*0.9 -> 81 | C14: R$ / AC | D14: =TETO!D18 -> 7600.92 | E14: m² | F14: =1.5727+4.8875+11.4392+32 -> 49.8994 | G14: =F14*D14*1.1 -> 417209.48 | I14: =35/I10 -> 0.26515152 | J14: =I14*G14 -> 110623.73
A15: Pintura Interna | B15: =90*0.9 -> 81 | C15: R$ / AC | D15: =('Rev. Internos Piso e Parede'!B22-'Acabamentos de Piso e Parede'!B78)*0.7 -> 22214.129 | E15: m² | F15: =F14 -> 49.8994 | G15: =F15*D15*1.1 -> 1219318.9 | I15: =35/I11 -> 0.66666667 | J15: =I15*G15 -> 812879.25
A16: TOTAL | G16: =SUM(G10:G15) -> 2190733.2 | I16: =31/#REF! -> #REF! | J16: =I16*G12 -> #REF! | K16: =4160+1440+1120+2880+4800+91680+4000 -> 110080 | L16: =K16/21 -> 5241.9048
A18: TOTAL IMPERMEABILIZAÇÃO | G18: =G16 -> 2190733.2 | H18: =G18/DADOS_INICIAIS!E9 -> 166.62381
H20: =H18/1.1 -> 151.47619
A22: ALVENARIA
A24: Descrição | B24: Parâmetro | D24: Quantidade | F24: Preço unitário | G24: Valor total | H24: Observação
A25: Pintura piso epoxi | B25: 110 | C25: R$ / m² | E25: m² | F25: =80+40 -> 120 | G25: =F25*D25*1.1 -> 0 | H25: =ALVENARIA!D28*2-'Rev. Fachada'!B30 -> 21700.986
A26: Pintura acrílica antiderrapante | B26: 65 | C26: R$ / m² | D26: 500.984 | E26: m² | F26: =65 -> 65 | G26: =F26*D26*1.1 -> 35820.356 | H26: =H25*0.8+TETO!D26 -> 24961.708
A27: Textura escadas | B27: 25 | C27: R$ / AC | D27: 6346.894 | E27: vb | F27: =1.5727+7.3758+31 -> 39.9485 | G27: =F27*D27*1.1 -> 278903.78 | H27: =H25*0.2+TETO!D28 -> 4710.0971
A28: Textura Teto | B28: 25 | C28: R$ / AC | D28: 3110.626 | E28: m² | F28: =0.96+7.3758+31 -> 39.3358 | G28: =F28*D28*1.1 -> 134594.86 | H28: =H26*0.2+TETO!D29 -> 8102.9677
A29: Pintura Interna Tetos | B29: =90*0.9 -> 81 | C29: R$ / AC | D29: 7600.92 | E29: m² | F29: =1.5727+5.8875+14.4392+32 -> 53.8994 | G29: =F29*D29*1.1 -> 450653.53
A30: Pintura Interna | B30: =90*0.9 -> 81 | C30: R$ / AC | D30: 25387.576 | E30: m² | F30: =1.5727+5.8875+14.4392+34 -> 55.8994 | G30: =F30*D30*1.1 -> 1561065.3
A31: TOTAL | G31: =SUM(G25:G30) -> 2461037.8

Sheet COBERTURA
A2: COBERTURA
A3: Data | B3: 45543
A4: Arquivo base | B4: -
A6: TELHADO
A8: Descrição | B8: Parâmetro | D8: Quantidade | F8: Preço unitário | G8: Valor total | H8: Observação
A9: Estrutura e telhamento | D9: =5041.4/14-39.9 -> 320.2 | E9: m² | F9: 500 | G9: =F9*D9*1.1 -> 176110
A10: Serviços complementares | D10: =D9 -> 320.2 | E10: m² | F10: 45 | G10: =F10*D10*1.1 -> 15849.9
A11: Pergolados | D11: 15 | E11: m² | F11: 450 | G11: =F11*D11*1.1 -> 7425
A12: Passarelas | G12: =F12*D12*1.1 -> 0
A13: TOTAL | G13: =SUM(G9:G12) -> 199384.9
A15: TOTAL COMPLEMENTARES | G15: =G13 -> 199384.9 | H15: =G15/DADOS_INICIAIS!$E$9 -> 15.16491

Sheet ESQUADRIAS
A3: ESQUADRIAS
A4: Data | B4: 45460
A5: Arquivo base | B5: -
A7: ESQUADRIAS
A9: Descrição | B9: Parâmetro | D9: Quantidade | G9: Valor total | H9: Observação
A10: Esquadrias de Alumínio | B10: =D10/DADOS_INICIAIS!E9 -> 0.16054232 | C10: m² / AC | D10: =Orçamento!D120+Orçamento!D24 -> 2110.7751 | E10: m² | F10: 1250 | G10: =F10*D10*1.1 -> 2902315.8 | H10: praticamente toda aa rea da torre | I10: =G10/D10 -> 1375
A11: Pele de vidro | D11: =18.15+236.54 -> 254.69 | E11: m² | F11: 950 | G11: =F11*D11*1.1 -> 266151.05
A12: Brise de fachada | D12: =F30 -> 345.254 | E12: m² | F12: 2100 | G12: =F12*D12*1.1 -> 797536.74 | H12: =G12/D12 -> 2310
A13: Portão de alumínio | D13: 2 | E13: un | F13: 18000 | G13: =F13*D13*1.1 -> 39600
A14: Guarda-corpo - vidro | D14: =E30 -> 454.5664 | E14: m² | F14: 2100 | G14: =F14*D14*1.1 -> 1050048.4
A15: Gradil area tecnica | D15: =E29 -> 497.4144 | E15: m² | F15: 610 | G15: =F15*D15*1.1 -> 333765.06
A16: Serralherias | B16: 6 | C16: R$ / AC | D16: 1 | E16: vb | F16: =B16*DADOS_INICIAIS!$E$9 -> 78886.68 | G16: =F16*D16*1.1 -> 86775.348
A17: PCF | D17: =2*DADOS_INICIAIS!E15 -> 26 | E17: un | F17: 1750 | G17: =F17*D17*1.1 -> 50050
A18: Corrimão madeira | D18: =16.4*1.2*DADOS_INICIAIS!E15 -> 255.84 | E18: m | F18: 65 | G18: =F18*D18*1.1 -> 18292.56
A19: Corrimão comercial | D19: =7.228*4 -> 28.912 | E19: m | F19: 650 | G19: =F19*D19*1.1 -> 20672.08
A20: Fechadura Biometrica | D20: =DADOS_INICIAIS!E10 -> 84 | E20: un | F20: 1500 | G20: =F20*D20*1.1 -> 138600
A21: Esquadrias de Madeira | D21: =16+187+201+69+3 -> 476 | E21: un | F21: =1800+130 -> 1930 | G21: =F21*D21*1.1 -> 1010548
A22: TOTAL | G22: =SUM(G10:G21) -> 6714355 | K22: =4160+1440+1120+2880+4800+91680+4000 -> 110080 | L22: =K22/21 -> 5241.9048
A24: TOTAL ESQUADRIAS | G24: =G22 -> 6714355 | H24: =G24/DADOS_INICIAIS!E9 -> 510.68355
B28: LAZER | C28: TIPO | D28: COBERTURA | E28: GUARDA | F28: brise movel
A29: BRISE AREA TECNICA | C29: =22.206 -> 22.206 | D29: 0 | E29: =C29*2.8*8 -> 497.4144
A30: GC SACADA | B30: =27.767*1.2+23.699*2 -> 80.7184 | C30: 246.61 | D30: =43.092*2+20.527*2 -> 127.238 | E30: =B30+C30+D30 -> 454.5664 | F30: =C30*2.8/2 -> 345.254
C34: =43.092*2+20.527*2 -> 127.238

Sheet ESQUADRIAS (2)
A3: ESQUADRIAS
A4: Data | B4: 45460
A5: Arquivo base | B5: -
A7: ESQUADRIAS
D8: =ESQUADRIAS!D10-'ESQUADRIAS (2)'!D10 -> 460.8
A9: Descrição | B9: Parâmetro | D9: Quantidade | G9: Valor total | H9: Observação
A10: Esquadrias de Alumínio | B10: =D10/DADOS_INICIAIS!E9 -> 0.12549458 | C10: m² / AC | D10: =Orçamento!D120+Orçamento!D24-748.8+288 -> 1649.9751 | E10: m² | F10: 1150 | G10: =F10*D10*1.1 -> 2087218.5 | H10: praticamente toda aa rea da torre | I10: =G10/D10 -> 1265
A11: Pele de vidro | D11: =18.15+236.54 -> 254.69 | E11: m² | F11: 950 | G11: =F11*D11*1.1 -> 266151.05
A12: Brise de fachada | D12: =F30 -> 345.254 | E12: m² | F12: 2100 | G12: =F12*D12*1.1 -> 797536.74
A13: Portão de alumínio | D13: 2 | E13: un | F13: 18000 | G13: =F13*D13*1.1 -> 39600
A14: Guarda-corpo - vidro | D14: =E30 -> 454.5664 | E14: m² | F14: 2100 | G14: =F14*D14*1.1 -> 1050048.4
A15: Gradil area tecnica | D15: =E29 -> 497.4144 | E15: m² | F15: 610 | G15: =F15*D15*1.1 -> 333765.06
A16: Serralherias | B16: 6 | C16: R$ / AC | D16: 1 | E16: vb | F16: =B16*DADOS_INICIAIS!$E$9 -> 78886.68 | G16: =F16*D16*1.1 -> 86775.348
A17: PCF | D17: =2*DADOS_INICIAIS!E15 -> 26 | E17: un | F17: 1750 | G17: =F17*D17*1.1 -> 50050
A18: Corrimão madeira | D18: =16.4*1.2*DADOS_INICIAIS!E15 -> 255.84 | E18: m | F18: 65 | G18: =F18*D18*1.1 -> 18292.56
A19: Corrimão comercial | D19: =7.228*4 -> 28.912 | E19: m | F19: 650 | G19: =F19*D19*1.1 -> 20672.08
A20: Fechadura Biometrica | D20: =DADOS_INICIAIS!E10 -> 84 | E20: un | F20: 1500 | G20: =F20*D20*1.1 -> 138600
A21: Esquadrias de Madeira | D21: =16+187+201+69+3 -> 476 | E21: un | F21: =1800+130 -> 1930 | G21: =F21*D21*1.1 -> 1010548
A22: TOTAL | G22: =SUM(G10:G21) -> 5899257.7 | K22: =4160+1440+1120+2880+4800+91680+4000 -> 110080 | L22: =K22/21 -> 5241.9048
A24: TOTAL ESQUADRIAS | G24: =G22 -> 5899257.7 | H24: =G24/DADOS_INICIAIS!E9 -> 448.6885
B28: LAZER | C28: TIPO | D28: COBERTURA | E28: GUARDA | F28: brise movel
A29: BRISE AREA TECNICA | C29: =22.206 -> 22.206 | D29: 0 | E29: =C29*2.8*8 -> 497.4144
A30: GC SACADA | B30: =27.767*1.2+23.699*2 -> 80.7184 | C30: 246.61 | D30: =43.092*2+20.527*2 -> 127.238 | E30: =B30+C30+D30 -> 454.5664 | F30: =C30*2.8/2 -> 345.254
C34: =43.092*2+20.527*2 -> 127.238

Sheet Rev. Fachada
A2: ORÇAMENTO PARAMÉTRICO GERENCIAMENTO EXECUTIVO
A7: Cliente | B7: Meia Praia
A8: Obra | B8: Lorenzo Gabriel
A9: Data | B9: 45543
A10: Revisão | B10: R00
A12: REVESTIMENTOS ARGAMASSADOS
B13: =2706.92+141.3 -> 2848.22 | I13: =G15/B15 -> 135.3
A14: Descrição | B14: Quantidade | D14: Parâmetro | F14: Referência | G14: Valor total
A15: Chapisco e reboco | B15: =2706.92+141.3+6.45 -> 2854.67 | C15: m² | D15: =25+28+70 -> 123 | E15: R$ / m² | F15: - | G15: =B15*D15*1.1 -> 386236.85 | H15: com tratamento de friso | I15: 60% da da area + floreiras
A16: Concreto aparente | B16: =(K19+K21*9)*(0.5+0.1) -> 808.44 | C16: m² | D16: 117.699 | E16: R$ / m² | F16: - | G16: =B16*D16*1.1 -> 104667.84 | H16: 40% da area (estruturas) + molduras (0,5m inclinado e 0,1m reto)
A17: TOTAL | G17: =SUM(G15:G16) -> 490904.69
O18: area medida (sem esquadrias)
A19: PINTURA | J19: EMBASAMENTO | K19: =DADOS_INICIAIS!E26 -> 157.96 | L19: 6.76 | M19: =L19*K19 -> 1067.8096 | N19: =45.11+32.11+42.96+5.68 -> 125.86 | O19: =N19*2 -> 251.72
J20: TORRE DIF | N20: =(4.8+10.8+9.2+1.2) -> 26 | O20: =N20*(6.76-3.52) -> 84.24
A21: Descrição | B21: Quantidade | D21: Parâmetro | F21: Referência | G21: Valor total | J21: TORRE 1 | K21: =DADOS_INICIAIS!E20 -> 132.16 | L21: =36.06-L19 -> 29.3 | M21: =L21*K21 -> 3872.288 | O21: =M21*0.3 -> 1161.6864 | P21: deixado só 30% do perimetro
A22: Pintura | B22: =B15 -> 2854.67 | C22: m² | D22: =2+21+45 -> 68 | E22: R$ / m² | F22: - | G22: =B22*D22*1.1 -> 213529.32 | H22: =G22/B22 -> 74.8 | J22: RESERV | K22: 30.6 | L22: =44.78-36.06 -> 8.72 | M22: =L22*K22 -> 266.832 | O22: =M22 -> 266.832
A23: TOTAL | G23: =SUM(G22:G22) -> 213529.32 | L23: =K19*L19+K21*L21+K22*L22+K20*L20 -> 5206.9296 | O23: =O19+O20+O21+O22 -> 1764.4784
L24: =L23/10000 -> 0.52069296
A25: ACABAMENTOS ESPECIAIS | O25: =L23-O23 -> 3442.4512
A27: Descrição | B27: Quantidade | D27: Parâmetro | F27: Referência | G27: Valor total
A28: Muros em pedra | B28: =15.61*2.9*2 -> 90.538 | C28: M² | D28: =411.42+52 -> 463.42 | E28: R$ / m² | F28: - | G28: =B28*D28*1.1 -> 46152.832
C29: M² | D29: 600 | E29: R$ / m² | F29: - | G29: =B29*D29*1.1 -> 0
G30: =SUM(G28:G29) -> 46152.832
J31: =25.78*2 -> 51.56
A33: TOTAL FACHADA | G33: =G23+G17+G30 -> 750586.84 | H33: =G33/DADOS_INICIAIS!E9 -> 57.088485
H34: =H33/1.1 -> 51.898622

Sheet Rev. Fachada (2)
A2: ORÇAMENTO PARAMÉTRICO GERENCIAMENTO EXECUTIVO
A7: Cliente | B7: Meia Praia
A8: Obra | B8: Lorenzo Gabriel
A9: Data | B9: 45543
A10: Revisão | B10: R00
A12: REVESTIMENTOS ARGAMASSADOS
A14: Descrição | B14: Quantidade | D14: Parâmetro | F14: Referência | G14: Valor total
A15: Chapisco e reboco | B15: ='Rev. Fachada'!B15+'ESQUADRIAS (2)'!D8 -> 3315.47 | C15: m² | D15: =25+28+70 -> 123 | E15: R$ / m² | F15: - | G15: =B15*D15*1.1 -> 448583.09 | H15: com tratamento de friso | I15: 60% da da area + floreiras + diferença de esquadrias
A16: Concreto aparente | B16: =(K19+K21*9)*(0.5+0.1) -> 808.44 | C16: m² | D16: 117.699 | E16: R$ / m² | F16: - | G16: =B16*D16*1.1 -> 104667.84 | H16: 40% da area (estruturas) + molduras (0,5m inclinado e 0,1m reto)
A17: TOTAL | G17: =SUM(G15:G16) -> 553250.93
O18: area medida (sem esquadrias)
A19: PINTURA | J19: EMBASAMENTO | K19: =DADOS_INICIAIS!E26 -> 157.96 | L19: 6.76 | M19: =L19*K19 -> 1067.8096 | N19: =45.11+32.11+42.96+5.68 -> 125.86 | O19: =N19*2 -> 251.72
J20: TORRE DIF | N20: =(4.8+10.8+9.2+1.2) -> 26 | O20: =N20*(6.76-3.52) -> 84.24
A21: Descrição | B21: Quantidade | D21: Parâmetro | F21: Referência | G21: Valor total | J21: TORRE 1 | K21: =DADOS_INICIAIS!E20 -> 132.16 | L21: =36.06-L19 -> 29.3 | M21: =L21*K21 -> 3872.288 | O21: =M21*0.3 -> 1161.6864 | P21: deixado só 30% do perimetro
A22: Pintura | B22: =B15 -> 3315.47 | C22: m² | D22: =2+21+45 -> 68 | E22: R$ / m² | F22: - | G22: =B22*D22*1.1 -> 247997.16 | J22: RESERV | K22: 30.6 | L22: =44.78-36.06 -> 8.72 | M22: =L22*K22 -> 266.832 | O22: =M22 -> 266.832
A23: TOTAL | G23: =SUM(G22:G22) -> 247997.16 | L23: =K19*L19+K21*L21+K22*L22+K20*L20 -> 5206.9296 | O23: =O19+O20+O21+O22 -> 1764.4784
L24: =L23/10000 -> 0.52069296
A25: ACABAMENTOS ESPECIAIS | O25: =L23-O23 -> 3442.4512
A27: Descrição | B27: Quantidade | D27: Parâmetro | F27: Referência | G27: Valor total
A28: Muros em pedra | B28: =15.61*2.9*2 -> 90.538 | C28: M² | D28: =411.42+52 -> 463.42 | E28: R$ / m² | F28: - | G28: =B28*D28*1.1 -> 46152.832
C29: M² | D29: 600 | E29: R$ / m² | F29: - | G29: =B29*D29*1.1 -> 0
G30: =SUM(G28:G29) -> 46152.832
J31: =25.78*2 -> 51.56
A33: TOTAL FACHADA | G33: =G23+G17+G30 -> 847400.92 | H33: =G33/DADOS_INICIAIS!E9 -> 64.452015
H34: =H33/1.1 -> 58.592741

Sheet COMPLEMENTARES
A2: COMPLEMENTARES
A3: Data | B3: 45460
A4: Arquivo base | B4: -
A6: SERVIÇOS COMPLEMENTARES
A8: Descrição | B8: Parâmetro | D8: Quantidade | F8: Valor total
A9: Móveis e decoração | B9: 1750 | C9: R$ / AL | D9: =DADOS_INICIAIS!E21 -> 709.43 | E9: m² | F9: =D9*B9*1.1 -> 1365652.8
A10: Comunicação visual | B10: 10 | C10: R$ / AC | D10: =B10*DADOS_INICIAIS!$E$9 -> 131477.8 | E10: vb | F10: =D10*1.1 -> 144625.58
A11: Paisagismo | B11: 20 | C11: R$ / AC | D11: =B11*DADOS_INICIAIS!$E$9 -> 262955.6 | E11: vb | F11: =D11*1.1 -> 289251.16
A12: Ligações definitivas | B12: 4 | C12: R$ / AC | D12: =B12*DADOS_INICIAIS!$E$9 -> 52591.12 | E12: vb | F12: =D12*1.1 -> 57850.232
A13: Desmobilização | B13: 3 | C13: R$ / AC | D13: =B13*DADOS_INICIAIS!$E$9 -> 39443.34 | E13: vb | F13: =D13*1.1 -> 43387.674
A14: Limpeza | B14: 20 | C14: R$ / AC | D14: =B14*DADOS_INICIAIS!$E$9 -> 262955.6 | E14: vb | F14: =D14*1.1 -> 289251.16
A15: TOTAL | F15: =SUM(F9:F14) -> 2190018.6
A17: TOTAL COMPLEMENTARES | F17: =F15 -> 2190018.6 | G17: =F17/DADOS_INICIAIS!$E$9 -> 166.56946
A20: SERVIÇOS COMPLEMENTARES
A22: Descrição | B22: Parâmetro | D22: Quantidade | F22: Valor total
A23: Móveis e decoração | B23: 1750 | C23: R$ / AL | D23: 709.43 | E23: m² | F23: =D23*B23*1.1 -> 1365652.8
A24: Comunicação visual | B24: 10 | C24: R$ / AC | D24: =B24*DADOS_INICIAIS!$E$9 -> 131477.8 | E24: vb | F24: =D24*1.1 -> 144625.58
A25: Paisagismo | B25: 50 | C25: R$ / AC | D25: =B25*DADOS_INICIAIS!$E$9 -> 657389 | E25: vb | F25: =D25*1.1 -> 723127.9
A26: Ligações definitivas | B26: 4 | C26: R$ / AC | D26: =B26*DADOS_INICIAIS!$E$9 -> 52591.12 | E26: vb | F26: =D26*1.1 -> 57850.232
A27: Desmobilização | B27: 3 | C27: R$ / AC | D27: =B27*DADOS_INICIAIS!$E$9 -> 39443.34 | E27: vb | F27: =D27*1.1 -> 43387.674
A28: Limpeza | B28: 20 | C28: R$ / AC | D28: =B28*DADOS_INICIAIS!$E$9 -> 262955.6 | E28: vb | F28: =D28*1.1 -> 289251.16
A29: TOTAL | F29: =SUM(F23:F28) -> 2623895.3

Sheet Auxiliar
A2: 2 Portões acesso garagem - Área: 9,2m² x 2 = 18,4m² | B2: 2 | C2: portão | D2: 18.4
A3: 2 portas corta-fogo 1 folha | B3: 2 | C3: pcf
A4: 1 porta de correr alumínio 2 folhas – Área: 3,465m² | B4: 1 | C4: porta alumínio | D4: 3.465
A5: 1 porta de correr alumínio 2 folhas – Área: 1,7325m² | B5: 1 | C5: porta alumínio | D5: 1.7325 | G5: Guarda alumínio | H5: =SUMIF(C:C,G5,D:D) -> 400.5221
A6: 2 portas de abrir alumínio 2 folhas – Área: 2,6376m² x 2 = 5,2752m² | B6: 2 | C6: porta alumínio | D6: 5.2752 | G6: janela | H6: =SUMIF(C:C,G6,D:D) -> 1895.06
A7: 1 porta de abrir alumínio 2 folhas – Área: 4,1916m² | B7: 1 | C7: porta alumínio | D7: 4.1916 | G7: madeira | H7: =SUMIF(C:C,G7,B:B) -> 218
A8: 1 porta pivotante | B8: 1 | C8: pivotante | G8: pcf | H8: =SUMIF(C:C,G8,B:B) -> 60
A9: 19 portas de abrir madeira 1 folha | B9: 19 | C9: madeira | G9: pivotante | H9: =SUMIF(C:C,G9,B:B) -> 1
A10: 3 portas de abrir vidro 1 folha – Área: 2,1m² x 3 = 6,3m² | B10: 3 | C10: porta alumínio | D10: 6.3 | G10: porta alumínio | H10: =SUMIF(C:C,G10,D:D) -> 46.62
A11: 2 portas de abrir vidro 1 folha – Área: 1,89m² x 2 = 3,78m² | B11: 2 | C11: porta alumínio | D11: 3.78 | G11: portão | H11: =SUMIF(C:C,G11,B:B) -> 2
A12: 1 porta de abrir alumínio 1 folha – Área: 2,0076m² | B12: 1 | C12: porta alumínio | D12: 2.0076 | G12: gradil | H12: =SUMIF(C:C,G12,D:D) -> 113.88
A13: Janelas – Área: 3,75 + 4,875 + 2,5 + 1,1 + 1,2 + 5,5402 + 4,4874 = 23,4526m² | C13: janela | D13: 23.4526 | G13: Brise | H13: 109.3146
A14: Muro de vidro – Área: 7,0774 + 5,485 + 3,43 + 4,8138 = 20,8062m² | C14: Guarda alumínio | D14: 20.8062
A15: 8 portas corta-fogo 1 folha | B15: 8 | C15: pcf
A16: Janelas – Area: (1,1 + 1,2 + 28,7391) x 4 = 124,1564m² | C16: janela | D16: 124.1564
A17: 2 portas corta-fogo 1 folha | B17: 2 | C17: pcf
A18: 2 portas de abrir alumínio 1 folha – Área: 1,47m² x 2 = 2,94m² | B18: 2 | C18: porta alumínio | D18: 2.94
A19: 2 portas de abrir vidro 1 folha – Área: 1,89m² x 2 = 3,78m² | B19: 2 | C19: porta alumínio | D19: 3.78
A20: 5 portas de abrir madeira 1 folha | B20: 5 | C20: madeira
A21: 1 janela-porta de correr vidro – Área: 14,7348m² | B21: 1 | C21: janela | D21: 14.7348
A22: Janelas – Área: 1,2894 + 1,2894 + 23,46 + 1,854 + 5,562 + 5,562 + 1,854 + 1,854 + 1,1 + 1,2 = 45,0248m² | C22: janela | D22: 45.0248
A23: Guarda corpo vidro – Área: 7,5299 + 5,7955 + 6,5555 = 19,8809m² | C23: Guarda alumínio | D23: 19.8809
A24: 38 portas corta-fogo 1 folha | B24: 38 | C24: pcf
A25: 171 portas de abrir madeira 1 folha | B25: 171 | C25: madeira
A26: 19 porta de abrir alumínio 1 folha – Área: 1,26m² x 19 = 23,94m² | B26: 19 | C26: porta alumínio | D26: 23.94
A27: 19 janela-porta de correr vidro 5 folhas - Área: 25,4205m² x 19 = 482,9895m² | B27: 19 | C27: janela | D27: 482.9895
A28: 19 janela-porta de correr vidro 5 folhas - Área: 17,8284m² x 19 = 338,7396m² | B28: 19 | C28: janela | D28: 338.7396
A29: Janelas – Área: 1,1 + 1,1 + 1,2 + 1,92 + 0,36 + 2,781 + 2,781 + 1,854 + 1,854 + 5,562 + 5,562 + 1,854 = 27,928m² x 19 = 530,632m² | C29: janela | D29: 530.632
A30: Guarda corpo metálico – Área: 4,745m² x 19 = 90,155m² - Perímetro: 3,65m x 19 = 69,35m | C30: gradil | D30: 90.155
A31: Guarda corpo vidro – Área: 15,645m² x 19 = 297,255m² - Perímetro: 14,9m x 19 = 283,1m | C31: Guarda alumínio | D31: 297.255
A32: 2 portas corta-fogo 1 folha | B32: 2 | C32: pcf
A33: 2 portas de abrir madeira 1 folha | B33: 2 | C33: madeira
A34: 1 porta de abrir alumínio 1 folha – Área: 1,26m² | B34: 1 | C34: porta alumínio | D34: 1.26
A35: 1 janela-porta de correr vidro 3 folhas - Área: 15,21m² | B35: 1 | C35: janela | D35: 15.21
A36: 1 janela-porta de correr vidro 5 folhas - Área: 25,4205m² | B36: 1 | C36: janela | D36: 25.4205
A37: 1 janela-porta de correr vidro 5 folhas - Área: 17,8284m² | B37: 1 | C37: janela | D37: 17.8284
A38: Janelas – Área: 1,1 + 1,2 + 1,1 + 1,92 + 0,36 + 2,781 + 2,781 + 1,854 + 1,854 + 5,562 + 5,562 + 1,854 = 27,928m² | C38: janela | D38: 27.928
A39: Guarda corpo metálico – Área: 4,745m² - Perímetro: 3,65m | C39: gradil | D39: 4.745
A40: Guarda corpo vidro – Área: 15,645m² - Perímetro: 14,9m | C40: Guarda alumínio | D40: 15.645
A41: 2 portas corta-fogo 1 folha | B41: 2 | C41: pcf
A42: 7 portas de abrir madeira 1 folha | B42: 7 | C42: madeira
A43: 2 portas de correr madeira 1 folha | B43: 2 | C43: madeira
A44: 1 janela-porta de correr vidro 5 folhas - Área: 25,4205m² | B44: 1 | C44: janela | D44: 25.4205
A45: 1 janela-porta de correr vidro 5 folhas - Área: 17,8284m² | B45: 1 | C45: janela | D45: 17.8284
A46: Janelas – Área: 1,1 + 1,2 + 1,92 + 0,36 + 2,781 + 2,781 + 1,854 + 1,854 + 5,562 + 5,562 + 1,854 = 26,828m² | C46: janela | D46: 26.828
A47: Guarda corpo metálico – Área: 4,745m² - Perímetro: 3,65m | C47: gradil | D47: 4.745
A48: Guarda corpo vidro – Área: 15,645m² - Perímetro: 14,9m | C48: Guarda alumínio | D48: 15.645
A49: 2 portas corta-fogo 1 folha | B49: 2 | C49: pcf
A50: 4 portas de abrir madeira 1 folha | B50: 4 | C50: madeira
A51: 1 porta de abrir alumínio 1 folha – Área: 1,26m² | B51: 1 | C51: porta alumínio | D51: 1.26
A52: 1 porta de correr madeira 1 folha | B52: 1 | C52: madeira
A53: 1 porta de correr vidro 3 folhas – Área: 10,5m² | B53: 1 | C53: porta alumínio | D53: 10.5
A54: 1 janela-porta de correr vidro 5 folhas - Área: 25,4205m² | B54: 1 | C54: janela | D54: 25.4205
A55: 1 janela-porta de correr vidro 5 folhas - Área: 17,8284m² | B55: 1 | C55: janela | D55: 17.8284
A56: Janelas – Área: 1,1 + 1,2 + 1,1 + 1,92 + 0,36 + 2,781 + 2,781 + 1,854 + 1,854 + 5,562 + 5,562 + 1,854 = 27,928m² | C56: janela | D56: 27.928
A57: Guarda corpo metálico – Área: 4,745m² - Perímetro: 3,65m | C57: gradil | D57: 4.745
A58: Guarda corpo vidro – Área: 15,645m² - Perímetro: 14,9m | C58: Guarda alumínio | D58: 15.645
A59: 2 portas corta-fogo 1 folha | B59: 2 | C59: pcf
A60: 7 portas de abrir madeira 1 folha | B60: 7 | C60: madeira
A61: 1 janela-porta de correr vidro – Área: 5,61m² | B61: 1 | C61: janela | D61: 5.61
A62: Janela – Área: 1,1 + 1,2 + 1,92 + 0,36 + 2,781 + 2,781 + 1,854 + 1,854 + 5,562 + 5,562 + 1,854 + 25,0512 + 17,8284 = 69,7076m² | C62: janela | D62: 69.7076
A63: Guarda corpo metálico – Área: 4,745m² - Perímetro: 3,65m | C63: gradil | D63: 4.745
A64: Guarda corpo vidro – Área: 15,645m² - Perímetro: 14,9m | C64: Guarda alumínio | D64: 15.645
A65: 2 portas corta-fogo 1 folha | B65: 2 | C65: pcf
A66: 2 portas de abrir alumínio 1 folha – Área: 1,47m² x 2 = 2,94m² | B66: 2 | C66: porta alumínio | D66: 2.94
A67: Janelas – Area: 1,1 + 1,2 + 0,84 + 0,84 + 3,549 + 3,549 + 10,647 + 10,647 = 32,372m² | C67: janela | D67: 32.372
A68: Guarda corpo metálico – Área: 4,745m² - Perímetro: 3,65m | C68: gradil | D68: 4.745
