Workbook

Sheet Orçamento Resumo
A1: Etapa | B1: Valor Orçado | C1: % | D1: Valor / m² - R01 | E1: Valor / m² -R00 | F1: Valor / AP
A2: GERENCIAMENTO TÉCNICO E ADMINISTRATIVO | B2: 3275186.6 | C2: =+B2/$B$18 -> 0.14973414 | D2: =B2/$K$5 -> 411.48403 | E2: 384.23592 | F2: =+B2/$K$7 -> 20469.916 | G2: =D2-E2 -> 27.248115
A3: MOVIMENTAÇÃO DE TERRA | B3: 130936.05 | C3: =+B3/$B$18 -> 0.0059861007 | D3: =B3/$K$5 -> 16.450389 | E3: 13.743825 | F3: =+B3/$K$7 -> 818.35031 | G3: =D3-E3 -> 2.7065637
A4: INFRAESTRUTURA | B4: 2782193.8 | C4: =+B4/$B$18 -> 0.12719562 | D4: =B4/$K$5 -> 349.54599 | E4: 326.80904 | F4: =+B4/$K$7 -> 17388.711 | G4: =D4-E4 -> 22.736949
A5: SUPRAESTRUTURA | B5: 1673949 | C5: =+B5/$B$18 -> 0.076529171 | D5: =B5/$K$5 -> 210.30963 | E5: 213.27111 | F5: =+B5/$K$7 -> 10462.181 | G5: =D5-E5 -> -2.9614797 | K5: 7959.45
A6: ALVENARIA ESTRUTURAL | B6: 2638221.8 | C6: =+B6/$B$18 -> 0.12061355 | D6: =B6/$K$5 -> 331.4578 | E6: 340.64673 | F6: =+B6/$K$7 -> 16488.886 | G6: =D6-E6 -> -9.1889316
A7: INSTALAÇÕES ELÉTRICAS, HIDROSSANITÁRIAS, PREVENTIVAS E GLP | B7: 2758866.6 | C7: =+B7/$B$18 -> 0.12612915 | D7: =B7/$K$5 -> 346.61523 | E7: 344.2432 | F7: =+B7/$K$7 -> 17242.916 | G7: =D7-E7 -> 2.3720276 | K7: 160
A8: SISTEMAS ESPECIAIS E EQUIPAMENTOS | B8: 1064538.8 | C8: =+B8/$B$18 -> 0.048668309 | D8: =B8/$K$5 -> 133.74527 | E8: 111.13064 | F8: =+B8/$K$7 -> 6653.3672 | G8: =D8-E8 -> 22.614626
A9: IMPERMEABILIZAÇÃO | B9: 712823.53 | C9: =+B9/$B$18 -> 0.032588683 | D9: =B9/$K$5 -> 89.556883 | E9: 89.556885 | F9: =+B9/$K$7 -> 4455.1471 | G9: =D9-E9 -> -2.1201214e-06
A10: REVESTIMENTOS INTERNOS EM PISO E PAREDE | B10: 1095416 | C10: =+B10/$B$18 -> 0.050079945 | D10: =B10/$K$5 -> 137.62458 | E10: 137.62458 | F10: =+B10/$K$7 -> 6846.3497 | G10: =D10-E10 -> 0 | K10: área de ap | L10: 57.65
A11: REVESTIMENTOS E ACABAMENTOS INTERNOS EM TETO | B11: 263151.73 | C11: =+B11/$B$18 -> 0.012030703 | D11: =B11/$K$5 -> 33.061547 | E11: 33.416278 | F11: =+B11/$K$7 -> 1644.6983 | G11: =D11-E11 -> -0.35473054
A12: ACABAMENTOS EM PISO E PAREDE | B12: 1991928.8 | C12: =+B12/$B$18 -> 0.091066489 | D12: =B12/$K$5 -> 250.2596 | E12: 258.19991 | F12: =+B12/$K$7 -> 12449.555 | G12: =D12-E12 -> -7.9403072 | I12: =180*1.1 -> 198
A13: PINTURA INTERNA | B13: 558394.32 | C13: =+B13/$B$18 -> 0.025528528 | D13: =B13/$K$5 -> 70.154888 | E13: 120.93709 | F13: =+B13/$K$7 -> 3489.9645 | G13: =D13-E13 -> -50.782207 | I13: =220*1.1 -> 242
A14: ESQUADRIAS | B14: 1391769.1 | C14: =+B14/$B$18 -> 0.063628544 | D14: =B14/$K$5 -> 174.85745 | E14: 204.3028 | F14: =+B14/$K$7 -> 8698.5571 | G14: =D14-E14 -> -29.445349
A15: REVESTIMENTOS E ACABAMENTOS DE FACHADA | B15: 838680.41 | C15: =+B15/$B$18 -> 0.038342575 | D15: =B15/$K$5 -> 105.36914 | E15: 105.36914 | F15: =+B15/$K$7 -> 5241.7526 | G15: =D15-E15 -> 2.4773068e-06
A16: SERVIÇOS COMPLEMENTARES | B16: 479396.46 | C16: =+B16/$B$18 -> 0.021916924 | D16: =B16/$K$5 -> 60.229848 | E16: 60.059821 | F16: =+B16/$K$7 -> 2996.2279 | G16: =D16-E16 -> 0.17002642
A17: IMPREVISTOS E CONTINGÊNCIAS | B17: 217892.75 | C17: =+B17/$B$18 -> 0.0099615648 | D17: =B17/$K$5 -> 27.375353 | E17: 27.375353 | F17: =+B17/$K$7 -> 1361.8297 | G17: =D17-E17 -> -1.915145e-08
A18: TOTAL | B18: =SUM(B2:B17) -> 21873346 | C18: =SUM(C2:C17) -> 1 | D18: =SUM(D2:D17) -> 2748.0976 | E18: =SUM(E2:E17) -> 2770.9223 | F18: =SUM(F2:F17) -> 136708.41
A19: CUB/SC | B19: 2623.42 | C19: 44896 | D19: =+D18/B19 -> 1.0475248 | E19: =+E18/B19 -> 1.0562252 | F19: CUB
A21: 224518.72 | B21: 160565.15 | C21: 76190.72 | D21: =C21+B21+A21 -> 461274.6
A22: =$B$18-A21 -> 21648827 | B22: =$B$18-B21 -> 21712781 | C22: =$B$18-C21 -> 21797155 | D22: =$B$18-D21 -> 21412071 | E22: =D22/K5 -> 2690.1446 | G22: =E22/B19 -> 1.0254342

Sheet ANÁLISE-CTN
A1: Etapa | C1: Obras Similares | G1: 44470 | H1: 44805
A2: ='Orçamento Resumo'!A3 -> MOVIMENTAÇÃO DE TERRA | B2: ='Orçamento Resumo'!D3 -> 16.450389 | C2: 10,00 - 20,00 | D2: 10 | E2: 20 | F2: 22.987739 | G2: 2381.05 | H2: 2623.42 | I2: =H2/G2 -> 1.1017912
A3: ='Orçamento Resumo'!A4 -> INFRAESTRUTURA | B3: ='Orçamento Resumo'!D4 -> 349.54599 | C3: 170,00 - 230,00 | D3: 170 | E3: 230 | F3: 228.06161
A4: ='Orçamento Resumo'!A5 -> SUPRAESTRUTURA | B4: ='Orçamento Resumo'!D5 -> 210.30963 | C4: 250,00 - 330,00 | D4: 250 | E4: 330 | F4: 123.99161
A5: ='Orçamento Resumo'!A6 -> ALVENARIA ESTRUTURAL | B5: ='Orçamento Resumo'!D6 -> 331.4578 | C5: 190,00 - 250,00 | D5: 190 | E5: 250 | F5: 289.94861
A6: ='Orçamento Resumo'!A7 -> INSTALAÇÕES ELÉTRICAS, HIDROSSANITÁRIAS, PREVENTIVAS E GLP | B6: ='Orçamento Resumo'!D7 -> 346.61523 | C6: 190,00 - 225,00 | D6: 190 | E6: 225 | F6: 197.22972
A7: ='Orçamento Resumo'!A8 -> SISTEMAS ESPECIAIS E EQUIPAMENTOS | B7: ='Orçamento Resumo'!D8 -> 133.74527 | C7: 100,00 - 180,00 | D7: 100 | E7: 180 | F7: 36.807138
A8: ='Orçamento Resumo'!A9 -> IMPERMEABILIZAÇÃO | B8: ='Orçamento Resumo'!D9 -> 89.556883 | C8: 25,00 - 35,00 | D8: 25 | E8: 35 | F8: 31.188925
A9: ='Orçamento Resumo'!A10 -> REVESTIMENTOS INTERNOS EM PISO E PAREDE | B9: ='Orçamento Resumo'!D10 -> 137.62458 | C9: 115,00 - 130,00 | D9: 115 | E9: 130 | F9: 109.27662
A10: ='Orçamento Resumo'!A11 -> REVESTIMENTOS E ACABAMENTOS INTERNOS EM TETO | B10: ='Orçamento Resumo'!D11 -> 33.061547 | C10: 30,00 - 40,00 | D10: 30 | E10: 40 | F10: 24.127147
A11: ='Orçamento Resumo'!A12 -> ACABAMENTOS EM PISO E PAREDE | B11: ='Orçamento Resumo'!D12 -> 250.2596 | C11: 160,00 - 170,00 | D11: 160 | E11: 170 | F11: 62
A12: ='Orçamento Resumo'!A13 -> PINTURA INTERNA | B12: ='Orçamento Resumo'!D13 -> 70.154888 | C12: 60,00 - 80,00 | D12: 60 | E12: 80 | F12: 48.5
A13: ='Orçamento Resumo'!A14 -> ESQUADRIAS | B13: ='Orçamento Resumo'!D14 -> 174.85745 | C13: 110,00 - 130,00 | D13: 110 | E13: 130 | F13: 117.4524
A14: ='Orçamento Resumo'!A15 -> REVESTIMENTOS E ACABAMENTOS DE FACHADA | B14: ='Orçamento Resumo'!D15 -> 105.36914 | C14: 85,00 - 120,00 | D14: 85 | E14: 120 | F14: 99.981074
A15: ='Orçamento Resumo'!A16 -> SERVIÇOS COMPLEMENTARES | B15: ='Orçamento Resumo'!D16 -> 60.229848 | C15: 130,00 - 140,00 | D15: 130 | E15: 140 | F15: 120.22821
A16: TOTAL | B16: =SUM(B2:B15) -> 2309.2382 | C16: 1.600,00 - 2.000,00 | D16: =SUM(D2:D15) -> 1625 | E16: =SUM(E2:E15) -> 2080

Sheet HOMESET
A1: Etapa | B1: Valor Orçado | C1: INDEXADO | D1: % | E1: Valor / m² | F1: Valor / AP | G1: INDEXAR | J1: 2444.3 | M1: COBERTURA | N1: 137152.6
A2: GERENCIAMENTO TÉCNICO E ADMINISTRATIVO | B2: 881953.17 | C2: =B2*$J$23 -> 953705.9 | D2: =+B2/$B$19 -> 0.05034456 | E2: =C2/$J$5 -> 119.82058 | F2: =+B2/$J$7 -> 5512.2073 | G2: =E2*$K$2 -> 129.08151 | J2: 2633.22 | K2: =J2/J1 -> 1.07729 | M2: ESPECIAIS | N2: 622269.53
A3: MOVIMENTAÇÃO DE TERRA | B3: 177727.96 | C3: =B3*$J$23 -> 192187.31 | D3: =+B3/$B$19 -> 0.010145251 | E3: =C3/$J$5 -> 24.145802 | F3: =+B3/$J$7 -> 1110.7997 | G3: =E3*$K$2 -> 26.012032 | M3: ESQUADRIAS | N3: 1186753.8
A4: INFRAESTRUTURA | B4: 2554641.5 | C4: =B4*$J$23 -> 2762478.6 | D4: =+B4/$B$19 -> 0.14582668 | E4: =C4/$J$5 -> 347.06903 | F4: =+B4/$J$7 -> 15966.51 | G4: =E4*$K$2 -> 373.894 | M4: TETO | N4: 147816.04
A5: SUPRAESTRUTURA | B5: 1573435.2 | C5: =B5*$J$23 -> 1701444.6 | D5: =+B5/$B$19 -> 0.089816449 | E5: =C5/$J$5 -> 213.76409 | F5: =+B5/$J$7 -> 9833.9699 | G5: =E5*$K$2 -> 230.28592 | J5: 7959.45 | M5: INFRA | N5: 2554641.5
A6: ALVENARIA ESTRUTURAL | B6: 2036792 | C6: =B6*$J$23 -> 2202498.6 | D6: =+B6/$B$19 -> 0.11626626 | E6: =C6/$J$5 -> 276.71492 | F6: =+B6/$J$7 -> 12729.95 | G6: =E6*$K$2 -> 298.10222 | M6: IMPERMEABILIZAÇÃO | N6: 107989.31
A7: INSTALAÇÕES ELÉTRICAS, HIDROSSANITÁRIAS, PREVENTIVAS E GLP | B7: 3222319.7 | C7: =B7*$J$23 -> 3484476.7 | D7: =+B7/$B$19 -> 0.18393977 | E7: =C7/$J$5 -> 437.77858 | F7: =+B7/$J$7 -> 20139.498 | G7: =E7*$K$2 -> 471.6145 | J7: 160 | N7: 0
A8: SISTEMAS ESPECIAIS E EQUIPAMENTOS | B8: 449496.2 | C8: =B8*$J$23 -> 486065.69 | D8: =+B8/$B$19 -> 0.025658606 | E8: =C8/$J$5 -> 61.067749 | F8: =+B8/$J$7 -> 2809.3513 | G8: =E8*$K$2 -> 65.787677 | M8: INSTALAÇÕES | N8: 2939374.1
A9: IMPERMEABILIZAÇÃO | B9: 107989.31 | C9: =B9*$J$23 -> 116774.96 | D9: =+B9/$B$19 -> 0.0061643571 | E9: =C9/$J$5 -> 14.671234 | F9: =+B9/$J$7 -> 674.93319 | G9: =E9*$K$2 -> 15.805174 | M9: INDIRETO | N9: 881953.17
A10: REVESTIMENTOS INTERNOS EM PISO E PAREDE | B10: 514662.69 | C10: =B10*$J$23 -> 556533.91 | D10: =+B10/$B$19 -> 0.029378506 | E10: =C10/$J$5 -> 69.921152 | F10: =+B10/$J$7 -> 3216.6418 | G10: =E10*$K$2 -> 75.325359 | J10: área de ap | K10: 57.65 | M10: COMPLEMENTARES | N10: 1736895
A11: REVESTIMENTOS E ACABAMENTOS INTERNOS EM TETO | B11: 147816.04 | C11: =B11*$J$23 -> 159841.85 | D11: =+B11/$B$19 -> 0.0084377876 | E11: =C11/$J$5 -> 20.082023 | F11: =+B11/$J$7 -> 923.85025 | G11: =E11*$K$2 -> 21.634162 | M11: TERRA | N11: 177727.96
A12: ACABAMENTOS EM PISO E PAREDE | B12: 1657331.3 | C12: =B12*$J$23 -> 1792166.2 | D12: =+B12/$B$19 -> 0.094605497 | E12: =C12/$J$5 -> 225.16207 | F12: =+B12/$J$7 -> 10358.321 | G12: =E12*$K$2 -> 242.56485 | H12: =180*1.1 -> 198 | M12: ALVENARIA | N12: 2036792
A13: PINTURA INTERNA | B13: 844874.37 | C13: =B13*$J$23 -> 913610.5 | D13: =+B13/$B$19 -> 0.04822799 | E13: =C13/$J$5 -> 114.78312 | F13: =+B13/$J$7 -> 5280.4648 | G13: =E13*$K$2 -> 123.65471 | H13: =220*1.1 -> 242 | M13: PINTURA | N13: 844874.37
A14: ESQUADRIAS | B14: 1186753.8 | C14: =B14*$J$23 -> 1283304.1 | D14: =+B14/$B$19 -> 0.067743506 | E14: =C14/$J$5 -> 161.23025 | F14: =+B14/$J$7 -> 7417.2115 | G14: =E14*$K$2 -> 173.69174 | M14: FACHADA | N14: 398672.16
A15: REVESTIMENTOS E ACABAMENTOS DE FACHADA | B15: 137152.6 | C15: =B15*$J$23 -> 148310.87 | D15: =+B15/$B$19 -> 0.0078290861 | E15: =C15/$J$5 -> 18.633307 | F15: =+B15/$J$7 -> 857.20375 | G15: =E15*$K$2 -> 20.073475 | M15: REV. INTERNO | N15: 514662.69
A16: COBERTURA | B16: 398672.16 | C16: =B16*$J$23 -> 431106.78 | D16: =+B16/$B$19 -> 0.022757415 | E16: =C16/$J$5 -> 54.162886 | F16: =+B16/$J$7 -> 2491.701 | G16: =E16*$K$2 -> 58.349136 | M16: ACABAMENTO | N16: 1657331.3
A17: SERVIÇOS COMPLEMENTARES | B17: 1626722.8 | C17: =B17*$J$23 -> 1759067.5 | D17: =+B17/$B$19 -> 0.092858268 | E17: =C17/$J$5 -> 221.00365 | F17: =+B17/$J$7 -> 10167.017 | G17: =E17*$K$2 -> 238.08502 | M17: SUPRA | N17: 1573435.2
A18: IMPREVISTOS E CONTINGÊNCIAS | D18: =+B18/$B$19 -> 0 | E18: =B18/$J$5 -> 0 | F18: =+B18/$J$7 -> 0 | G18: =E18*$K$2 -> 0
A19: TOTAL | B19: =SUM(B2:B18) -> 17518341 | C19: =SUM(C2:C18) -> 18943574 | D19: =SUM(D2:D18) -> 1 | E19: =SUM(E2:E18) -> 2380.0104 | F19: =SUM(F2:F18) -> 109489.63
A20: CUB/SC | B20: 2623.42 | C20: 2623.42 | D20: 44896 | E20: =+E19/C20 -> 0.9072167 | F20: CUB
H22: CUB MARÇO | I22: CUB DEZEMBRO
H23: 2444.3 | I23: 2643.16 | J23: =I23/H23 -> 1.0813566

Sheet TORRE_01
A1: Etapa | B1: Valor Orçado | C1: % | D1: Valor / m² | E1: HOMESET | F1: Valor / m²
A2: GERENCIAMENTO TÉCNICO E ADMINISTRATIVO | B2: 0 | C2: =+B2/$B$19 -> 0 | D2: =B2/$K$5 -> 0 | E2: 99977.75 | F2: =E2/$K$5 -> 61.805843 | G2: =D2-F2 -> -61.805843
A3: MOVIMENTAÇÃO DE TERRA | B3: 27103.56 | C3: =+B3/$B$19 -> 0.0059565236 | D3: =B3/$K$5 -> 16.755312 | E3: 6900 | F3: =E3/$K$5 -> 4.2655523 | G3: =D3-F3 -> 12.48976
A4: INFRAESTRUTURA | B4: 712849.56 | C4: =+B4/$B$19 -> 0.15666227 | D4: =B4/$K$5 -> 440.68073 | E4: 618461.56 | F4: =E4/$K$5 -> 382.33045 | G4: =D4-F4 -> 58.350281
A5: SUPRAESTRUTURA | B5: 672303.77 | C5: =+B5/$B$19 -> 0.14775156 | D5: =B5/$K$5 -> 415.61549 | E5: 380240.43 | F5: =E5/$K$5 -> 235.06311 | G5: =D5-F5 -> 180.55238 | K5: 1617.61
A6: ALVENARIA ESTRUTURAL | B6: 532972.77 | C6: =+B6/$B$19 -> 0.11713092 | D6: =B6/$K$5 -> 329.48162 | E6: 475512.43 | F6: =E6/$K$5 -> 293.95987 | G6: =D6-F6 -> 35.52175
A7: INSTALAÇÕES ELÉTRICAS, HIDROSSANITÁRIAS, PREVENTIVAS E GLP | B7: 463971.31 | C7: =+B7/$B$19 -> 0.10196653 | D7: =B7/$K$5 -> 286.8252 | E7: 526289.74 | F7: =E7/$K$5 -> 325.3502 | G7: =D7-F7 -> -38.525005 | K7: 160
A8: SISTEMAS ESPECIAIS E EQUIPAMENTOS | B8: 295472.75 | C8: =+B8/$B$19 -> 0.064935765 | D8: =B8/$K$5 -> 182.66007 | E8: 97374.05 | F8: =E8/$K$5 -> 60.196246 | G8: =D8-F8 -> 122.46382
A9: IMPERMEABILIZAÇÃO | B9: 159931.89 | C9: =+B9/$B$19 -> 0.035148078 | D9: =B9/$K$5 -> 98.86925 | E9: 22674.1 | F9: =E9/$K$5 -> 14.017037 | G9: =D9-F9 -> 84.852213
A10: REVESTIMENTOS INTERNOS EM PISO E PAREDE | B10: 242726.22 | C10: =+B10/$B$19 -> 0.053343711 | D10: =B10/$K$5 -> 150.05238 | E10: 127126.15 | F10: =E10/$K$5 -> 78.588875 | G10: =D10-F10 -> 71.463501 | K10: área de ap | L10: 57.65
A11: REVESTIMENTOS E ACABAMENTOS INTERNOS EM TETO | B11: 62426.923 | C11: =+B11/$B$19 -> 0.013719505 | D11: =B11/$K$5 -> 38.592073 | E11: 35758.86 | F11: =E11/$K$5 -> 22.105984 | G11: =D11-F11 -> 16.486089
A12: ACABAMENTOS EM PISO E PAREDE | B12: 371869.54 | C12: =+B12/$B$19 -> 0.081725413 | D12: =B12/$K$5 -> 229.88825 | E12: 332950.2 | F12: =E12/$K$5 -> 205.82848 | G12: =D12-F12 -> 24.059777 | I12: =180*1.1 -> 198
A13: PINTURA INTERNA | B13: 206163.75 | C13: =+B13/$B$19 -> 0.04530841 | D13: =B13/$K$5 -> 127.4496 | E13: 194408.95 | F13: =E13/$K$5 -> 120.18283 | G13: =D13-F13 -> 7.2667697 | I13: =220*1.1 -> 242
A14: ESQUADRIAS | B14: 584331.16 | C14: =+B14/$B$19 -> 0.1284179 | D14: =B14/$K$5 -> 361.23117 | E14: 274979.9 | F14: =E14/$K$5 -> 169.99147 | G14: =D14-F14 -> 191.2397
A15: REVESTIMENTOS E ACABAMENTOS DE FACHADA | B15: 198696.84 | C15: =+B15/$B$19 -> 0.043667415 | D15: =B15/$K$5 -> 122.83359 | E15: 34288.15 | F15: =E15/$K$5 -> 21.196797 | G15: =D15-F15 -> 101.63679
A16: COBERTURA | E16: 95149.24 | F16: =E16/$K$5 -> 58.820878
A17: SERVIÇOS COMPLEMENTARES | B17: 19411.32 | C17: =+B17/$B$19 -> 0.0042660073 | D17: =B17/$K$5 -> 12 | E17: 8581.7 | F17: =E17/$K$5 -> 5.3051724 | G17: =D17-F17 -> 6.6948276
A18: IMPREVISTOS E CONTINGÊNCIAS | C18: =+B18/$B$19 -> 0 | D18: =B18/$K$5 -> 0 | G18: =D18-F18 -> 0
A19: TOTAL | B19: =SUM(B2:B18) -> 4550231.4 | C19: =SUM(C2:C18) -> 1 | D19: =SUM(D2:D18) -> 2812.9347 | F19: =SUM(F2:F18) -> 2059.0088
A20: CUB/SC | B20: 2623.42 | C20: 44896 | D20: =+D19/B20 -> 1.0722396 | F20: =+F19/C20 -> 0.045861742

Sheet TORRE_02
A1: Etapa | B1: Valor Orçado | C1: % | D1: Valor / m² | E1: HOMESET | F1: Valor / m²
A2: GERENCIAMENTO TÉCNICO E ADMINISTRATIVO | B2: 0 | C2: =+B2/$B$19 -> 0 | D2: =B2/$K$5 -> 0 | E2: 99977.75 | F2: =E2/$K$5 -> 61.805843 | G2: =D2-F2 -> -61.805843
A3: MOVIMENTAÇÃO DE TERRA | B3: 27103.56 | C3: =+B3/$B$19 -> 0.0059307352 | D3: =B3/$K$5 -> 16.755312 | E3: 6900 | F3: =E3/$K$5 -> 4.2655523 | G3: =D3-F3 -> 12.48976
A4: INFRAESTRUTURA | B4: 719229.47 | C4: =+B4/$B$19 -> 0.15738004 | D4: =B4/$K$5 -> 444.62477 | E4: 621174.13 | F4: =E4/$K$5 -> 384.00735 | G4: =D4-F4 -> 60.617416
A5: SUPRAESTRUTURA | B5: 683664.11 | C5: =+B5/$B$19 -> 0.14959772 | D5: =B5/$K$5 -> 422.63841 | E5: 380449.02 | F5: =E5/$K$5 -> 235.19205 | G5: =D5-F5 -> 187.44635 | K5: 1617.61
A6: ALVENARIA ESTRUTURAL | B6: 535684.37 | C6: =+B6/$B$19 -> 0.11721715 | D6: =B6/$K$5 -> 331.15793 | E6: 477590.84 | F6: =E6/$K$5 -> 295.24474 | G6: =D6-F6 -> 35.913189
A7: INSTALAÇÕES ELÉTRICAS, HIDROSSANITÁRIAS, PREVENTIVAS E GLP | B7: 476620.34 | C7: =+B7/$B$19 -> 0.1042929 | D7: =B7/$K$5 -> 294.64478 | E7: 529462.12 | F7: =E7/$K$5 -> 327.31135 | G7: =D7-F7 -> -32.666576 | K7: 160
A8: SISTEMAS ESPECIAIS E EQUIPAMENTOS | B8: 295272.75 | C8: =+B8/$B$19 -> 0.064610866 | D8: =B8/$K$5 -> 182.53643 | E8: 97374.05 | F8: =E8/$K$5 -> 60.196246 | G8: =D8-F8 -> 122.34018
A9: IMPERMEABILIZAÇÃO | B9: 160770.73 | C9: =+B9/$B$19 -> 0.035179461 | D9: =B9/$K$5 -> 99.387821 | E9: 22597.18 | F9: =E9/$K$5 -> 13.969486 | G9: =D9-F9 -> 85.418335
A10: REVESTIMENTOS INTERNOS EM PISO E PAREDE | B10: 243768.4 | C10: =+B10/$B$19 -> 0.053340809 | D10: =B10/$K$5 -> 150.69665 | E10: 127126.15 | F10: =E10/$K$5 -> 78.588875 | G10: =D10-F10 -> 72.107771 | K10: área de ap | L10: 57.65
A11: REVESTIMENTOS E ACABAMENTOS INTERNOS EM TETO | B11: 62502.663 | C11: =+B11/$B$19 -> 0.013676681 | D11: =B11/$K$5 -> 38.638895 | E11: 35016.5 | F11: =E11/$K$5 -> 21.64706 | G11: =D11-F11 -> 16.991835
A12: ACABAMENTOS EM PISO E PAREDE | B12: 369541.64 | C12: =+B12/$B$19 -> 0.080862204 | D12: =B12/$K$5 -> 228.44916 | E12: 320903.26 | F12: =E12/$K$5 -> 198.38111 | G12: =D12-F12 -> 30.068053 | I12: =180*1.1 -> 198
A13: PINTURA INTERNA | B13: 225269.29 | C13: =+B13/$B$19 -> 0.049292878 | D13: =B13/$K$5 -> 139.26057 | E13: 195133.71 | F13: =E13/$K$5 -> 120.63088 | G13: =D13-F13 -> 18.629692 | I13: =220*1.1 -> 242
A14: ESQUADRIAS | B14: 552980 | C14: =+B14/$B$19 -> 0.12100174 | D14: =B14/$K$5 -> 341.85001 | E14: 275672.44 | F14: =E14/$K$5 -> 170.41959 | G14: =D14-F14 -> 171.43042
A15: REVESTIMENTOS E ACABAMENTOS DE FACHADA | B15: 198226.73 | C15: =+B15/$B$19 -> 0.043375492 | D15: =B15/$K$5 -> 122.54297 | E15: 34288.15 | F15: =E15/$K$5 -> 21.196797 | G15: =D15-F15 -> 101.34617
A16: COBERTURA | E16: 94983.74 | F16: =E16/$K$5 -> 58.718566
A17: SERVIÇOS COMPLEMENTARES | B17: 19382.88 | C17: =+B17/$B$19 -> 0.0042413147 | D17: =B17/$K$5 -> 11.982419 | E17: 8581.7 | F17: =E17/$K$5 -> 5.3051724 | G17: =D17-F17 -> 6.6772461
A18: IMPREVISTOS E CONTINGÊNCIAS | C18: =+B18/$B$19 -> 0 | D18: =B18/$K$5 -> 0 | G18: =D18-F18 -> 0
A19: TOTAL | B19: =SUM(B2:B18) -> 4570016.9 | C19: =SUM(C2:C18) -> 1 | D19: =SUM(D2:D18) -> 2825.1661 | F19: =SUM(F2:F18) -> 2056.8807
A20: CUB/SC | B20: 2623.42 | C20: 44896 | D20: =+D19/B20 -> 1.0769019 | F20: =+F19/C20 -> 0.045814341

Sheet ÁREAS COMUNS
A1: Etapa | B1: Valor Orçado | C1: % | D1: Valor / m² | E1: HOMESET | F1: Valor / m²
A2: GERENCIAMENTO TÉCNICO E ADMINISTRATIVO | B2: 3222755.3 | C2: =+B2/$B$19 -> 0.5515186 | D2: =B2/$K$5 -> 3195.8146 | E2: 482042.17 | F2: =E2/$K$5 -> 478.01252 | G2: =D2-F2 -> 2717.8021
A3: MOVIMENTAÇÃO DE TERRA | B3: 979.0498 | C3: =+B3/$B$19 -> 0.00016754737 | D3: =B3/$K$5 -> 0.9708654 | E3: 150127.96 | F3: =E3/$K$5 -> 148.87296 | G3: =D3-F3 -> -147.9021
A4: INFRAESTRUTURA | B4: 80297.229 | C4: =+B4/$B$19 -> 0.013741476 | D4: =B4/$K$5 -> 79.625982 | E4: 72657.6 | F4: =E4/$K$5 -> 72.050217 | G4: =D4-F4 -> 7.5757651
A5: SUPRAESTRUTURA | B5: 41441.924 | C5: =+B5/$B$19 -> 0.0070920657 | D5: =B5/$K$5 -> 41.095489 | E5: 51847.69 | F5: =E5/$K$5 -> 51.414268 | G5: =D5-F5 -> -10.318778 | K5: 1008.43
A6: ALVENARIA ESTRUTURAL | B6: 117460.05 | C6: =+B6/$B$19 -> 0.020101248 | D6: =B6/$K$5 -> 116.47814 | E6: 128507.08 | F6: =E6/$K$5 -> 127.43282 | G6: =D6-F6 -> -10.954681
A7: INSTALAÇÕES ELÉTRICAS, HIDROSSANITÁRIAS, PREVENTIVAS E GLP | B7: 846154.25 | C7: =+B7/$B$19 -> 0.14480461 | D7: =B7/$K$5 -> 839.0808 | E7: 1107643.6 | F7: =E7/$K$5 -> 1098.3842 | G7: =D7-F7 -> -259.3034 | K7: 160
A8: SISTEMAS ESPECIAIS E EQUIPAMENTOS | B8: 143247.75 | C8: =+B8/$B$19 -> 0.024514366 | D8: =B8/$K$5 -> 142.05027 | E8: 60000 | F8: =E8/$K$5 -> 59.498428 | G8: =D8-F8 -> 82.551842
A9: IMPERMEABILIZAÇÃO | B9: 70579.459 | C9: =+B9/$B$19 -> 0.012078449 | D9: =B9/$K$5 -> 69.989447 | E9: 17523.67 | F9: =E9/$K$5 -> 17.37718 | G9: =D9-F9 -> 52.612267
A10: REVESTIMENTOS INTERNOS EM PISO E PAREDE | B10: 121384.53 | C10: =+B10/$B$19 -> 0.020772855 | D10: =B10/$K$5 -> 120.36981 | E10: 6158.09 | F10: =E10/$K$5 -> 6.1066113 | G10: =D10-F10 -> 114.2632 | K10: área de ap | L10: 57.65
A11: REVESTIMENTOS E ACABAMENTOS INTERNOS EM TETO | B11: 16040.28 | C11: =+B11/$B$19 -> 0.0027450154 | D11: =B11/$K$5 -> 15.906191 | E11: 7007.68 | F11: =E11/$K$5 -> 6.9490991 | G11: =D11-F11 -> 8.9570917
A12: ACABAMENTOS EM PISO E PAREDE | B12: 574634.81 | C12: =+B12/$B$19 -> 0.09833877 | D12: =B12/$K$5 -> 569.83114 | E12: 361671.37 | F12: =E12/$K$5 -> 358.64797 | G12: =D12-F12 -> 211.18317 | I12: =180*1.1 -> 198
A13: PINTURA INTERNA | B13: 63457.99 | C13: =+B13/$B$19 -> 0.010859733 | D13: =B13/$K$5 -> 62.927511 | E13: 65064.29 | F13: =E13/$K$5 -> 64.520383 | G13: =D13-F13 -> -1.5928724 | I13: =220*1.1 -> 242
A14: ESQUADRIAS | B14: 134201.66 | C14: =+B14/$B$19 -> 0.022966284 | D14: =B14/$K$5 -> 133.0798 | E14: 84756.62 | F14: =E14/$K$5 -> 84.048095 | G14: =D14-F14 -> 49.031703
A15: REVESTIMENTOS E ACABAMENTOS DE FACHADA | B15: 45303.355 | C15: =+B15/$B$19 -> 0.0077528824 | D15: =B15/$K$5 -> 44.92464 | E15: 18571.7 | F15: =E15/$K$5 -> 18.416449 | G15: =D15-F15 -> 26.508191
A16: COBERTURA | F16: =E16/$K$5 -> 0
A17: SERVIÇOS COMPLEMENTARES | B17: 365483.18 | C17: =+B17/$B$19 -> 0.0625461 | D17: =B17/$K$5 -> 362.42792 | E17: 1592396 | F17: =E17/$K$5 -> 1579.0843 | G17: =D17-F17 -> -1216.6564
A18: IMPREVISTOS E CONTINGÊNCIAS | C18: =+B18/$B$19 -> 0 | D18: =B18/$K$5 -> 0 | G18: =D18-F18 -> 0
A19: TOTAL | B19: =SUM(B2:B18) -> 5843420.8 | C19: =SUM(C2:C18) -> 1 | D19: =SUM(D2:D18) -> 5794.5726 | F19: =SUM(F2:F18) -> 4170.8155
A20: CUB/SC | B20: 2623.42 | C20: 44896 | D20: =+D19/B20 -> 2.2087857 | F20: =+F19/C20 -> 0.09289949
