Workbook

Sheet Orçamento Resumo
A1: Etapa | B1: Valor Orçado | C1: % | D1: Valor / m² | E1: Valor / AP
A2: GERENCIAMENTO TÉCNICO E ADMINISTRATIVO | B2: 5396049.2 | C2: =+B2/$B$19 -> 0.3220228 | D2: =B2/$I$5 -> 1223.4552 | E2: =+B2/$I$7 -> 149890.26
A3: MOVIMENTAÇÃO DE TERRA | B3: 25773.05 | C3: =+B3/$B$19 -> 0.0015380715 | D3: =B3/$I$5 -> 5.8435665 | E3: =+B3/$I$7 -> 715.91806
A4: INFRAESTRUTURA | B4: 440323.78 | C4: =+B4/$B$19 -> 0.026277428 | D4: =B4/$I$5 -> 99.835343 | E4: =+B4/$I$7 -> 12231.216
A5: SUPRAESTRUTURA | B5: 2662475.9 | C5: =+B5/$B$19 -> 0.15888994 | D5: =B5/$I$5 -> 603.66758 | E5: =+B5/$I$7 -> 73957.663 | I5: 4410.5
A6: ALVENARIA, VEDAÇÕES E DIVISÓRIAS | B6: 399570.28 | C6: =+B6/$B$19 -> 0.023845361 | D6: =B6/$I$5 -> 90.595234 | E6: =+B6/$I$7 -> 11099.174
A7: INSTALAÇÕES ELÉTRICAS, HIDROSSANITÁRIAS, PREVENTIVAS E GLP | B7: 1835642.4 | C7: =+B7/$B$19 -> 0.10954657 | D7: =B7/$I$5 -> 416.19825 | E7: =+B7/$I$7 -> 50990.066 | I7: 36
A8: SISTEMAS ESPECIAIS E EQUIPAMENTOS | B8: 742188.93 | C8: =+B8/$B$19 -> 0.04429199 | D8: =B8/$I$5 -> 168.27773 | E8: =+B8/$I$7 -> 20616.359
A9: IMPERMEABILIZAÇÃO | B9: 181594.03 | C9: =+B9/$B$19 -> 0.01083708 | D9: =B9/$I$5 -> 41.173116 | E9: =+B9/$I$7 -> 5044.2786
A10: REVESTIMENTOS INTERNOS EM PISO E PAREDE | B10: 586101.12 | C10: =+B10/$B$19 -> 0.034977057 | D10: =B10/$I$5 -> 132.88768 | E10: =+B10/$I$7 -> 16280.587 | I10: área de ap | J10: 57.65
A11: REVESTIMENTOS E ACABAMENTOS INTERNOS EM TETO | B11: 146644.6 | C11: =+B11/$B$19 -> 0.0087513851 | D11: =B11/$I$5 -> 33.248974 | E11: =+B11/$I$7 -> 4073.4611
A12: ACABAMENTOS EM PISO E PAREDE | B12: 854765.84 | C12: =+B12/$B$19 -> 0.0510103 | D12: =B12/$I$5 -> 193.80248 | E12: =+B12/$I$7 -> 23743.496 | G12: =180*1.1 -> 198
A13: PINTURA INTERNA | B13: 389629.16 | C13: =+B13/$B$19 -> 0.023252099 | D13: =B13/$I$5 -> 88.341267 | E13: =+B13/$I$7 -> 10823.032 | G13: =220*1.1 -> 242
A14: ESQUADRIAS | B14: 1339903.5 | C14: =+B14/$B$19 -> 0.079962109 | D14: =B14/$I$5 -> 303.79855 | E14: =+B14/$I$7 -> 37219.542
A15: REVESTIMENTOS E ACABAMENTOS DE FACHADA | B15: 487518.06 | C15: =+B15/$B$19 -> 0.029093865 | D15: =B15/$I$5 -> 110.53578 | E15: =+B15/$I$7 -> 13542.168
A16: COBERTURA | B16: 47858.86 | C16: =+B16/$B$19 -> 0.0028560977 | D16: =B16/$I$5 -> 10.851119 | E16: =+B16/$I$7 -> 1329.4128
A17: SERVIÇOS COMPLEMENTARES | B17: 1220691.8 | C17: =+B17/$B$19 -> 0.072847848 | D17: =B17/$I$5 -> 276.76947 | E17: =+B17/$I$7 -> 33908.104
A18: IMPREVISTOS E CONTINGÊNCIAS | C18: =+B18/$B$19 -> 0 | D18: =B18/$I$5 -> 0 | E18: =+B18/$I$7 -> 0
A19: TOTAL | B19: =SUM(B2:B18) -> 16756730 | C19: =SUM(C2:C18) -> 1 | D19: =SUM(D2:D18) -> 3799.2814 | E19: =SUM(E2:E18) -> 465464.73
A20: CUB/SC | B20: 2643.16 | C20: 44896 | D20: =+D19/B20 -> 1.4374012 | E20: CUB

Sheet Análise custos
A1: Etapa | B1: Águas (R$/m²) | C1: Obras Similares
A2: ='Orçamento Resumo'!A3 -> MOVIMENTAÇÃO DE TERRA | B2: ='Orçamento Resumo'!D3 -> 5.8435665 | C2: 10,00 - 20,00 | D2: 10 | E2: 20 | F2: 22.987739
A3: ='Orçamento Resumo'!A4 -> INFRAESTRUTURA | B3: ='Orçamento Resumo'!D4 -> 99.835343 | C3: 140,00 - 210,00 | D3: 140 | E3: 210 | F3: 228.06161
A4: ='Orçamento Resumo'!A5 -> SUPRAESTRUTURA | B4: ='Orçamento Resumo'!D5 -> 603.66758 | C4: 580,00 - 630,00 | D4: 580 | E4: 630 | F4: 123.99161
A5: ='Orçamento Resumo'!A6 -> ALVENARIA, VEDAÇÕES E DIVISÓRIAS | B5: ='Orçamento Resumo'!D6 -> 90.595234 | C5: 100,00 - 130,00 | D5: 110 | E5: 130 | F5: 289.94861
A6: ='Orçamento Resumo'!A7 -> INSTALAÇÕES ELÉTRICAS, HIDROSSANITÁRIAS, PREVENTIVAS E GLP | B6: ='Orçamento Resumo'!D7 -> 416.19825 | C6: 300,00 - 350,00 | D6: 300 | E6: 350 | F6: 197.22972
A7: ='Orçamento Resumo'!A8 -> SISTEMAS ESPECIAIS E EQUIPAMENTOS | B7: ='Orçamento Resumo'!D8 -> 168.27773 | C7: 220,00 - 280,00 | D7: 220 | E7: 280 | F7: 36.807138
A8: ='Orçamento Resumo'!A9 -> IMPERMEABILIZAÇÃO | B8: ='Orçamento Resumo'!D9 -> 41.173116 | C8: 40,00 - 50,00 | D8: 40 | E8: 50 | F8: 31.188925
A9: ='Orçamento Resumo'!A10 -> REVESTIMENTOS INTERNOS EM PISO E PAREDE | B9: ='Orçamento Resumo'!D10 -> 132.88768 | C9: 160,00 - 200,00 | D9: 160 | E9: 200 | F9: 109.27662
A10: ='Orçamento Resumo'!A11 -> REVESTIMENTOS E ACABAMENTOS INTERNOS EM TETO | B10: ='Orçamento Resumo'!D11 -> 33.248974 | C10: 40,00 - 50,00 | D10: 40 | E10: 50 | F10: 24.127147
A11: ='Orçamento Resumo'!A12 -> ACABAMENTOS EM PISO E PAREDE | B11: ='Orçamento Resumo'!D12 -> 193.80248 | C11: 160,00 - 190,00 | D11: 160 | E11: 190 | F11: 62
A12: ='Orçamento Resumo'!A13 -> PINTURA INTERNA | B12: ='Orçamento Resumo'!D13 -> 88.341267 | C12: 80,00 - 90,00 | D12: 80 | E12: 90 | F12: 48.5
A13: ='Orçamento Resumo'!A14 -> ESQUADRIAS | B13: ='Orçamento Resumo'!D14 -> 303.79855 | C13: 280,00 - 330,00 | D13: 280 | E13: 330 | F13: 117.4524
... A15: ='Orçamento Resumo'!A16 -> COBERTURA | B15: ='Orçamento Resumo'!D16 -> 10.851119 | C15: 5,00 - 10,00 | D15: 5 | E15: 10 | F15: 15.487803
A16: ='Orçamento Resumo'!A17 -> SERVIÇOS COMPLEMENTARES | B16: ='Orçamento Resumo'!D17+'Orçamento Resumo'!D18 -> 276.76947 | C16: 130,00 - 160,00 | D16: 130 | E16: 160 | F16: 120.22821
A17: TOTAL | B17: =SUM(B2:B16) -> 2575.8261 | C17: 2.350,00 - 2.830,00 | D17: =SUM(D2:D16) -> 2345 | E17: =SUM(E2:E16) -> 2830

Sheet Planilha2
C2: São francisco | D2: 11637.74 | E2: m2 | G2: Atlanta | H2: 2295.8 | I2: m2 | L2: Cub abril/19 | M2: Cub out/21 | N2: Variação
C3: 43556 | D3: 44470 | E3: R$/m2 | G3: 43556 | H3: 44470 | I3: R$/m2 | L3: 1848.59 | M3: 2381.05 | N3: =M3/L3 -> 1.2880357
B4: Serviços preliminares | C4: 137870.79 | D4: =C4*$N$3 -> 177582.51 | E4: =D4/$D$2 -> 15.259192 | G4: 44000 | H4: =G4*$N$3 -> 56673.573 | I4: =H4/$H$2 -> 24.685762
B5: Fundação | C5: 792845.7 | D5: =C5*$N$3 -> 1021213.6 | E5: =D5/$D$2 -> 87.750165 | G5: 202131.2 | H5: =G5*$N$3 -> 260352.21 | I5: =H5/$H$2 -> 113.4037
B6: Estrutura | C6: 1075697.2 | D6: =C6*$N$3 -> 1385536.4 | E6: =D6/$D$2 -> 119.05545 | G6: 216705.25 | H6: =G6*$N$3 -> 279124.11 | I6: =H6/$H$2 -> 121.58032
B7: Alvenaria | C7: 1263098.3 | D7: =C7*$N$3 -> 1626915.7 | E7: =D7/$D$2 -> 139.79654 | G7: 244348.48 | H7: =G7*$N$3 -> 314729.58 | I7: =H7/$H$2 -> 137.08928
B8: Impermeabilização | C8: 104564.96 | D8: =C8*$N$3 -> 134683.41 | E8: =D8/$D$2 -> 11.572986 | G8: 38453.88 | H8: =G8*$N$3 -> 49529.972 | I8: =H8/$H$2 -> 21.574167
B9: Revestimento | C9: 985469.46 | D9: =C9*$N$3 -> 1269319.9 | E9: =D9/$D$2 -> 109.06928 | G9: 199597.41 | H9: =G9*$N$3 -> 257088.6 | I9: =H9/$H$2 -> 111.98214
B10: Pisos | C10: 889104.92 | D10: =C10*$N$3 -> 1145198.9 | E10: =D10/$D$2 -> 98.403893 | G10: 130497.38 | H10: =G10*$N$3 -> 168085.29 | I10: =H10/$H$2 -> 73.214257
B11: Mármores e granitos | C11: 90622.66 | D11: =C11*$N$3 -> 116725.23 | E11: =D11/$D$2 -> 10.029888 | G11: 27895.1 | H11: =G11*$N$3 -> 35929.886 | I11: =H11/$H$2 -> 15.650268
B12: Forros | C12: 84135.46 | D12: =C12*$N$3 -> 108369.48 | E12: =D12/$D$2 -> 9.3119008 | G12: 16914.25 | H12: =G12*$N$3 -> 21786.159 | I12: =H12/$H$2 -> 9.4895717
B13: Esquadrias | C13: 668146.88 | D13: =C13*$N$3 -> 860597.07 | E13: =D13/$D$2 -> 73.948814 | G13: 115886.47 | H13: =G13*$N$3 -> 149265.92 | I13: =H13/$H$2 -> 65.016951
B14: Vidros | C14: 0 | D14: =C14*$N$3 -> 0 | E14: =D14/$D$2 -> 0 | G14: 0 | H14: =G14*$N$3 -> 0 | I14: =H14/$H$2 -> 0
B15: Cobertura | C15: 144071.4 | D15: =C15*$N$3 -> 185569.11 | E15: =D15/$D$2 -> 15.94546 | G15: 30879.96 | H15: =G15*$N$3 -> 39774.492 | I15: =H15/$H$2 -> 17.324894
... B21: Serviços complementares | C21: 137000 | D21: =C21*$N$3 -> 176460.9 | E21: =D21/$D$2 -> 15.162815 | G21: 18000 | H21: =G21*$N$3 -> 23184.643 | I21: =H21/$H$2 -> 10.098721
B23: Revestimento externo | C23: 304235.61 | G23: 73010.18
B24: Pintura externa | C24: 151891.25 | G24: 45145
C25: =SUM(C23:C24) -> 456126.86 | D25: =C25*$N$3 -> 587507.7 | E25: =D25/$D$2 -> 50.482972 | G25: =SUM(G23:G24) -> 118155.18 | H25: =G25*$N$3 -> 152188.1 | I25: =H25/$H$2 -> 66.289788
